file	line	kind	key	speaker	english	chinese	note
AR_DE_SUBBAY.TXT	0	hud	MissionDescription		Emden U-Boat Station	埃姆登潜艇基地	
AR_DE_SUBBAY.TXT	2	voice	a2s18_soldier1_1.wav	Soldier1	Soldier: Mein Gott! Sir! Everyone's dead!	士兵：我的天！长官！人全死了！	
AR_DE_SUBBAY.TXT	3	voice	a2s18_Soldier2_1.wav	Soldier2	Soldier: Order from G.G.G. Oberscharfuhrer. Unload the crates.	士兵：反幽灵小组的一名党卫队高级小队长下令，把箱子卸下来。	
AR_DE_SUBBAY.TXT	4	voice	a2s18_soldier1_2.wav	Soldier1	Soldier: Yes sir!	士兵：是，长官！	
AR_DE_SUBBAY.TXT	5	voice	a2s18_rayne1.wav	$	Rayne: How did this...?!	莱恩：这到底是怎么……？！	
AR_DE_SUBBAY.TXT	6	voice	a2s18_rayne2.wav	$	Rayne: New objectives and another target list.	莱恩：新任务，还有一份新的目标名单。	
AR_DE_SUBBAY.TXT	7	voice	a2s18_rayne3.wav	$	"Rayne: ""In the preliminary G.G.G. headquarters at Falkenburg a Nazi officer has your next target list..."	莱恩：“在法尔肯堡的反幽灵小组临时总部，\n一名纳粹军官手里有你的下一份目标名单……	
AR_DE_SUBBAY.TXT	8	voice	a2s18_rayne4.wav	$	"Rayne: ...terminate him and obtain the file."""	莱恩：……干掉他，拿到文件。”	
AR_DE_SUBBAY.TXT	10	hud	OST_Emden		1938 - Emden U-boat Shipyard, Germany.	1938年 - 德国，埃姆登潜艇造船厂	
AR_DE_SUBBAY.TXT	12	hud	ObjectiveFindExit		Find the exit.	找到出口	
AR_GH_BARRACKS.TXT	0	hud	MissionDescription		The Barracks	兵营	
AR_GH_BARRACKS.TXT	2	voice	a2s2_rayne7.wav	$	Rayne: Can't leave yet.	莱恩：现在还不能走。	
AR_GH_BARRACKS.TXT	3	voice	a2s2_rayne8.wav	$	Rayne: I haven't met all the objectives.	莱恩：任务还没全完成。	
AR_GH_BARRACKS.TXT	4	voice	a2s2_rayne9.wav	$	Rayne: There are still targets in this area.	莱恩：这片区域还有目标没解决。	
AR_GH_BARRACKS.TXT	5	voice	a2s2_rayne10.wav	$	Rayne: No, I've got things to do first.	莱恩：不行，我还有事要办。	
AR_GH_BARRACKS.TXT	6	voice	a2s2_rayne11.wav	$	Rayne: No, I'm not done here.	莱恩：不行，这里的事还没完。	
AR_GH_BARRACKS.TXT	8	voice	a2s7_PAVoice2.wav	PAVoice	P.A. Voice: Code Zeus! Repeat: Code Zeus!	广播：宙斯警报！重复，宙斯警报！	
AR_GH_BARRACKS.TXT	9	voice	a2s7_PAVoice3.wav	PAVoice	P.A. Voice: Science lab security breach!  All personnel, abandon pursuit!  Report to the science lab immediately!	广播：科学实验室发生安全事故！所有人员停止追击！立即前往科学实验室！	
AR_GH_BARRACKS.TXT	10	voice	a2s7_PAVoice4.wav	PAVoice	P.A. Voice: Get over here now!  They're loose!  The Daem- aargh!	广播：马上过来！它们跑出来了！那些魔——啊啊啊！	
AR_GH_BARRACKS.TXT	11	voice	a2s7_Daemite2.wav	Daemite	Daemite: Hehehehehe.	魔蛭：嘿嘿嘿嘿嘿。	
AR_GH_BARRACKS.TXT	12	voice	a2s7_rayne5.wav	$	Rayne: Sounds like they have their own problems.  I'm done here.	莱恩：听起来他们自顾不暇了，我这里也办完了。	
AR_GH_BARRACKS.TXT	13	voice	a2s7_rayne6.wav	$	Rayne: I need to get into the basement.  An officer should have what I need.	莱恩：我得进地下室，军官身上应该有我要的东西。	
AR_GH_BARRACKS.TXT	14	voice	a2s7_rayne7.wav	$	Rayne: I should search an officer's body before I go.	莱恩：走之前，得搜一具军官的尸体。	
AR_GH_BARRACKS.TXT	16	voice	a2s7_subofficer4.wav	TargetOfficerKitchen	Officer: What's wrong with you? Kill her! Kill her goddammit!	军官：你们愣着干什么？杀了她！他妈的，杀了她！	
AR_GH_BARRACKS.TXT	18	voice	a2s8_rayne1.wav	$	Rayne: I need a control turnkey for the basement.  I'll worry about that later.	莱恩：要进地下室，我还需要一把控制钥匙。回头再说。	
AR_GH_BARRACKS.TXT	19	voice	a2s8_rayne2.wav	$	Rayne: The turnkey I found should work...	莱恩：我找到的钥匙应该能用……	
AR_GH_BARRACKS.TXT	21	voice	a2s8_soldier1_1.wav	SoldierTrapped1	Soldier: There's the intruder!	士兵：入侵者在那儿！	
AR_GH_BARRACKS.TXT	22	voice	a2s8_soldier2_1.wav	SoldierTrapped2	Soldier: Open the door!	士兵：快开门！	
AR_GH_BARRACKS.TXT	23	voice	a2s8_soldier3_1.wav	SoldierTrapped3	Soldier: I'm trying!  It's jammed.	士兵：我在开！门卡住了！	
AR_GH_BARRACKS.TXT	24	voice	a2s8_soldier2_2.wav	SoldierTrapped2	Soldier: You stay right there Weib!	士兵：你给我站住，女人！	
AR_GH_BARRACKS.TXT	25	voice	a2s8_soldier3_2.wav	SoldierTrapped3	Soldier: It's not working!	士兵：打不开！	
AR_GH_BARRACKS.TXT	26	voice	a2s8_soldier3_3.wav	SoldierTrapped3	Soldier: What are you doing!?	士兵：你在干什么！？	
AR_GH_BARRACKS.TXT	27	voice	a2s8_rayne3.wav	$	Rayne: What does it look like? I'm lowering the lift.	莱恩：这还看不出来？我在把升降台降下去。	
AR_GH_BARRACKS.TXT	28	voice	a2s8_soldier2_3.wav	SoldierTrapped2	Soldier: Turn it off!	士兵：快关掉！	
AR_GH_BARRACKS.TXT	29	voice	a2s8_soldier3_4.wav	SoldierTrapped3	Soldier: I can't!	士兵：我关不了！	
AR_GH_BARRACKS.TXT	30	voice	a2s8_soldier2_4.wav	SoldierTrapped2	Soldier: Stop the lift!  Please!	士兵：停下升降台！求你了！	
AR_GH_BARRACKS.TXT	31	voice	a2s8_soldier3_5.wav	SoldierTrapped3	Soldier: You can't do this!	士兵：你不能这么干！	
AR_GH_BARRACKS.TXT	32	voice	a2s8_rayne4.wav	$	Rayne: You really should pay more attention to safety.  As you know, most accidents in the workplace can be prevented.	莱恩：你们真该多注意安全。要知道，大多数工伤事故其实都能避免。	
AR_GH_BARRACKS.TXT	34	voice	a2s8_soldier1_2.wav	Soldier1	Soldier: Sir!  With all due respect, this is a bad-	士兵：长官！恕我直言，这主意不太——	
AR_GH_BARRACKS.TXT	35	voice	a2s8_JeepOff1.wav	JeepOff	Officer: No one asked you soldier.  Drive!	军官：没人问你，士兵。开车！	
AR_GH_BARRACKS.TXT	36	voice	a2s8_soldier1_3.wav	Soldier1	Soldier: Sir!  We're being shot at!	士兵：长官！有人朝我们开枪！	
AR_GH_BARRACKS.TXT	37	voice	a2s8_JeepOff2.wav	JeepOff	Officer: Stop talking and keep driving!  Go, go, go!	军官：少废话，继续开！快、快、快！	
AR_GH_BARRACKS.TXT	39	hud	ost_alarm		The alarm has been sounded!	警报已拉响！	
AR_GH_BARRACKS.TXT	40	hud	ost_kitchenofficerisdead		Garrison Commander Ruprecht Reiner Eliminated.	已消灭驻军司令鲁普雷希特·赖纳	
AR_GH_BARRACKS.TXT	41	hud	ost_Barracks		Barracks	兵营	
AR_GH_BARRACKS.TXT	42	hud	ost_WarRoom		War Room	作战室	
AR_GH_BARRACKS.TXT	43	hud	ost_Storage		Storage	仓库	
AR_GH_BARRACKS.TXT	44	hud	ost_Armory		Armory	军械库	
AR_GH_BARRACKS.TXT	45	hud	ost_Mess Hall		Mess Hall	食堂	
AR_GH_BARRACKS.TXT	46	hud	ost_Kitchen		Kitchen	厨房	
AR_GH_BARRACKS.TXT	47	hud	ost_Security		Security	警卫室	
AR_GH_BARRACKS.TXT	48	hud	ost_Library		Library	图书馆	
AR_GH_BARRACKS.TXT	49	hud	ost_Elevator		Elevator	电梯	
AR_GH_BARRACKS.TXT	50	hud	ost_Bathroom		Bathroom	浴室	
AR_GH_BARRACKS.TXT	51	hud	ost_Equipment		Equipment Room	装备室	
AR_GH_BARRACKS.TXT	53	hud	ost_key		Found an officer turnkey.	找到一把军官钥匙	
AR_GH_BARRACKS.TXT	55	hud	ObjectiveBarracks		Eliminate Officer	消灭军官	
AR_GH_BARRACKS.TXT	56	hud	ObjectiveToScienceLab		Go to the Science Lab through the Basement.	经地下室前往科学实验室	
AR_GH_BARRACKS.TXT	57	hud	ObjectiveSearch		Seek out targets in other areas.	前往其他区域搜寻目标	
AR_GH_BARRACKS.TXT	58	hud	ObjectiveFindTurnkey		Search an officer to find a basement turnkey.	搜查军官，寻找地下室钥匙	
AR_GH_CHAPEL.TXT	0	hud	MissionDescription		Thule Chapel	图勒礼拜堂	
AR_GH_CHAPEL.TXT	2	voice	a2s2_rayne7.wav	$	Rayne: Can't leave yet.	莱恩：现在还不能走。	
AR_GH_CHAPEL.TXT	3	voice	a2s2_rayne8.wav	$	Rayne: I haven't met all the objectives.	莱恩：任务还没全完成。	
AR_GH_CHAPEL.TXT	4	voice	a2s2_rayne9.wav	$	Rayne: There are still targets in this area.	莱恩：这片区域还有目标没解决。	
AR_GH_CHAPEL.TXT	5	voice	a2s2_rayne10.wav	$	Rayne: No, I've got things to do first.	莱恩：不行，我还有事要办。	
AR_GH_CHAPEL.TXT	6	voice	a2s2_rayne11.wav	$	Rayne: No, I'm not done here.	莱恩：不行，这里的事还没完。	
AR_GH_CHAPEL.TXT	8	voice	a2s7_PAVoice2.wav	PAVoice	P.A. Voice: Code Zeus!  Repeat: Code Zeus!	广播：宙斯警报！重复，宙斯警报！	
AR_GH_CHAPEL.TXT	9	voice	a2s7_PAVoice3.wav	PAVoice	P.A. Voice: Science lab security breach!  All personnel, abandon pursuit!  Report to the science lab immediately!	广播：科学实验室发生安全事故！所有人员停止追击！立即前往科学实验室！	
AR_GH_CHAPEL.TXT	10	voice	a2s7_PAVoice4.wav	PAVoice	P.A. Voice: Get over here NOW!  They're loose!  The Daem- aargh!	广播：马上过来！它们跑出来了！那些魔——啊啊啊！	
AR_GH_CHAPEL.TXT	11	voice	a2s7_Daemite2.wav	Daemite	Daemite: Hehehehehe.	魔蛭：嘿嘿嘿嘿嘿。	
AR_GH_CHAPEL.TXT	12	voice	a2s7_rayne5.wav	$	Rayne: Sounds like they have their own problems.  I'm done here.	莱恩：听起来他们自顾不暇了，我这里也办完了。	
AR_GH_CHAPEL.TXT	13	voice	a2s7_rayne6.wav	$	Rayne: I need to get into the basement.  An officer should have what I need.	莱恩：我得进地下室，军官身上应该有我要的东西。	
AR_GH_CHAPEL.TXT	14	voice	a2s7_rayne7.wav	$	Rayne: I should search an officer's body before I go.	莱恩：走之前，得搜一具军官的尸体。	
AR_GH_CHAPEL.TXT	16	voice	a2s4_rayne1.wav	$	Rayne: What's the shovel for, Von Blut?	莱恩：那把铲子是干什么用的，冯·布鲁特？	
AR_GH_CHAPEL.TXT	17	voice	a2s4_Priest1.wav	Priest	Priest: How-?  Oh, just taking care of a collection from this morning's service.	祭司：你怎么——？哦，只是在处理今早礼拜收上来的一笔“奉献”。	
AR_GH_CHAPEL.TXT	18	voice	a2s4_Priest2.wav	Priest	Priest: But I might find more uses for it.	祭司：不过，它或许还有别的用处。	
AR_GH_CHAPEL.TXT	19	voice	a2s4_rayne2.wav	$	Rayne: I can think of some myself, but they have mostly to do with your backside, preacher.	莱恩：我也想到了几种，基本都得用在你的屁股上，牧师。	
AR_GH_CHAPEL.TXT	20	voice	a2s4_Priest3.wav	Priest	Priest: You ignorant...I am a Thule High priest, not a preacher.	祭司：无知的东西……我是图勒大祭司，不是什么牧师。	
AR_GH_CHAPEL.TXT	21	voice	a2s4_rayne4.wav	$	Rayne: Oversight on my part.  Do forgive me.  And tell me about the relic.	莱恩：是我眼拙，恕罪。现在，跟我说说那件遗物吧。	
AR_GH_CHAPEL.TXT	22	voice	a2s4_Priest6.wav	Priest	Priest: Ahhh, the relic...	祭司：啊……那件遗物……	
AR_GH_CHAPEL.TXT	23	voice	a2s4_Priest7.wav	Priest	Priest: Have a seat, child.  I'll let the light shine on you.	祭司：坐下吧，孩子，让我用圣光开导你。	
AR_GH_CHAPEL.TXT	24	voice	a2s4_Priest8.wav	Priest	Priest: Atlantis...	祭司：亚特兰蒂斯……	
AR_GH_CHAPEL.TXT	25	voice	a2s4_Priest9.wav	Priest	Priest: ...a legendary kingdom.  A superior race with powers beyond our imagination.  An Aryan race.  Pure of blood.  Pristine.	祭司：……传说中的王国。\n那里有一个力量远超我们想象的优等种族：雅利安人。\n血统纯正，完美无瑕。	
AR_GH_CHAPEL.TXT	26	voice	a2s4_Priest10.wav	Priest	Priest: Then the kingdom was lost.  The sea reclaimed it's right.	祭司：后来，王国覆灭，大海收回了属于它的一切。	
AR_GH_CHAPEL.TXT	27	voice	a2s4_Priest11.wav	Priest	Priest: Alas, we have strayed.  Over the centuries, our Aryan race has mixed with those that are impure of blood.	祭司：可悲的是，我们背离了纯正的血统。\n千百年来，雅利安人与那些血统污浊之人不断混杂。	
AR_GH_CHAPEL.TXT	28	voice	a2s4_Priest12.wav	Priest	Priest: But not all is lost.  The greatest Atlantean leader, Beliar, was immortal.  His body scattered in pieces in the destruction of Atlantis.	祭司：但我们还有希望，亚特兰蒂斯最伟大的领袖贝利亚拥有不死之身。\n亚特兰蒂斯毁灭时，他的身体碎裂，散落到了各处。	
AR_GH_CHAPEL.TXT	29	voice	a2s4_Priest13.wav	Priest	Priest: Finally, we have located our great leader's skull.  It is here, buried deep underground.	祭司：如今，我们终于找到了伟大领袖的头骨，它就在这里，深埋在地下。	
AR_GH_CHAPEL.TXT	30	voice	a2s4_Priest14.wav	Priest	Priest: It is the rightful property of the Aryan race.	祭司：它本就该属于雅利安人。	
AR_GH_CHAPEL.TXT	31	voice	a2s4_rayne5.wav	$	Rayne: I'm sure you believe that.  All of it.  Everybody makes mistakes.	莱恩：看得出来，这套鬼话你是一句不落地全信了，谁都有犯蠢的时候。	
AR_GH_CHAPEL.TXT	32	voice	a2s4_Priest18.wav	Priest	Priest: You have doubts?  You question providence?	祭司：你竟敢怀疑？竟敢质疑天意？	
AR_GH_CHAPEL.TXT	33	voice	a2s4_rayne6.wav	$	Rayne: I question harebrained ideas propagated by half-wits like you.	莱恩：我质疑的是你这种白痴到处散播的蠢话。	
AR_GH_CHAPEL.TXT	34	voice	a2s4_Priest19.wav	Priest	Priest: Enough of your insolence.  I will prove Aryan superiority to you.	祭司：放肆！我会亲自向你证明雅利安人的优越。	
AR_GH_CHAPEL.TXT	35	voice	a2s4_rayne7.wav	$	Rayne: Ever heard of overcompensation?	莱恩：听说过“越缺什么，越爱显摆”吗？	
AR_GH_CHAPEL.TXT	36	voice	a2s4_Priest20.wav	Priest	Priest: I will put an end to your impudent prattle.	祭司：我要让你再也说不出这些狂言。	
AR_GH_CHAPEL.TXT	37	voice	a2s4_rayne8.wav	$	Rayne: I don't think so.  You just won't be around to hear it anymore.	莱恩：恐怕没戏，倒是你，很快就听不见了。	
AR_GH_CHAPEL.TXT	38	voice	a2s4_Priest22.wav	Priest	Priest: I'm going to splatter your brains all over the walls.	祭司：我要把你的脑浆涂满整面墙！	
AR_GH_CHAPEL.TXT	39	voice	a2s4_rayne9.wav	$	Rayne: Oh, you're all talk.	莱恩：得了吧，你也就嘴上厉害。	
AR_GH_CHAPEL.TXT	40	voice	a2s4_Priest23.wav	Priest	Priest: Contemptuous bitch!	祭司：狂妄的婊子！	
AR_GH_CHAPEL.TXT	41	voice	a2s4_Priest24.wav	Priest	Priest: Return to hell, you demon!	祭司：滚回地狱去吧，恶魔！	
AR_GH_CHAPEL.TXT	42	voice	a2s4_rayne11.wav	$	Rayne: You'll have to try a little harder.  I'm still not convinced.	莱恩：再加把劲儿吧，我还是不怎么信服。	
AR_GH_CHAPEL.TXT	44	voice	a2s4_rayne12.wav	$	Rayne: It will be very warm where you're headed.	莱恩：放心，你要去的地方暖和得很。	
AR_GH_CHAPEL.TXT	45	voice	a2s4_rayne13.wav	$	Rayne: Maybe there's some paperwork on all the hogwash he's been rattling on about.	莱恩：他刚才念叨了那么多鬼话，说不定还留下了什么文件。	
AR_GH_CHAPEL.TXT	47	voice	a2s4_rayne14.wav	$	Rayne: I should search more thoroughly.	莱恩：得再仔细搜搜。	
AR_GH_CHAPEL.TXT	49	voice	a2s4_rayne15.wav	$	Rayne: Not bad.	莱恩：不错。	
AR_GH_CHAPEL.TXT	50	voice	a2s4_rayne16.wav	$	Rayne: And what do we have here: occult writings on Atlantis and Beliar.  At least he was organized.	莱恩：看看我找到了什么：\n亚特兰蒂斯和贝利亚的神秘学资料。\n至少这家伙还挺会整理。	
AR_GH_CHAPEL.TXT	51	voice	a2s4_rayne17.wav	$	Rayne: Time to radio Brimstone Society.	莱恩：该联络硫磺会了。	
AR_GH_CHAPEL.TXT	53	hud	ost_thulepriestisdead		Thule High Priest Von Blut Eliminated.	已消灭图勒大祭司冯·布鲁特	
AR_GH_CHAPEL.TXT	54	hud	ost_Brig		Brig	禁闭室	
AR_GH_CHAPEL.TXT	55	hud	ost_Chapel		Chapel	礼拜堂	
AR_GH_CHAPEL.TXT	56	hud	ost_key		Found an officer turnkey.	找到一把军官钥匙	
AR_GH_CHAPEL.TXT	57	hud	ost_RageAttack1		You have gained Rage Attack. Press @@bloodRageButtonName@@ and @@action1ButtonName@@ to execute a powerful Rage Attack.	你已获得狂怒攻击。按@@bloodRageButtonName@@和@@action1ButtonName@@发动威力强大的狂怒攻击	
AR_GH_CHAPEL.TXT	58	hud	ost_RageAttack2		Rage Attacks consume roughly one-third of your Bloodlust energy.	狂怒攻击大约会消耗三分之一的嗜血能量	
AR_GH_CHAPEL.TXT	61	hud	ObjectiveChapel		Eliminate Officer	消灭军官	
AR_GH_CHAPEL.TXT	62	hud	ObjectiveRadio		Transmit relic information to Brimstone Society.	将遗物情报传送给硫磺会	
AR_GH_CHAPEL.TXT	63	hud	ObjectiveSearch		Seek out targets in other areas.	前往其他区域搜寻目标	
AR_GH_CHAPEL.TXT	64	hud	ObjectiveFindDocuments		Search Thule priest for documents.	搜查图勒祭司，寻找文件	
AR_GH_CHAPEL.TXT	65	hud	ObjectiveFindTurnkey		Search an officer to find a basement turnkey.	搜查军官，寻找地下室钥匙	
AR_GH_EXTBASE.TXT	0	hud	MissionDescription		Dante's Inferno	但丁地狱	
AR_GH_EXTBASE.TXT	2	voice	a2s15_rayne14.wav	$	Rayne: Follow the tracks Rayne!  And...don't...look...back!	莱恩：沿着轨道走，莱恩！千万……别……回头！	
AR_GH_EXTBASE.TXT	3	voice	a2s15_rayne15.wav	$	Rayne: Get up!  Get up!	莱恩：起来！快起来！	
AR_GH_EXTBASE.TXT	4	voice	a6s1_rayne185.wav	$	Rayne: Up! Better get up!	莱恩：起来！最好赶紧起来！	
AR_GH_EXTBASE.TXT	6	voice	a2s16_soldier1_1.wav	Soldier1	Soldier: What's that noise?	士兵：什么声音？	
AR_GH_EXTBASE.TXT	7	voice	a2s16_Soldier2_1.wav	Soldier2	Soldier: It's coming from the mineshaft.	士兵：是矿井里传来的。	
AR_GH_EXTBASE.TXT	8	voice	a2s16_Soldier3_8.wav	Soldier3	Soldier: Ahhhhh!	士兵：啊啊啊啊！	
AR_GH_EXTBASE.TXT	9	voice	a2s16_Soldier2_2.wav	Soldier2	Soldier: Get the hell out of here!  Shnell, mach, schnell!	士兵：快他妈离开这里！快，快跑！	
AR_GH_EXTBASE.TXT	11	hud	ObjectiveFindExit		Escape to the excavation shaft.	逃往挖掘竖井	
AR_GH_INTEL.TXT	0	hud	MissionDescription		Communication Breakdown	通信中断	
AR_GH_INTEL.TXT	2	voice	a2s2_rayne7.wav	$	Rayne: Can't leave yet.	莱恩：现在还不能走。	
AR_GH_INTEL.TXT	3	voice	a2s2_rayne8.wav	$	Rayne: I haven't met all the objectives.	莱恩：任务还没全完成。	
AR_GH_INTEL.TXT	4	voice	a2s2_rayne9.wav	$	Rayne: There are still targets in this area.	莱恩：这片区域还有目标没解决。	
AR_GH_INTEL.TXT	5	voice	a2s2_rayne10.wav	$	Rayne: No, I've got things to do first.	莱恩：不行，我还有事要办。	
AR_GH_INTEL.TXT	6	voice	a2s2_rayne11.wav	$	Rayne: No, I'm not done here.	莱恩：不行，这里的事还没完。	
AR_GH_INTEL.TXT	8	hud	a2s7_PAVoice2	PAVoice	>(Code Zeus! Repeat: Code Zeus!)<	>(宙斯警报！重复，宙斯警报！)<	
AR_GH_INTEL.TXT	9	hud	a2s7_PAVoice3	PAVoice	>(Science lab security breach!  All personnel abandon pursuit!  Report to the science lab immediately!)<	>(科学实验室发生安全事故！所有人员停止追击！立即前往科学实验室！)<	
AR_GH_INTEL.TXT	10	hud	a2s7_PAVoice4	PAVoice	>(Get over here now- aargh!)<	>(马上过来——啊啊啊！)<	
AR_GH_INTEL.TXT	11	hud	a2s7_rayne5	$	Sounds like they have their own problems.  I'm done here.	听起来他们自顾不暇了，我这里也办完了。	
AR_GH_INTEL.TXT	12	hud	a2s7_rayne6	$	I need to get into the basement.  An officer should have what I need.	我得进地下室，军官身上应该有我要的东西。	
AR_GH_INTEL.TXT	13	hud	a2s7_rayne7	$	I should search an officer's body before I go.	走之前，得搜一具军官的尸体。	
AR_GH_INTEL.TXT	15	hud	ost_alarm		The alarm has been sounded!	警报已拉响！	
AR_GH_INTEL.TXT	16	hud	ost_explosives		Found explosives.	找到炸药	
AR_GH_INTEL.TXT	17	hud	ost_intelofficerisdead		Major General of Intelligence J. A. Cotter Eliminated.	已消灭情报少将J. A. 科特	
AR_GH_INTEL.TXT	18	hud	ost_commofficerisdead		Target: Comm Officer Eliminated.	目标：已消灭通信军官	
AR_GH_INTEL.TXT	19	hud	ost_Comm Room		Comm Room	通信室	
AR_GH_INTEL.TXT	20	hud	ost_Library		Library	图书馆	
AR_GH_INTEL.TXT	21	hud	ost_Elevator		Elevator	电梯	
AR_GH_INTEL.TXT	23	voice	a5s5_rayne128.wav	$	He took the battery.	他把电池拿走了。	
AR_GH_INTEL.TXT	24	voice	a5s5_rayne129.wav	$	The battery's missing.	电池不见了。	
AR_GH_INTEL.TXT	26	voice	a6s1_rayne156.wav	$	He took the battery.	他把电池拿走了。	
AR_GH_INTEL.TXT	27	voice	a6s1_rayne157.wav	$	The battery's missing.	电池不见了。	
AR_GH_INTEL.TXT	29	voice	a2s3_IntelOff1.wav	IntelOff	Officer: Generalstabsinformationen Cotter to Science lab.  Status Report.	军官：总参谋部情报官科特呼叫科学实验室。报告情况。	
AR_GH_INTEL.TXT	30	voice	a2s3_Radiovoice1.wav	IntelOff	Radio voice: Security issues in science lab still present.	无线电：科学实验室的安全问题仍未解决。	
AR_GH_INTEL.TXT	31	voice	a2s3_IntelOff2.wav	IntelOff	Officer: Why don't you do something about it?	军官：那你们倒是想办法解决啊！	
AR_GH_INTEL.TXT	32	voice	a2s3_Radiovoice2.wav	IntelOff	Radio voice: We're trying sir.  The...subjects seem to be...planning something.	无线电：我们正在处理，长官。那些……实验体好像在……密谋什么。	
AR_GH_INTEL.TXT	33	voice	a2s3_IntelOff3.wav	IntelOff	Officer: That's ridiculous.  Where's Schmitt?	军官：胡说八道。施密特在哪儿？	
AR_GH_INTEL.TXT	34	voice	a2s3_Radiovoice3.wav	IntelOff	Radio voice: I can't tell you.	无线电：我不能告诉您。	
AR_GH_INTEL.TXT	35	voice	a2s3_IntelOff4.wav	IntelOff	Officer: I'm your superior officer.  You tell me right now where Schmitt is.	军官：我是你的上级。立刻告诉我施密特在哪儿。	
AR_GH_INTEL.TXT	36	voice	a2s3_Radiovoice4.wav	IntelOff	Radio voice: I'm sorry sir, but I can't tell you.  Not because I don't want to, but because I don't know.	无线电：抱歉，长官，我没法告诉您。不是我不想说，是我也不知道。	
AR_GH_INTEL.TXT	37	voice	a2s3_IntelOff5.wav	IntelOff	Officer: Stop babbling.  Is Gegengruppenfuhrer Wulf aware of the situation?	军官：别啰唆了，反幽灵小组首领沃尔夫知道这里的情况吗？	
AR_GH_INTEL.TXT	38	voice	a2s3_Radiovoice5.wav	IntelOff	Radio voice: He is.	无线电：知道。	
AR_GH_INTEL.TXT	39	voice	a2s3_IntelOff6.wav	IntelOff	Officer: Does this man never leave?	军官：那家伙就从来不走吗？	
AR_GH_INTEL.TXT	40	voice	a2s3_Radiovoice6.wav	IntelOff	Radio voice: I could ask him.	无线电：我可以替您问问。	
AR_GH_INTEL.TXT	41	voice	a2s3_IntelOff7.wav	IntelOff	Officer: Don't you...just be quiet.  Stay where you are.  Man the radio.  Make sure it doesn't walk away.	军官：你别……算了，闭嘴。待在原地，守好无线电，别让它长腿跑了。	
AR_GH_INTEL.TXT	42	voice	a2s3_Radiovoice7.wav	IntelOff	Radio voice: Jawohl.	无线电：遵命。	
AR_GH_INTEL.TXT	43	voice	a2s3_IntelOff8.wav	IntelOff	Officer: That is all.  Over and out.	军官：就这样。通话结束。	
AR_GH_INTEL.TXT	45	voice	a2s3_IntelOff9.wav	IntelOff	Officer: Status Report.	军官：报告情况。	
AR_GH_INTEL.TXT	46	voice	a2s3_IntelOff10.wav	IntelOff	Officer: Generalstabsinformationen Cotter to Science lab: status report.	军官：总参谋部情报官科特呼叫科学实验室，报告情况。	
AR_GH_INTEL.TXT	47	voice	a2s3_IntelOff11.wav	IntelOff	Officer: Dammit, Kassel.  This is it.  I'm writing you up this time.	军官：该死的，卡塞尔。你完了，这次我一定要处分你。	
AR_GH_INTEL.TXT	49	voice	a2s3_IntelOff12.wav	IntelOff	Officer: You!  Who are you?!  What are you doing here?	军官：你！你是谁？！来这里干什么？	
AR_GH_INTEL.TXT	50	voice	a2s3_rayne1.wav	$	Rayne: I'm hungry.  Got a minute?	莱恩：我饿了，能管你借几分钟吗？	
AR_GH_INTEL.TXT	51	voice	a2s3_IntelOff13.wav	IntelOff	Officer: You impudent bitch.  You'll get yours.  Intruder!  Alarm!  Alarm!	军官：无礼的婊子，你会付出代价的！有入侵者！拉警报！警报！	
AR_GH_INTEL.TXT	53	voice	a2s5_rayne1.wav	$	Rayne: At least I found the radio.	莱恩：至少无线电找到了。	
AR_GH_INTEL.TXT	54	voice	a2s5_rayne2.wav	$	Rayne: I should contact Brimstone and let 'em know what I found out.	莱恩：该联系硫磺会，把我的发现告诉他们。	
AR_GH_INTEL.TXT	55	voice	a2s5_rayne3.wav	$	Rayne: Rayne to DarkMan.  Come in.	莱恩：莱恩呼叫暗影人，听到请回答。	
AR_GH_INTEL.TXT	56	voice	a2s5_Darkman1.wav	$	DarkMan: Receiving.  Go ahead.	暗影人：收到，请讲。	
AR_GH_INTEL.TXT	57	voice	a2s5_rayne4.wav	$	Rayne: I found documentation on the relic.  You were right.  They're up to something big.	莱恩：我找到了遗物的资料。你说得没错，他们在谋划一件大事。	
AR_GH_INTEL.TXT	58	voice	a2s5_Darkman2.wav	$	DarkMan: Well done.  Now continue with target termination.  And try to obtain the relic.  We can't let them get to it first.	暗影人：干得好。继续清除名单上的目标，并设法拿到遗物，不能让他们抢先。	
AR_GH_INTEL.TXT	59	voice	a2s5_rayne5.wav	$	Rayne: Roger.	莱恩：明白。	
AR_GH_INTEL.TXT	60	voice	a2s5_Darkman3.wav	$	DarkMan: One more thing.  Destroy the communications center.  We can't have them radioing for help.  Good luck.  Over and out.	暗影人：还有一件事，摧毁通信中心，不能让他们发报求援。祝你好运。通话结束。	
AR_GH_INTEL.TXT	61	voice	a2s5_rayne6.wav	$	Rayne: The armory should have some explosives.	莱恩：军械库里应该有炸药。	
AR_GH_INTEL.TXT	62	voice	a2s5_rayne7.wav	$	Rayne: Explosives would be nice.	莱恩：来点炸药就好了。	
AR_GH_INTEL.TXT	63	voice	a2s5_DaemiteVoice1.wav	DaemiteVoice	Daemite Voice: Science Lab to Guardhouse: I will eat your face.	魔蛭的声音：科学实验室呼叫警卫室：我要吃掉你的脸。	
AR_GH_INTEL.TXT	64	voice	a2s5_DaemiteVoice2.wav	DaemiteVoice	Daemite Voice: Hehehehehe.	魔蛭的声音：嘿嘿嘿嘿嘿。	
AR_GH_INTEL.TXT	65	voice	a2s5_rayne12.wav	$	Rayne: What the-?	莱恩：搞什——？	
AR_GH_INTEL.TXT	67	voice	a2s5_rayne13.wav	$	Rayne: Rise and shine beautiful!	莱恩：起床了，美人儿！	
AR_GH_INTEL.TXT	68	voice	a2s5_SleepOff1.wav	SleepOff	Officer: Ha?  Who?  Who goes there?!	军官：啊？谁？谁在那里？！	
AR_GH_INTEL.TXT	69	voice	a2s5_rayne14.wav	$	Rayne: Nighty night.	莱恩：晚安。	
AR_GH_INTEL.TXT	71	voice	a2s14_rayne7.wav	$	Rayne: All set...better back up.	莱恩：准备好了……最好离远点。	
AR_GH_INTEL.TXT	73	voice	a5s5_rayne81.wav	$	Rayne: Not yet.	莱恩：还不行。	
AR_GH_INTEL.TXT	74	voice	a6s1_rayne163.wav	$	Rayne: Still too many enemies nearby.	莱恩：附近的敌人太多了。	
AR_GH_INTEL.TXT	76	hud	ost_key		Found an officer turnkey.	找到一把军官钥匙	
AR_GH_INTEL.TXT	77	hud	ost_GotBattery		Found the elevator power supply.	找到电梯电源	
AR_GH_INTEL.TXT	78	hud	ost_PowerUp		Gained Level 5 Normal Attack.	普通攻击提升至5级	
AR_GH_INTEL.TXT	80	hud	ObjectiveIntel		Eliminate Officer	消灭军官	
AR_GH_INTEL.TXT	81	hud	ObjectiveRadio		Transmit relic information to Brimstone Society.	将遗物情报传送给硫磺会	
AR_GH_INTEL.TXT	82	hud	ObjectiveBlow		Destroy the primary communications stack.	摧毁主通信设备	
AR_GH_INTEL.TXT	83	hud	ObjectiveBatteryGuy		Find the power supply for the elevator.	寻找电梯电源	
AR_GH_INTEL.TXT	84	hud	ObjectiveActivateLift		Activate the elevator.	启动电梯	
AR_GH_INTEL.TXT	86	hud	ObjectiveToScienceLab		Go to the Science Lab through the Basement.	经地下室前往科学实验室	
AR_GH_INTEL.TXT	87	hud	ObjectiveSearch		Seek out targets in other areas.	前往其他区域搜寻目标	
AR_GH_INTEL.TXT	88	hud	ObjectiveFindTurnkey		Search an officer to find a basement turnkey.	搜查军官，寻找地下室钥匙	
AR_GH_INTEL.TXT	91	voice	soldier-ambient-ggg-1-1.wav	Soldier1			
AR_GH_INTEL.TXT	92	voice	Soldier-Ambient-ggg-2-1.wav	Soldier2			
AR_GH_INTEL.TXT	93	voice	soldier-ambient-ggg-1-2.wav	Soldier1			
AR_GH_INTEL.TXT	94	voice	Soldier-Ambient-ggg-2-2.wav	Soldier2			
AR_GH_INTEL.TXT	95	voice	soldier-ambient-ggg-1-3.wav	Soldier1			
AR_GH_INTEL.TXT	96	voice	Soldier-Ambient-ggg-2-4.wav	Soldier2			
AR_GH_INTEL.TXT	97	voice	Soldier-Ambient-ggg-2-6.wav	Soldier2			
AR_GH_INTEL.TXT	98	voice	soldier-ambient-ggg-1-4.wav	Soldier1			
AR_GH_INTEL.TXT	99	voice	Soldier-Ambient-ggg-2-7.wav	Soldier2			
AR_GH_INTEL.TXT	100	voice	soldier-ambient-ggg-1-5.wav	Soldier1			
AR_GH_SLAVE.TXT	0	hud	MissionDescription		Infiltration and Execution	潜入与处决	
AR_GH_SLAVE.TXT	2	voice	a2s2_rayne7.wav	$	Rayne: Can't leave yet.	莱恩：现在还不能走。	
AR_GH_SLAVE.TXT	3	voice	a2s2_rayne8.wav	$	Rayne: I haven't met all the objectives.	莱恩：任务还没全完成。	
AR_GH_SLAVE.TXT	4	voice	a2s2_rayne9.wav	$	Rayne: There are still targets in this area.	莱恩：这片区域还有目标没解决。	
AR_GH_SLAVE.TXT	5	voice	a2s2_rayne10.wav	$	Rayne: No, I've got things to do first.	莱恩：不行，我还有事要办。	
AR_GH_SLAVE.TXT	6	voice	a2s2_rayne11.wav	$	Rayne: No, I'm not done here.	莱恩：不行，这里的事还没完。	
AR_GH_SLAVE.TXT	8	hud	OST_Phoenix		1938 - Phoenix Hotel. Five years later.	1938年 - 凤凰酒店，五年后	
AR_GH_SLAVE.TXT	9	hud	OST_Argentina		1938 - Somewhere on the coast of Argentina.	1938年 - 阿根廷海岸某处	
AR_GH_SLAVE.TXT	11	hud	OST_Extruded		Extruded view = @@visionExtrudedButtonName@@	远距视觉 = @@visionExtrudedButtonName@@	
AR_GH_SLAVE.TXT	12	hud	OST_Extruded2		Press @@moveAxis@@ to zoom in and out.  This mode is great for sniping.  Press @@turnAxis@@ to turn/look.	按@@moveAxis@@拉近或拉远视野，这个模式很适合狙击。按@@turnAxis@@转身或观察	
AR_GH_SLAVE.TXT	13	hud	OST_Normal		Normal vision = @@visionNormalButtonName@@	普通视觉 = @@visionNormalButtonName@@	
AR_GH_SLAVE.TXT	14	hud	OST_Dilated		You now have Dilated Perception. Press @@visionDilatedButtonName@@ to activate.	你已获得延时感知，按@@visionDilatedButtonName@@启动	
AR_GH_SLAVE.TXT	15	hud	OST_Dilated2		This slows the entire world down, making it easier for Rayne to fight hand-to-hand and allowing her to literally dodge bullets.	该能力会让整个世界慢下来，让莱恩更容易近身搏斗，甚至能直接躲开子弹。	
AR_GH_SLAVE.TXT	16	hud	OST_FeedStrong		Rayne can only feed on stronger victims when their aura is red.	面对较强的敌人时，只有当对方的气场变成红色，莱恩才能吸血。	
AR_GH_SLAVE.TXT	17	hud	OST_FeedStrong2		The aura will be red if the victim is scared, low in health, or surprised.	敌人受到惊吓、生命垂危或被打个措手不及时，气场就会变成红色。	
AR_GH_SLAVE.TXT	19	voice	a2s1_Darkman1.wav	$	DarkMan: Did you get the file?	暗影人：文件拿到了吗？	
AR_GH_SLAVE.TXT	20	voice	a2s1_rayne1.wav	$	Rayne: In my hands.	莱恩：就在我手里。	
AR_GH_SLAVE.TXT	21	voice	a2s1_Darkman2.wav	$	Darkman : Our sources tell us that all of these targets are in one place right now.	暗影人：据可靠消息，名单上的目标现在都集中在一个地方。	
AR_GH_SLAVE.TXT	22	voice	a2s1_Darkman3.wav	$	Darkman : A huge sub bay and mining facility on the coast of Argentina.	暗影人：阿根廷海岸的一座大型潜艇船坞和采矿基地。	
AR_GH_SLAVE.TXT	23	voice	a2s1_Darkman4.wav	$	DarkMan: The Nazis have been reinforcing the base for the last fifteen years.  It's almost impossible to get in.  But we have no choice.  You're the only one we've got that can breach their defenses.	暗影人：纳粹花了十五年加固那座基地，几乎没人进得去，但我们别无选择。\n能突破他们防线的，只有你。	
AR_GH_SLAVE.TXT	24	voice	a2s1_Darkman5.wav	$	DarkMan: We heard rumors the Nazis are closing in on a lost relic with immense powers.  We need more information.  We're sending you to South America.	暗影人：有传闻说，纳粹就快找到一件威力惊人的失落遗物了。\n我们需要更多情报，所以要派你去南美洲。	
AR_GH_SLAVE.TXT	25	voice	a2s1_Darkman6.wav	$	DarkMan: Find out what you can about this relic and report back to us.	暗影人：查清那件遗物的底细，然后向我们报告。	
AR_GH_SLAVE.TXT	26	voice	a2s1_rayne5.wav	$	Rayne: How do I contact you?	莱恩：怎么联系你？	
AR_GH_SLAVE.TXT	27	voice	a2s1_Darkman19.wav	$	DarkMan: Use the Nazi's communications center.	暗影人：用纳粹的通信中心。	
AR_GH_SLAVE.TXT	28	voice	a2s1_rayne6.wav	$	Rayne: Understood.	莱恩：明白。	
AR_GH_SLAVE.TXT	29	voice	a2s1_Darkman20.wav	$	DarkMan: One more thing; the Nazis have organized a special task force...	暗影人：还有一件事，纳粹组建了一支特别行动队……	
AR_GH_SLAVE.TXT	30	voice	a2s1_Darkman21.wav	$	DarkMan: ...called the G.G.G., or Gegengeist Gruppe.	暗影人：……叫G.G.G.，全称Gegengeist Gruppe。	
AR_GH_SLAVE.TXT	31	voice	a2s1_rayne7.wav	$	"Rayne: ""Anti-ghost group""?"	莱恩：“反幽灵小组”？	
AR_GH_SLAVE.TXT	32	voice	a2s1_Darkman22.wav	$	DarkMan: Literally, yes.	暗影人：按字面翻，就是这个意思。	
AR_GH_SLAVE.TXT	33	voice	a2s1_Darkman23.wav	$	DarkMan: The G.G.G. was established to experiment in the occult.  Anything that could help Hitler succeed.	暗影人：反幽灵小组专门进行神秘学实验，研究一切可能帮助希特勒获胜的东西。	
AR_GH_SLAVE.TXT	34	voice	a2s1_Darkman24.wav	$	DarkMan: Their leader and founder is Jurgen Wulf.	暗影人：它的创始人兼首领是尤尔根·沃尔夫。	
AR_GH_SLAVE.TXT	35	voice	a2s1_Darkman25.wav	$	DarkMan: The file you have lists many G.G.G. officers and their S.S. conspirators, including Jurgen Wulf.	暗影人：你拿到的文件里列出了许多反幽灵小组军官，\n以及与他们勾结的党卫队成员，\n其中也包括尤尔根·沃尔夫。	
AR_GH_SLAVE.TXT	36	voice	a2s1_Darkman26.wav	$	DarkMan: You are to eliminate all of these targets to prevent further...supernatural ambitions.	暗影人：你必须清除名单上的所有目标，免得他们继续实现那些……超自然野心。	
AR_GH_SLAVE.TXT	37	voice	a2s1_Darkman27.wav	$	DarkMan: But be careful.  Members of the G.G.G. have been experimentally enhanced and are particularly dangerous.	暗影人：不过要小心，反幽灵小组的成员都接受过实验强化，非常危险。	
AR_GH_SLAVE.TXT	38	voice	a2s1_Darkman28.wav	$	DarkMan: Some may even be surrounded by elite G.G.G. storm troopers.	暗影人：有些人身边甚至还有反幽灵小组的精锐突击队保护。	
AR_GH_SLAVE.TXT	39	voice	a2s1_Darkman29.wav	$	DarkMan: We've noted these members with a G.G.G. symbol on your list.	暗影人：这些人已经在名单上用反幽灵小组的标志注明了。	
AR_GH_SLAVE.TXT	40	voice	a2s1_Darkman30.wav	$	DarkMan: Good luck.  And Rayne?  Watch yourself.	暗影人：祝你好运。还有，莱恩，当心点。	
AR_GH_SLAVE.TXT	42	voice	a2s2_rayne1.wav	$	Rayne: It's built right into the mountain.	莱恩：基地直接修进了山里。	
AR_GH_SLAVE.TXT	43	voice	a2s2_rayne2.wav	$	Rayne: Hard to tell how big the place really is.	莱恩：根本看不出里面到底有多大。	
AR_GH_SLAVE.TXT	44	voice	a2s2_rayne3.wav	$	Rayne: Well father, finally an ability I can use.	莱恩：父亲，你总算留给我一样有用的本事。	
AR_GH_SLAVE.TXT	45	voice	a2s2_rayne4.wav	$	Rayne: Next time, you bastard, I'll steal your life.	莱恩：下次吧，混蛋，下次我会吸干你。	
AR_GH_SLAVE.TXT	46	voice	a2s2_rayne5.wav	$	Rayne: But not today.  Somebody else needs my attention.	莱恩：但不是今天，还有别人等着我招呼。	
AR_GH_SLAVE.TXT	47	voice	a2s2_rayne6.wav	$	Rayne: And there's my invitation.	莱恩：邀请函来了。	
AR_GH_SLAVE.TXT	49	voice	a2s6_rayne1.wav	$	Rayne: The natives are nothing but disposable labor to the Nazis.	莱恩：在纳粹眼里，当地人只是用完就扔的苦力。	
AR_GH_SLAVE.TXT	50	voice	a2s6_rayne2.wav	$	Rayne: But why kill them?  Some sort of uprising?	莱恩：可为什么要杀光他们？难道他们造反了？	
AR_GH_SLAVE.TXT	51	voice	a2s6_Daemite1.wav	Daemite	Daemite: Hehehehehe.	魔蛭：嘿嘿嘿嘿嘿。	
AR_GH_SLAVE.TXT	55	voice	soldier-ambient-joke-1-1.wav	Soldier1	Did I ever tell you about my uncle, the farmer?	我跟你讲过我那个当农夫的叔叔吗？	
AR_GH_SLAVE.TXT	56	voice	soldier-ambient-joke-2-1.wav	Soldier2	No, what about your uncle the farmer?	没有，你那个农夫叔叔怎么了？	
AR_GH_SLAVE.TXT	57	voice	soldier-ambient-joke-1-2.wav	Soldier1	"Well, my uncle's a farmer and has this bull named ""Big"".  Everything about it is perfect.  Except for one thing."	我叔叔养了一头叫“大个子”的公牛，哪儿都好，只有一个毛病。	
AR_GH_SLAVE.TXT	58	voice	soldier-ambient-joke-2-2.wav	Soldier2	Ja, what's that?	哦？什么毛病？	
AR_GH_SLAVE.TXT	59	voice	soldier-ambient-joke-1-3.wav	Soldier1	Its eyes.  They're crossed.  My uncle knew he could win first prize at the local fair if he could only fix the Bull's eyes.	它是斗鸡眼。我叔叔知道，只要把它的眼睛治好，它准能在当地的牲畜展上拿头奖。	
AR_GH_SLAVE.TXT	60	voice	soldier-ambient-joke-1-4.wav	Soldier1	He tried everything to fix it; the vet, home remedies, you name it.	他什么办法都试过，兽医、偏方，能想到的全试了。	
AR_GH_SLAVE.TXT	61	voice	soldier-ambient-joke-2-3.wav	Soldier2	So what did he do?	那他怎么办？	
AR_GH_SLAVE.TXT	62	voice	soldier-ambient-joke-1-5.wav	Soldier1	One day a new farmhand, who wasn't too smart, saw Big and said to my uncle:	有一天，一个脑子不太灵光的新雇工看见“大个子”，就问我叔叔：	
AR_GH_SLAVE.TXT	63	voice	soldier-ambient-joke-1-6.wav	Soldier1	You want I should fix that there bull's eyes for you?	要不我帮你把这头牛的眼睛治好？	
AR_GH_SLAVE.TXT	64	voice	soldier-ambient-joke-1-7.wav	Soldier1	"My uncle said, ""you can fix it?""  To which the farmhand said:"	我叔叔问：“你能治？”那雇工说：	
AR_GH_SLAVE.TXT	65	voice	soldier-ambient-joke-1-8.wav	Soldier1	Sure.  You got a lead pipe?	当然。你有铅管吗？	
AR_GH_SLAVE.TXT	66	voice	soldier-ambient-joke-2-4.wav	Soldier2	A lead pipe you said?	铅管？	
AR_GH_SLAVE.TXT	67	voice	soldier-ambient-joke-1-9.wav	Soldier1	"Yeah.  Being as my uncle he tried everything, he said, ""Yeah, I guess, there's one in the shed.  I'll go get it."""	对。我叔叔反正什么都试过了，就说：“应该有，棚子里放着一根。我去拿。”	
AR_GH_SLAVE.TXT	68	voice	soldier-ambient-joke-1-10.wav	Soldier1	He came back and handed the pipe to the farmhand.  The farmhand took the pipe and shoved it right up Big's ass.	他回来把铅管递给雇工。雇工接过管子，直接塞进了“大个子”的屁股。	
AR_GH_SLAVE.TXT	69	voice	soldier-ambient-joke-2-5.wav	Soldier2	Up his ass?!	塞进屁股？！	
AR_GH_SLAVE.TXT	70	voice	soldier-ambient-joke-1-11.wav	Soldier1	Yeah.  But before my uncle could even say anything, the farmhand blew into the pipe as hard as he could.  Unbelievably, the bull's eyes uncrossed!	对，我叔叔还没反应过来，雇工就对着管子拼命吹。\n你猜怎么着？那头牛的斗鸡眼真好了！	
AR_GH_SLAVE.TXT	71	voice	soldier-ambient-joke-2-6.wav	Soldier2	Scheisse!	我操！	
AR_GH_SLAVE.TXT	72	voice	soldier-ambient-joke-1-12.wav	Soldier1	Wait, wait, I'm not done.  So the next day my uncle wants to take the bull to the fair since its eyes are now fixed.	等等，还没讲完。第二天，眼睛既然治好了，我叔叔就准备把牛牵去参展。	
AR_GH_SLAVE.TXT	73	voice	soldier-ambient-joke-1-13.wav	Soldier1	But when he and the farmhand check the bull that morning, its eyes are crossed again.	结果一早他和雇工去看，那头牛又成了斗鸡眼。	
AR_GH_SLAVE.TXT	74	voice	soldier-ambient-joke-1-14.wav	Soldier1	"My uncle says, ""Let me try that trick."" He takes the lead pipe, shoves it in poor Big's rump, and blows.  Nothing happens.  He tries again.  Still nothing."	我叔叔说：“让我试试那招。”\n他拿起铅管，塞进可怜的“大个子”屁股里，使劲一吹，没反应。\n他又吹了一次，还是没用。	
AR_GH_SLAVE.TXT	75	voice	soldier-ambient-joke-1-15.wav	Soldier1	He tries one more time.  The veins in his forehead and neck bulge, his face turns red, he's blowing that hard.	他又试了一次，吹得额头和脖子青筋暴起，脸都憋红了。	
AR_GH_SLAVE.TXT	76	voice	soldier-ambient-joke-2-7.wav	Soldier2	Let me guess: nothing.	让我猜猜，还是没用。	
AR_GH_SLAVE.TXT	77	voice	soldier-ambient-joke-1-16.wav	Soldier1	Yeah.  So the farmhand says:	没错。于是雇工说：	
AR_GH_SLAVE.TXT	78	voice	soldier-ambient-joke-1-17.wav	Soldier1	Here.  Let me do it.  You're doin' it wrong.	给我吧，我来，你的方法不对。	
AR_GH_SLAVE.TXT	79	voice	soldier-ambient-joke-1-18.wav	Soldier1	He then proceeds to pull the pipe out, turn it around and shove it back in.  The farmhands just about to put his mouth on the filthy pipe end-	说着，他把管子拔出来，掉了个头，又塞了回去。\n就在他准备把嘴凑到那肮脏的管口上时——	
AR_GH_SLAVE.TXT	80	voice	soldier-ambient-joke-2-8.wav	Soldier2	Ugh.	呕。	
AR_GH_SLAVE.TXT	81	voice	soldier-ambient-joke-1-19.wav	Soldier1	"-when my uncle says, ""What the hell are you doing, boy?"" and the farmhand replies:"	——我叔叔问：“你他妈在干什么？”雇工回答：	
AR_GH_SLAVE.TXT	82	voice	soldier-ambient-joke-1-20.wav	Soldier1	You don't think I want your germs do ya?	你总不会想让我沾上你的细菌吧？	
AR_GH_SLAVE.TXT	83	voice	soldier-ambient-joke-2-9.wav	Soldier2	Oh, Christ!	老天！	
AR_GH_SLAVE.TXT	84	voice	soldier-ambient-joke-2-10.wav	Soldier2	That didn't really happen did it?	这不是真的吧？	
AR_GH_SLAVE.TXT	85	voice	soldier-ambient-joke-1-21.wav	Soldier1	It's a joke.	当然不是，是个笑话。	
AR_GH_SLAVE.TXT	86	voice	soldier-ambient-joke-2-11.wav	Soldier2	Oh ja, I heard that one before.	哦，对，我以前听过。	
AR_GH_SLAVE.TXT	87	voice	soldier-ambient-joke-1-22.wav	Soldier1	Wha-?	什——？	
AR_GH_SLAVE.TXT	90	hud	ost_officerdown		Hauptmann Braun Mekay Eliminated.	已消灭布劳恩·梅凯上尉	
AR_GH_SLAVE.TXT	92	hud	ost_Elite1		Elite soldiers can block your blade and harpoon attacks. You can identify them by their uniforms. Weaken them or attack from behind to feed on them.	精锐士兵可以格挡刀刃和鱼叉攻击，你可以通过制服辨认他们。\n先削弱他们，或从背后下手，才能吸食他们。	
AR_GH_SLAVE.TXT	94	hud	ObjectiveRecOfficer		Eliminate Officer	消灭军官	
AR_GH_SLAVE.TXT	95	hud	ObjectiveToScienceLab		Go to the Science Lab through the Basement.	经地下室前往科学实验室	
AR_GH_SLAVE.TXT	96	hud	ObjectiveSearch		Seek out targets in other areas.	前往其他区域搜寻目标	
AR_GH_SLAVE.TXT	97	hud	ObjectiveFindTurnkey		Search an officer to find a basement turnkey.	搜查军官，寻找地下室钥匙	
AR_GH_SLAVE.TXT	98	hud	ObjectiveSearchSub		Seek out targets in the sub bay.	在潜艇船坞搜寻目标	
AR_GH_SLAVE.TXT	99	hud	ObjectiveSearchIntel		Seek out targets in the Communication Center.	在通信中心搜寻目标	
AR_GH_SLAVE.TXT	100	hud	ObjectiveSearchBarracks		Seek out targets in the barracks.	在兵营搜寻目标	
AR_GH_SUBBAY.TXT	0	hud	MissionDescription		The Dock	码头	
AR_GH_SUBBAY.TXT	2	voice	a2s2_rayne7.wav	$	Rayne: Can't leave yet.	莱恩：现在还不能走。	
AR_GH_SUBBAY.TXT	3	voice	a2s2_rayne8.wav	$	Rayne: I haven't met all the objectives.	莱恩：任务还没全完成。	
AR_GH_SUBBAY.TXT	4	voice	a2s2_rayne9.wav	$	Rayne: There are still targets in this area.	莱恩：这片区域还有目标没解决。	
AR_GH_SUBBAY.TXT	5	voice	a2s2_rayne10.wav	$	Rayne: No, I've got things to do first.	莱恩：不行，我还有事要办。	
AR_GH_SUBBAY.TXT	6	voice	a2s2_rayne11.wav	$	Rayne: No, I'm not done here.	莱恩：不行，这里的事还没完。	
AR_GH_SUBBAY.TXT	8	voice	a2s7_PAVoice2.wav	PAVoice	P.A. Voice: Code Zeus! Repeat: Code Zeus!	广播：宙斯警报！重复，宙斯警报！	
AR_GH_SUBBAY.TXT	9	voice	a2s7_PAVoice3.wav	PAVoice	P.A. Voice: Science lab security breach!  All personnel, abandon pursuit! Report to the science lab immediately!	广播：科学实验室发生安全事故！所有人员停止追击！立即前往科学实验室！	
AR_GH_SUBBAY.TXT	10	voice	a2s7_PAVoice4.wav	PAVoice	P.A. Voice: Get over here now!  They're loose!  The Daem- aargh!	广播：马上过来！它们跑出来了！那些魔——啊啊啊！	
AR_GH_SUBBAY.TXT	11	voice	a2s7_Daemite2.wav	Daemite	Daemite: Hehehehehe.	魔蛭：嘿嘿嘿嘿嘿。	
AR_GH_SUBBAY.TXT	12	voice	a2s7_rayne5.wav	$	Rayne: Sounds like they have their own problems.  I'm done here.	莱恩：听起来他们自顾不暇了，我这里也办完了。	
AR_GH_SUBBAY.TXT	13	voice	a2s7_rayne6.wav	$	Rayne: I need to get into the basement.  An officer should have what I need.	莱恩：我得进地下室，军官身上应该有我要的东西。	
AR_GH_SUBBAY.TXT	14	voice	a2s7_rayne7.wav	$	Rayne: I should search an officer's body before I go.	莱恩：走之前，得搜一具军官的尸体。	
AR_GH_SUBBAY.TXT	16	voice	a2s7_PAVoice1.wav	PAVoice	P.A. Voice: Code Artemis!  Intruder Alert!  Kill on sight.  Repeat: Kill intruder on sight.	广播：阿耳忒弥斯警报！发现入侵者！格杀勿论！重复，发现入侵者，格杀勿论！	
AR_GH_SUBBAY.TXT	18	voice	a2s7_rayne1.wav	$	Rayne: One down, two left in this area.	莱恩：干掉一个，这片区域还剩两个。	
AR_GH_SUBBAY.TXT	19	voice	a2s7_rayne2.wav	$	Rayne: Only one to go.	莱恩：只剩最后一个。	
AR_GH_SUBBAY.TXT	21	voice	a2s7_subOfficer1.wav	SubOfficer	Officer: There!  The intruder is at the dock.  Do not allow her to escape!	军官：在那里！入侵者在码头！别让她跑了！	
AR_GH_SUBBAY.TXT	22	voice	a2s7_subOfficer3.wav	SubOfficer	Officer: I've got something for you, little girl.	军官：小姑娘，我给你准备了点好东西。	
AR_GH_SUBBAY.TXT	23	voice	a2s7_subOfficer4.wav	SubOfficer	Officer: What's wrong with you?  Kill her!  Kill her goddammit!	军官：你们愣着干什么？杀了她！他妈的，杀了她！	
AR_GH_SUBBAY.TXT	24	voice	a2s7_subOfficer5.wav	SubOfficer	Officer: What the hell are you!?	军官：你到底是什么鬼东西！？	
AR_GH_SUBBAY.TXT	26	voice	a2s7_subOfficer6.wav	BathroomOfficer	Officer: Heinz?  Have they caught the intruder yet?	军官：海因茨？入侵者抓到了吗？	
AR_GH_SUBBAY.TXT	27	voice	a2s7_subOfficer7.wav	BathroomOfficer	Officer: Who's there?  I asked a question, goddamnit!	军官：谁在那儿？我他妈问你话呢！	
AR_GH_SUBBAY.TXT	28	voice	a2s7_subOfficer8.wav	BathroomOfficer	Officer: Mein Gott!	军官：我的天！	
AR_GH_SUBBAY.TXT	29	voice	a2s7_rayne3.wav	$	Rayne: He won't help you here.	莱恩：他可帮不了你。	
AR_GH_SUBBAY.TXT	30	voice	a2s7_subOfficer9.wav	BathroomOfficer	Officer: Intruder!  Alarm!  Alarm!	军官：入侵者！拉警报！警报！	
AR_GH_SUBBAY.TXT	32	voice	a2s7_subOfficer10.wav	PlatformOfficer	Officer: Alarm!  Execute the ambush!	军官：警报！按计划伏击！	
AR_GH_SUBBAY.TXT	33	voice	a2s7_subOfficer11.wav	PlatformOfficer	Officer: Don't let her get up here!	军官：别让她上来！	
AR_GH_SUBBAY.TXT	34	voice	a2s7_subOfficer12.wav	PlatformOfficer	Officer: Jansen, Hermann!  Cover the catwalk.	军官：扬森、赫尔曼！守住栈桥！	
AR_GH_SUBBAY.TXT	35	voice	a2s7_subOfficer13.wav	PlatformOfficer	Officer: Ready the Panzershrek.	军官：准备“坦克杀手”火箭筒。	
AR_GH_SUBBAY.TXT	36	voice	a2s7_rayne4.wav	$	Rayne: That doesn't sound good.	莱恩：听起来可不妙。	
AR_GH_SUBBAY.TXT	37	voice	a2s7_subOfficer14.wav	PlatformOfficer	Officer: Get me some support on the ground!  Now!	军官：地面支援呢？马上给我派人！	
AR_GH_SUBBAY.TXT	38	voice	a2s7_subOfficer15.wav	PlatformOfficer	Officer: It's only a girl!  Take her down!	军官：她不过是个小姑娘！干掉她！	
AR_GH_SUBBAY.TXT	40	hud	ost_alarm		The alarm has been sounded!	警报已拉响！	
AR_GH_SUBBAY.TXT	41	hud	ost_officer1down		High Engineer Stefan Gustafson eliminated.	已消灭高级工程师斯特凡·古斯塔夫松	
AR_GH_SUBBAY.TXT	42	hud	ost_officer2down		Naval Lieutenant-Commander Nicholaus Reinhardt eliminated.	已消灭海军少校尼古劳斯·莱因哈特	
AR_GH_SUBBAY.TXT	43	hud	ost_officer3down		Lieutenant-Commander Timitheus Tischler eliminated.	已消灭少校蒂米修斯·蒂施勒	
AR_GH_SUBBAY.TXT	45	hud	ost_demodoor		Double-jump (@@jumpButtonName@@ + @@jumpButtonName@@) to kick open locked doors.	连续按两次跳跃键（@@jumpButtonName@@ + @@jumpButtonName@@）踢开上锁的门	
AR_GH_SUBBAY.TXT	47	hud	ost_Security		Security	警卫室	
AR_GH_SUBBAY.TXT	48	hud	ost_SubBay		Sub Bay	潜艇船坞	
AR_GH_SUBBAY.TXT	49	hud	ost_BoilerRoom		Boiler Room	锅炉房	
AR_GH_SUBBAY.TXT	50	hud	ost_Cold Storage		Cold Storage	冷藏库	
AR_GH_SUBBAY.TXT	51	hud	ost_MessHall		Mess Hall	食堂	
AR_GH_SUBBAY.TXT	52	hud	ost_Kitchen		Kitchen	厨房	
AR_GH_SUBBAY.TXT	53	hud	ost_CommRoom		Comm Room	通信室	
AR_GH_SUBBAY.TXT	54	hud	ost_BathRoom		Bathroom	浴室	
AR_GH_SUBBAY.TXT	56	hud	ost_key		Found an officer turnkey.	找到一把军官钥匙	
AR_GH_SUBBAY.TXT	58	hud	ost_PowerUp		Gained Level 5 Normal Attack.	普通攻击提升至5级	
AR_GH_SUBBAY.TXT	60	hud	ObjectiveSub1		Eliminate Officers	消灭军官	
AR_GH_SUBBAY.TXT	61	hud	ObjectiveSub2		Eliminate Naval Lieutenant-Commander Nicholaus Reinhardt.	消灭海军少校尼古劳斯·莱因哈特	
AR_GH_SUBBAY.TXT	62	hud	ObjectiveSub3		Eliminate Lieutenant-Commander Timitheus Tischler.	消灭少校蒂米修斯·蒂施勒	
AR_GH_SUBBAY.TXT	63	hud	ObjectiveToScienceLab		Go to the Science Lab through the Basement.	经地下室前往科学实验室	
AR_GH_SUBBAY.TXT	64	hud	ObjectiveSearch		Seek out targets in other areas.	前往其他区域搜寻目标	
AR_GH_SUBBAY.TXT	65	hud	ObjectiveFindTurnkey		Search an officer to find a basement turnkey.	搜查军官，寻找地下室钥匙	
AR_GH_SUBBAY.TXT	67	hud	introVo1		Argentina Coast, 1938 - Mission briefing: A splinter group of Germany's Nationalist party, the Nazis, has become obsessed with retrieving legendary artifacts of great power, in particular, the skull of a fabled and ancient demon, Beliar.	阿根廷海岸，1938年\n任务简报：德国民族主义政党的一个分裂派系：\n纳粹，沉迷于搜寻传说中威力无穷的遗物，尤其是远古恶魔贝利亚的头骨。	
AR_GH_SUBBAY.TXT	68	hud	introVo2		They believe the Skull lies buried deep in Argentina, and have constructed a fortress there, complete with a U-boat station and mining facility. BloodRayne, we cannot allow the Nazis to gain possession of the Skull of Beliar.	他们相信头骨深埋在阿根廷，\n于是在那里修建了一座要塞，其中包括潜艇基地和采矿设施。\n莱恩，绝不能让纳粹拿到贝利亚之颅。	
AR_GH_SUBBAY.TXT	69	hud	introVo3		There are three officers in command of the Nazi U-boat station. You can identify them by their uniforms. Infiltrate the station and execute them.	纳粹潜艇基地由三名军官共同指挥，你可以通过制服辨认他们。\n潜入基地，处决这三人。	
AR_GH_WRECKED.TXT	0	hud	MissionDescription		Walls of Jericho	耶利哥之墙	
AR_GH_WRECKED.TXT	2	voice	a2s16_soldier1_2.wav	Soldier1			
AR_GH_WRECKED.TXT	3	voice	a2s16_Soldier2_3.wav	Soldier2	Soldier: Oh God!  It hurts!  It hurts!	士兵：上帝啊！疼死我了！疼死我了！	
AR_GH_WRECKED.TXT	4	voice	a2s16_Soldier3_9.wav	Soldier3	Soldier: Oh...my back...	士兵：哦……我的背……	
AR_GH_WRECKED.TXT	5	voice	a2s16_rayne1.wav	$	Rayne: Ungh...I should be dead.  I wish I was.	莱恩：呃……我应该已经死了。真希望我死了。	
AR_GH_WRECKED.TXT	6	voice	a2s16_soldier1_3.wav	Soldier1			
AR_GH_WRECKED.TXT	7	voice	a2s16_Soldier2_4.wav	Soldier2	Soldier: My legs!  They're broken!  Aaaaargggh!  My legs!	士兵：我的腿！腿断了！啊啊啊啊！我的腿！	
AR_GH_WRECKED.TXT	8	voice	a2s16_Soldier3_10.wav	Soldier3	Soldier: ...can't move...can't feel anything...	士兵：……动不了……什么都感觉不到……	
AR_GH_WRECKED.TXT	9	voice	a2s16_rayne2.wav	$	Rayne: Hey sweetie, let me help you ease your pain.	莱恩：亲爱的，让我帮你解脱吧。	
AR_GH_WRECKED.TXT	10	voice	a2s17_rayne1.wav	$	Rayne: My, you're a big one.  Mauler, I presume?	莱恩：哟，块头不小嘛，你就是“重锤”？	
AR_GH_WRECKED.TXT	11	voice	a2s17_Mauler1.wav	Brute	Mauler: GegenGruppenFuhrer Wulf said you might come this way.	重锤：反幽灵小组首领沃尔夫说，你可能会从这里经过。	
AR_GH_WRECKED.TXT	12	voice	a2s17_rayne2.wav	$	Rayne: Where is that elusive jackal?  I always seem to miss him.	莱恩：那只躲躲藏藏的豺狼在哪儿？我怎么每次都扑个空。	
AR_GH_WRECKED.TXT	13	voice	a2s17_Mauler2.wav	Brute	Mauler: Headed back to the Fatherland.	重锤：他已经回祖国了。	
AR_GH_WRECKED.TXT	14	voice	a2s17_rayne3.wav	$	Rayne: He's given up on the relic?	莱恩：他放弃那件遗物了？	
AR_GH_WRECKED.TXT	15	voice	a2s17_Mauler3.wav	Brute	Mauler: What you have is not the only relic.  Foolish little girl.  You know nothing.	重锤：你手里的并不是唯一一件遗物，愚蠢的小丫头，你什么都不知道。	
AR_GH_WRECKED.TXT	16	voice	a2s17_Mauler4.wav	Brute	Mauler: Just like that stupid priest.  He knows nothing but lies.	重锤：就和那个蠢祭司一样，他知道的全是谎言。	
AR_GH_WRECKED.TXT	17	voice	a2s17_Mauler5.wav	Brute	Mauler: The great Beliar is the original devil.  When Mephisto fell from heaven, he usurped Beliar.  When he couldn't destroy him, Mephisto ripped Beliar into a thousand pieces and scattered him in all directions.	重锤：伟大的贝利亚才是最初的魔王。\n墨菲斯托从天堂坠落后，篡夺了贝利亚的地位。\n他杀不了贝利亚，便将他的身体撕成一千块，撒向四面八方。	
AR_GH_WRECKED.TXT	18	voice	a2s17_Mauler6.wav	Brute	Mauler: No one would dare seek them out.	重锤：没人敢去寻找那些碎片。	
AR_GH_WRECKED.TXT	19	voice	a2s17_Mauler7.wav	Brute	Mauler: No one, that is, except Jurgen Wulf and us, his Gegengheist Gruppe.	重锤：除了尤尔根·沃尔夫，还有我们，他的反幽灵小组。	
AR_GH_WRECKED.TXT	20	voice	a2s17_Mauler8.wav	Brute	Mauler: Do you know which relic Wulf is unearthing in castle Gaustadt right now?	重锤：你知道沃尔夫此刻正在高施塔特城堡挖什么吗？	
AR_GH_WRECKED.TXT	21	voice	a2s17_Mauler9.wav	Brute	Mauler: Beliar's black seething heart.  The key to ruling the world is in our own country, and Wulf will control it.	重锤：贝利亚那颗漆黑翻涌的心脏。\n统治世界的钥匙就在我们祖国，而沃尔夫将把它掌握在手中。	
AR_GH_WRECKED.TXT	22	voice	a2s17_rayne8.wav	$	Rayne: Yeah, we'll see about that.	莱恩：是吗？那就走着瞧。	
AR_GH_WRECKED.TXT	23	voice	a2s17_Mauler17.wav	Brute	Mauler: Come down from there!	重锤：从那里下来！	
AR_GH_WRECKED.TXT	24	voice	a2s17_Mauler18.wav	Brute	Mauler: Scared of me?  Come and fight!	重锤：怕我了？下来打啊！	
AR_GH_WRECKED.TXT	25	voice	a2s17_Mauler19.wav	Brute	Mauler: Come down so I can squash you like a bug!	重锤：下来！我要像捏虫子一样捏死你！	
AR_GH_WRECKED.TXT	26	voice	a2s17_Mauler20.wav	Brute	Mauler: I will break you into little pieces.	重锤：我要把你撕成碎片！	
AR_GH_WRECKED.TXT	27	voice	a2s17_rayne9.wav	$	Rayne: Now you did it.  You really scared me.	莱恩：这下糟了，你可真把我吓坏了。	
AR_GH_WRECKED.TXT	28	voice	a2s17_Mauler21.wav	Brute	Mauler: You can't stay up there forever!	重锤：你不可能永远躲在上面！	
AR_GH_WRECKED.TXT	29	voice	a2s17_rayne10.wav	$	Rayne: You're a conversational genius.  Keep it up and  you'll bore me to death.	莱恩：你真会聊天，再说几句，说不定真能把我无聊死。	
AR_GH_WRECKED.TXT	30	voice	a2s17_Mauler22.wav	Brute	Mauler: The time for talk is past.	重锤：废话到此为止。	
AR_GH_WRECKED.TXT	31	voice	a2s17_rayne11.wav	$	Rayne: Boy you're tiresome.  Guess I have no choice but to kick you till you're dead.	莱恩：你可真烦人。没办法，我只能把你踹到断气了。	
AR_GH_WRECKED.TXT	32	voice	a2s17_Mauler23.wav	Brute	Mauler: Hgggh.  Ugnh.	重锤：呃啊……唔……	
AR_GH_WRECKED.TXT	33	voice	a2s17_Mauler24.wav	Brute	Mauler: I can't be beat that easily.	重锤：没那么容易打败我。	
AR_GH_WRECKED.TXT	34	voice	a2s17_rayne12.wav	$	Rayne: And wrong again.	莱恩：又说错了。	
AR_GH_WRECKED.TXT	35	voice	a2s17_rayne13.wav	$	Rayne: There you are.  Payback time.	莱恩：找到你了，该算账了。	
AR_GH_WRECKED.TXT	36	voice	a2s17_rayne14.wav	$			
AR_GH_WRECKED.TXT	37	voice	a2s17_rayne15.wav	$	Rayne: That other sub's my only chance.  I've gotta sneak aboard.	莱恩：另一艘潜艇是我唯一的机会，我得偷偷上去。	
AR_GH_WRECKED.TXT	38	voice	a2s17_soldier1_1.wav	Soldier1	Soldier: Christ!  What happened?	士兵：老天！出什么事了？	
AR_GH_WRECKED.TXT	39	voice	a2s17_Soldier2_1.wav	Soldier2	Soldier: Let's get the hell out of here.  Go get the others.  We'll finish loading the crates.  Now!  Hurry!	士兵：快离开这里！去叫其他人，我们把剩下的箱子装完。快！赶紧！	
AR_GH_WRECKED.TXT	40	voice	a2s17_soldier1_2.wav	Soldier1	Soldier: Yes sir!  Right away sir!	士兵：是，长官！马上就去！	
AR_GH_WRECKED.TXT	41	voice	a2s18_soldier1_1.wav	Soldier1	Soldier: Mein Gott! Sir!  Everyone's dead!	士兵：我的天！长官！人全死了！	
AR_GH_WRECKED.TXT	42	voice	a2s18_Soldier2_1.wav	Soldier2	Soldier: Order from G.G.G. Oberscharfuhrer: unload the crates.	士兵：反幽灵小组的一名党卫队高级小队长下令，把箱子卸下来。	
AR_GH_WRECKED.TXT	43	voice	a2s18_soldier1_2.wav	Soldier1	Soldier: Yes sir!	士兵：是，长官！	
AR_GH_WRECKED.TXT	44	voice	a2s18_rayne1.wav	$	Rayne: How did this...?!	莱恩：这到底是怎么……？！	
AR_GH_WRECKED.TXT	45	voice	a2s18_rayne2.wav	$	Rayne: New objectives and another target list.	莱恩：新任务，还有一份新的目标名单。	
AR_GH_WRECKED.TXT	46	voice	a2s18_rayne3.wav	$	"Rayne: ""In the preliminary G.G.G. headquarters at Falkenburg a Nazi officer has your next target list..."	莱恩：“在法尔肯堡的反幽灵小组临时总部，\n一名纳粹军官手里有你的下一份目标名单……	
AR_GH_WRECKED.TXT	47	voice	a2s18_rayne4.wav	$	"Rayne: ...terminate him and obtain the file."""	莱恩：……干掉他，拿到文件。”	
AR_GH_WRECKED.TXT	49	hud	ObjectiveFindExit		Find the exit.	找到出口	
AR_MB_BARRACKS.TXT	0	hud	MissionDescription		Death's Quarters	死亡营房	
AR_MB_BARRACKS.TXT	2	voice	a2s9_Daemite4.wav	Daemite	Daemite: Hello?	魔蛭：有人吗？	
AR_MB_BARRACKS.TXT	3	voice	a2s9_Daemite5.wav	Daemite	Daemite: Nazis want to come out and play?	魔蛭：纳粹要不要出来玩呀？	
AR_MB_BARRACKS.TXT	4	voice	a2s9_Daemite6.wav	Daemite	Daemite: I'll bite.	魔蛭：我会咬人哦。	
AR_MB_BARRACKS.TXT	5	voice	a2s9_Daemite7.wav	Daemite	Daemite: Heheheheh.	魔蛭：嘿嘿嘿嘿。	
AR_MB_BARRACKS.TXT	6	voice	a2s9_rayne6.wav	$	Rayne: Very attractive.	莱恩：真迷人。	
AR_MB_BARRACKS.TXT	7	voice	a2s9_DaemiteOff1.wav	DaemiteOff	Officer: I'll wear you like lederhosen.	军官：我要把你扒了做成皮裤！	
AR_MB_BARRACKS.TXT	8	voice	a2s9_rayne7.wav	$	Rayne: Whatever you are, you just said the wrong words.	莱恩：不管你是什么东西，这句话都不该说。	
AR_MB_BARRACKS.TXT	9	voice	a2s9_rayne8.wav	$	Rayne: There must be a way through.	莱恩：肯定有路能过去。	
AR_MB_BARRACKS.TXT	10	voice	a2s9_rayne9.wav	$	Rayne: Aaaah!	莱恩：啊啊啊！	
AR_MB_BARRACKS.TXT	11	voice	a2s9_rayne10.wav	$	Rayne: Ugly bastards.  Where'd they come from?	莱恩：丑陋的混蛋。它们是从哪儿冒出来的？	
AR_MB_BARRACKS.TXT	12	voice	a2s9_rayne11.wav	$	Rayne: Salt water.  Of course.	莱恩：盐水。难怪。	
AR_MB_BARRACKS.TXT	13	voice	a2s9_rayne12.wav	$	Rayne: The guns are useless.	莱恩：枪废了。	
AR_MB_BARRACKS.TXT	15	voice	a6s1_rayne195.wav	$	Rayne: I don't know what they were storing down there, but it gunked up my guns.	莱恩：不知道他们在下面存了什么，那些黏东西把我的枪全堵住了。	
AR_MB_BARRACKS.TXT	16	voice	a6s1_rayne196.wav	$	Rayne: They're useless.	莱恩：彻底没用了。	
AR_MB_BARRACKS.TXT	18	hud	ost_daemiteofficerisdead		Brigadier General Major R. Wauher Eliminated	已消灭准将R. 沃赫	
AR_MB_BARRACKS.TXT	20	hud	objectiveOfficer		Eliminate Target	消灭目标	
AR_MB_BARRACKS.TXT	21	hud	objectiveToRooftop		Find East elevator and exit the Barracks.	找到东侧电梯并离开兵营	
AR_MB_BARRACKS.TXT	23	hud	ost_doorcantopen		This door cannot be opened.	这扇门无法打开	
AR_MB_BARRACKS.TXT	24	hud	ost_doorislocked		This door is locked.	这扇门已上锁	
AR_MB_BARRACKS.TXT	25	hud	ost_blank				
AR_MB_BARRACKS.TXT	27	hud	ost_jumpharpoon		Press @@harpoonbitebuttonname@@ while jumping to execute a jump-harpoon attack.	跳跃时按@@harpoonbitebuttonname@@发动跳跃鱼叉攻击	
AR_MB_BOILER.TXT	0	hud	MissionDescription		The Laboratory	实验室	
AR_MB_BOILER.TXT	2	voice	a2s11_Daemite9.wav	Daemite	Daemite: Breathe!  Breathe!	魔蛭：呼吸！呼吸！	
AR_MB_BOILER.TXT	3	voice	a2s11_Daemite10.wav	Daemite	Daemite: Breathe!  Breathe!	魔蛭：呼吸！呼吸！	
AR_MB_BOILER.TXT	4	voice	a2s11_Rayne1.wav	$			
AR_MB_BOILER.TXT	5	voice	a2s11_Daemite11.wav	Daemite	Daemite: Breathe!  Breathe!  BREATHE!	魔蛭：呼吸！呼吸！快呼吸！	
AR_MB_BOILER.TXT	6	voice	a2s11_Daemite12.wav	Daemite	Daemite: Take deep breaths.  Breathe!	魔蛭：深呼吸，呼吸！	
AR_MB_BOILER.TXT	7	voice	a2s11_Daemite13.wav	Daemite	Daemite: Take deep breaths.  TAKE DEEP BREATHS!	魔蛭：深呼吸，快深呼吸！	
AR_MB_BOILER.TXT	8	voice	a2s11_Daemite14.wav	Daemite	Daemite: Work or shower.  Work or shower!  Hahahahahaha!	魔蛭：干活还是洗澡！干活还是洗澡！哈哈哈哈哈哈！	
AR_MB_BOILER.TXT	9	voice	a2s11_Rayne2.wav	$			
AR_MB_BOILER.TXT	10	voice	a2s11_Rayne3.wav	$			
AR_MB_BOILER.TXT	11	voice	a2s11_Daemite15.wav	Daemite	Daemite: Heheheh.	魔蛭：嘿嘿嘿。	
AR_MB_BOILER.TXT	12	voice	a2s11_Rayne4.wav	$	Rayne: Asshole.  Time to get out of here.	莱恩：混蛋，该离开这里了。	
AR_MB_BOILER.TXT	13	voice	a2s11_Rayne5.wav	$	Rayne: Holy shit.  What are they doing down here?	莱恩：我操，他们在下面到底干了什么？	
AR_MB_BOILER.TXT	14	voice	a2s11_Rayne6.wav	$	"Rayne: You must be the mysterious ""Kommando""."	莱恩：你一定就是那个神秘的“突击队长”。	
AR_MB_BOILER.TXT	15	voice	a2s11_Rayne7.wav	$	Rayne: I'm sorry.  Was I talking too fast?  Can't keep the words apart?	莱恩：抱歉，我刚才说太快了？一句都没听明白？	
AR_MB_BOILER.TXT	16	voice	a2s11_Rayne8.wav	$	Rayne: Still thinking about the first thing I said?	莱恩：还在琢磨我说的第一句话？	
AR_MB_BOILER.TXT	17	voice	a2s11_Rayne9.wav	$	Rayne: I'll talk slower.  Read my lips: you're dead.  Any last words?	莱恩：那我说慢点。看清我的嘴：你、死、定、了。还有遗言吗？	
AR_MB_BOILER.TXT	18	voice	a2s11_Rayne10.wav	$	Rayne: I tried.	莱恩：好吧，我尽力了。	
AR_MB_BOILER.TXT	19	voice	a2s11_butcheress1.wav	none	Butcheress: Kommando, Hauptmann Eckstein, rendezvous on the roof!  Our transport will be arriving shortly.	女屠夫：突击队长、埃克施泰因上尉，到屋顶集合！\n运输机很快就到！	
AR_MB_BOILER.TXT	20	voice	a2s11_butcheress2.wav	none	Butcheress: Repeat: meet on the roof immediately.	女屠夫：重复，立即前往屋顶集合！	
AR_MB_BOILER.TXT	21	voice	a2s11_RoofOff1.wav	RoofOff	Officer: I got you now, bitch!  Prepare for a painful death.	军官：抓到你了，婊子！准备受死吧！	
AR_MB_BOILER.TXT	22	voice	a2s11_Rayne11.wav	$	Rayne: Sure.  I'm ready.  Just tell me one thing.  What the hell were you guys thinking when you made those things downstairs?	莱恩：好啊，我准备好了。\n不过先回答我一个问题：你们造出楼下那些玩意儿时，到底在想什么？	
AR_MB_BOILER.TXT	23	voice	a2s11_RoofOff2.wav	RoofOff	Officer: What's it to you?	军官：关你什么事？	
AR_MB_BOILER.TXT	24	voice	a2s11_Rayne13.wav	$	Rayne: I'm just curious.	莱恩：只是好奇。	
AR_MB_BOILER.TXT	25	voice	a2s11_RoofOff3.wav	RoofOff	Officer: Well, you can't say that I don't have a heart.  We didn't make them.  We woke them up when we searched for the skull of Beliar.	军官：你总不能说我没有人情味吧。\n那些东西不是我们造的，我们寻找贝利亚之颅时，把它们吵醒了。	
AR_MB_BOILER.TXT	26	voice	a2s11_RoofOff4.wav	RoofOff	Officer: The Butcher-	军官：屠夫——	
AR_MB_BOILER.TXT	27	voice	a2s11_RoofOff5.wav	RoofOff	Officer: I mean the Doctor, took a special interest in them.	军官：我是说，博士，对它们特别感兴趣。	
AR_MB_BOILER.TXT	28	voice	a2s11_RoofOff6.wav	RoofOff	Officer: But everything went wrong.  We can't control them.	军官：可后来全乱套了，我们根本控制不了它们。	
AR_MB_BOILER.TXT	29	voice	a2s11_RoofOff7.wav	RoofOff	Officer: But this is inconsequential to you.  Aufwiedersehen fraulein.	军官：不过，这些都与你无关了。再见，小姐。	
AR_MB_BOILER.TXT	30	voice	a2s11_Rayne14.wav	$			
AR_MB_BOILER.TXT	31	voice	a2s11_Rayne15.wav	$	Rayne: After you.	莱恩：你先请。	
AR_MB_BOILER.TXT	32	voice	a2s11_butcheress3.wav	Butcheress	Butcheress: Who the hell are you!?	女屠夫：你他妈是谁！？	
AR_MB_BOILER.TXT	33	voice	a5s1_rayne6.wav	$	Rayne: And these must be the infamous G.G.G. Elite.	莱恩：这些就是臭名昭著的反幽灵小组精英了。	
AR_MB_BOILER.TXT	34	voice	a5s1_rayne7.wav	$	Rayne: Nope, I need a control turnkey.	莱恩：不行，还需要一把控制钥匙。	
AR_MB_BOILER.TXT	35	voice	a5s1_rayne8.wav	$	Rayne: Hmmm, Kommando's sure to have a control turnkey.	莱恩：嗯……突击队长身上肯定有控制钥匙。	
AR_MB_BOILER.TXT	36	voice	a5s1_rayne9.wav	$	Rayne: Kommando's turnkey should do the trick.	莱恩：突击队长的钥匙应该能用。	
AR_MB_BOILER.TXT	40	hud	ost_kommandoisdead		Kommando Eliminated	已消灭突击队长	
AR_MB_BOILER.TXT	41	hud	ost_officerisdead		Major P. Eckstein Eliminated	已消灭P. 埃克施泰因少校	
AR_MB_BOILER.TXT	42	hud	objectiveOfficer		Eliminate Officer	消灭军官	
AR_MB_BOILER.TXT	43	hud	objectiveToRooftop		Find a route to the Rooftop.	寻找通往屋顶的路线	
AR_MB_BOILER.TXT	44	hud	objectiveGas		Deactivate the alarm and poison gas.	关闭警报和毒气	
AR_MB_BOILER.TXT	45	hud	objectiveTurnkey		Find a control turnkey.	寻找控制钥匙	
AR_MB_BOILER.TXT	46	hud	objectiveBoilerDoor		Use the Kommando's control turnkey to open the door on the 3rd floor.	使用突击队长的控制钥匙打开三楼的门	
AR_MB_BOILER.TXT	47	hud	objectiveKommando		Eliminate Officer	消灭军官	
AR_MB_BOILER.TXT	49	hud	ost_doorcantopen		This door cannot be opened.	这扇门无法打开	
AR_MB_BOILER.TXT	50	hud	ost_doorislocked		This door is locked.	这扇门已上锁	
AR_MB_BOILER.TXT	51	hud	ost_blank				
AR_MB_EXCAVATION.TXT	0	hud	MissionDescription		The Mill Mile	磨坊大道	
AR_MB_EXCAVATION.TXT	2	voice	a2s13_rayne1.wav	$	Rayne: Aww, now what the hell is that!?	莱恩：啊？这他妈又是什么东西！？	
AR_MB_EXCAVATION.TXT	3	voice	a2s13_rayne2.wav	$	Rayne: This way to the mine.	莱恩：从这边去矿井。	
AR_MB_EXCAVATION.TXT	5	hud	objectiveToMine		Find a route to the Mine.	寻找通往矿井的路线	
AR_MB_EXCAVATION.TXT	6	hud	objectiveTurnOnCrushers		Activate Crushers.	启动粉碎机	
AR_MB_EXCAVATION.TXT	7	hud	objectiveDestroy		Destroy all opposition.	消灭所有敌人	
AR_MB_EXCAVATION.TXT	9	voice	a5s5_Rayne127.wav	$	Rayne: The battery's dead.  I need another one.	莱恩：电池没电了。我得再找一块。	
AR_MB_EXCAVATION.TXT	10	voice	a5s5_Rayne130.wav	$	Rayne: Ah!  A battery.	莱恩：哈！一块电池。	
AR_MB_EXCAVATION.TXT	12	hud	ost_doorcantopen		This door cannot be opened.	这扇门无法打开	
AR_MB_EXCAVATION.TXT	13	hud	ost_doorislocked		This door is locked.	这扇门已上锁	
AR_MB_EXCAVATION.TXT	14	hud	ost_blank				
AR_MB_GARAGE.TXT	0	hud	MissionDescription		Lurking Underground	潜伏地底	
AR_MB_GARAGE.TXT	2	voice	a2s9_soldier1_1.wav	Soldier1	Soldier: What the hell is that!?	士兵：那他妈是什么东西！？	
AR_MB_GARAGE.TXT	3	voice	a2s9_JeepOff3.wav	JeepOff	Officer: Get away from me!	军官：离我远点！	
AR_MB_GARAGE.TXT	4	voice	a2s9_Daemite3.wav	Daemite	Daemite: Hehehehehehahahaha.	魔蛭：嘿嘿嘿嘿嘿哈哈哈哈。	
AR_MB_GARAGE.TXT	5	voice	a2s9_rayne1.wav	$	Rayne: Wow, that was unexpected.	莱恩：哇，这倒没想到。	
AR_MB_GARAGE.TXT	6	voice	a2s9_rayne2.wav	$	Rayne: What...happened here...?	莱恩：这里……发生了什么……？	
AR_MB_GARAGE.TXT	7	voice	a2s9_rayne3.wav	$	Rayne: Hello?	莱恩：有人吗？	
AR_MB_GARAGE.TXT	8	voice	a2s9_rayne4.wav	$	Rayne: Nazis wanna come out and play?	莱恩：纳粹要不要出来玩呀？	
AR_MB_GARAGE.TXT	9	voice	a2s9_rayne5.wav	$	Rayne: Come on now.  I promise I'll bite.	莱恩：来吧，我保证会咬人的。	
AR_MB_GARAGE.TXT	11	hud	objectiveToBarracks		Make your way to the Barracks.	前往兵营	
AR_MB_GARAGE.TXT	12	hud	objectiveTurnOffAlarm		Deactivate Alarm.	解除警报	
AR_MB_GARAGE.TXT	14	hud	ost_doorcantopen		This door cannot be opened.	这扇门无法打开	
AR_MB_GARAGE.TXT	15	hud	ost_doorislocked		This door is locked.	这扇门已上锁	
AR_MB_GARAGE.TXT	16	hud	ost_blank				
AR_MB_ROOFTOP.TXT	0	hud	MissionDescription		Hell Hall	地狱大厅	
AR_MB_ROOFTOP.TXT	1	hud	MissionDescription2		The Butcheress	女屠夫	
AR_MB_ROOFTOP.TXT	3	voice	a2s10_native1.wav	Native	Native: Aarrgh!	当地人：啊啊啊！	
AR_MB_ROOFTOP.TXT	4	voice	a2s10_Native21.wav	Native2	Native2: No!  No!  No!  Please!  Anything but this!  Have mercy!  I beg you!	原住民2：不！不要！求你了！怎么都行，别这样！饶了我吧！我求求你！	
AR_MB_ROOFTOP.TXT	5	voice	a2s10_Native22.wav	Native2	Native2: Ak!	原住民2：啊！	
AR_MB_ROOFTOP.TXT	6	voice	a2s10_native2.wav	Native	Native: Aarrgh!	原住民：啊啊啊！	
AR_MB_ROOFTOP.TXT	7	voice	a2s10_rayne1.wav	$	Rayne: That big blond bitch is one of my targets.  I wish I could get to her now.	莱恩：那个金发大块头娘们也是我的目标，真想现在就过去收拾她。	
AR_MB_ROOFTOP.TXT	8	voice	a2s10_rayne2.wav	$	Rayne: Not good.	莱恩：这可不妙。	
AR_MB_ROOFTOP.TXT	9	voice	a2s10_rayne3.wav	$	Rayne: This is not going to hold.  Time to run!	莱恩：这里撑不了多久，该跑了！	
AR_MB_ROOFTOP.TXT	10	voice	a2s10_rayne4.wav	$	Rayne: As if it wasn't bad enough.	莱恩：还嫌事情不够糟吗。	
AR_MB_ROOFTOP.TXT	11	voice	a2s10_rayne5.wav	$	Rayne: Close one.  Run, Rayne, run!	莱恩：好险。快跑，莱恩，快跑！	
AR_MB_ROOFTOP.TXT	12	voice	a2s10_Rayne6.wav	$	Rayne: I know that face...	莱恩：那张脸……我见过。	
AR_MB_ROOFTOP.TXT	13	voice	a2s10_Rayne7.wav	$	Rayne: Time to deal with that machine gunner.	莱恩：该收拾那个机枪手了。	
AR_MB_ROOFTOP.TXT	14	voice	a2s10_Rayne8.wav	$	Rayne: Think before you act, Rayne.  Long range weapons.	莱恩：动手前先想清楚，莱恩，得用远程武器。	
AR_MB_ROOFTOP.TXT	15	voice	a6s1_rayne190.wav	$	Rayne: Let's see. Bad guys plus big guns and a long, narrow hall... Fuck.	莱恩：我看看……一群混蛋，几挺重机枪，再加一条又长又窄的走廊……操。	
AR_MB_ROOFTOP.TXT	16	voice	a6s1_rayne191.wav	$	Rayne: I'm going to need a ranged weapon, preferably one that shoots around corners.	莱恩：我需要远程武器，最好还能拐着弯打人。	
AR_MB_ROOFTOP.TXT	19	voice	a2s12_butcheress4.wav	Butcheress	Butcheress: Eckstein, finally!  Where's Kommando?	女屠夫：埃克施泰因，你总算来了！突击队长呢？	
AR_MB_ROOFTOP.TXT	20	voice	a2s12_Rayne1.wav	Rayne	"Rayne: Eckstein won't be answering any questions, ""Butcheress""."	莱恩：埃克施泰因回答不了你的问题了，“女屠夫”。	
AR_MB_ROOFTOP.TXT	21	voice	a2s12_butcheress5.wav	Butcheress	Butcheress: We have something in common, you and I.  I am a direct descendant of Erzsebet Bathory.  You know the name?	女屠夫：你我其实很像。我是伊丽莎白·巴托里的直系后裔，听过这个名字吗？	
AR_MB_ROOFTOP.TXT	22	voice	a2s12_Rayne2.wav	Rayne	"Rayne: The ""Blood Countess""."	莱恩：“血腥伯爵夫人”。	
AR_MB_ROOFTOP.TXT	23	voice	a2s12_butcheress6.wav	Butcheress	Butcheress: I had a feeling you'd recognize the name.  You should appreciate the lust for blood.	女屠夫：我就知道你认得，你应该很懂那种嗜血的快感。	
AR_MB_ROOFTOP.TXT	24	voice	a2s12_Rayne3.wav	Rayne	Rayne: I don't appreciate senseless killing.  You're a monster, like those creatures down below.	莱恩：我可不喜欢毫无意义地杀人。你就是个怪物，跟楼下那些东西没两样。	
AR_MB_ROOFTOP.TXT	25	voice	a2s12_butcheress9.wav	Butcheress	"Butcheress: The natives call them ""Daemites."""	女屠夫：当地人管它们叫“魔蛭”。	
AR_MB_ROOFTOP.TXT	26	voice	a2s12_soldier1_1.wav	Soldier1	Soldier: No, please doctor, not me!	士兵：不，求你了，博士，别选我！	
AR_MB_ROOFTOP.TXT	27	voice	a2s12_soldier1_2.wav	Soldier1	Soldier: Neeeeeeeeeiiiiiiiiiinnnnnnnn!	士兵：不————！	
AR_MB_ROOFTOP.TXT	28	voice	a2s12_butcheress10.wav	Butcheress	Butcheress: This is fascinating.	女屠夫：真是太迷人了。	
AR_MB_ROOFTOP.TXT	29	voice	a2s12_butcheress11.wav	Butcheress	Butcheress: First they squeeze their soft bodies into the mouth.  They secrete digestive enzymes from their skin to eat the brain.	女屠夫：它们先把柔软的身体挤进人的嘴里，\n再从皮肤分泌消化酶，\n把大脑一点点吃掉。	
AR_MB_ROOFTOP.TXT	30	voice	a2s12_butcheress12.wav	Butcheress	Butcheress: The tail is inserted, rather forcefully, into the spinal column, tapping directly into the host's nervous system.	女屠夫：然后把尾巴硬生生插进脊柱，直接接入宿主的神经系统。	
AR_MB_ROOFTOP.TXT	31	voice	a2s12_butcheress13.wav	Butcheress	Butcheress: They control the host body like a puppet, seeking extremes of pleasure and pain.  Mostly the easier sensation wins out: pain.	女屠夫：它们把宿主当木偶一样操纵，逼着宿主体验极致的快感和痛苦。\n不过哪一种更容易得到，哪一种就占上风，通常都是痛苦。	
AR_MB_ROOFTOP.TXT	32	voice	a2s12_butcheress14.wav	Butcheress	Butcheress: They also reproduce asexually in the chest cavity.	女屠夫：它们还会在胸腔里进行无性繁殖。	
AR_MB_ROOFTOP.TXT	33	voice	a2s12_butcheress15.wav	Butcheress	Butcheress: Quite remarkable, really.	女屠夫：真是不可思议。	
AR_MB_ROOFTOP.TXT	34	voice	a2s12_Rayne4.wav	Rayne	Rayne: If you say so.  What are you going to do with them?	莱恩：你说是就是吧，你打算拿它们怎么办？	
AR_MB_ROOFTOP.TXT	35	voice	a2s12_butcheress17.wav	Butcheress	Butcheress: Let me see.  I could keep them here and feed them with my men, or I could unleash them on your country.  Tough choice.	女屠夫：让我想想。\n可以把它们留在这里，拿我的手下喂它们；\n也可以把它们放到你的国家去。\n真难选啊。	
AR_MB_ROOFTOP.TXT	36	voice	a2s12_butcheress18.wav	Butcheress	Butcheress: Watch your step!	女屠夫：小心脚下！	
AR_MB_ROOFTOP.TXT	37	voice	a2s12_butcheress19.wav	Butcheress	Butcheress: Ha ha ha ha ha.	女屠夫：哈哈哈哈哈。	
AR_MB_ROOFTOP.TXT	38	voice	a2s12_butcheress20.wav	Butcheress	Butcheress: Somebody wants to meet you!	女屠夫：有人想见见你！	
AR_MB_ROOFTOP.TXT	39	voice	a2s12_Rayne5.wav	$	Rayne: You know, you're right.  Fascinating creatures.  I could watch them for hours.	莱恩：你说得对，这些东西确实挺有意思，我能看它们看上一整天。	
AR_MB_ROOFTOP.TXT	40	voice	a2s12_rayne6.wav	$	"Rayne: I need to find that relic and destroy these ""Daemites""."	莱恩：我得找到遗物，再把这些“魔蛭”全灭了。	
AR_MB_ROOFTOP.TXT	41	voice	a2s12_rayne7.wav	$	"Rayne: ""Feuer"" ...fire.  Nazis can be so helpful."	莱恩：“Feuer”……火。纳粹有时候还挺贴心。	
AR_MB_ROOFTOP.TXT	42	voice	a2s12_rayne8.wav	$	Rayne: That's more like it.	莱恩：这才像话。	
AR_MB_ROOFTOP.TXT	43	voice	a2s12_rayne9.wav	$	Rayne: I've gotta find a way into the mine so I can access the temple.	莱恩：得先找到进矿井的路，才能去神庙。	
AR_MB_ROOFTOP.TXT	44	voice	a5s5_rayne94.wav	$	Rayne: I'm gonna feed you to your pets, bitch!	莱恩：我要把你喂给你那些宝贝，婊子！	
AR_MB_ROOFTOP.TXT	45	voice	a5s5_rayne95.wav	$	Rayne: You've got some nice moves.  Too bad they won't save you!	莱恩：身手不错，可惜救不了你的命！	
AR_MB_ROOFTOP.TXT	46	voice	a5s5_rayne96.wav	$	Rayne: Ow!  You bitch!	莱恩：喂！你个婊子！	
AR_MB_ROOFTOP.TXT	49	hud	ost_butcheressisdead		Dr. Bathory Mengele eliminated.	已消灭巴托里·门格勒博士	
AR_MB_ROOFTOP.TXT	51	hud	objectiveBunker		Explore the Bunker.	探索地堡	
AR_MB_ROOFTOP.TXT	52	hud	objectiveToRooftop		Find way onto Rooftop.	设法登上屋顶	
AR_MB_ROOFTOP.TXT	53	hud	objectiveMG		Destroy machine gun nest.	摧毁机枪阵地	
AR_MB_ROOFTOP.TXT	54	hud	objectiveGrenadier		Destroy the machinegun nest.	摧毁机枪阵地	
AR_MB_ROOFTOP.TXT	55	hud	objectiveButcheress		Eliminate Target	消灭目标	
AR_MB_ROOFTOP.TXT	56	hud	objectiveToMine		Find route to Mine.	寻找通往矿井的路线	
AR_MB_ROOFTOP.TXT	57	hud	objectiveRun		Run!	快跑！	
AR_MB_ROOFTOP.TXT	58	hud	objectiveEnemies		Eliminate Enemy presence.	肃清敌人	
AR_MB_ROOFTOP.TXT	60	hud	menuforintro		Options	选项	
AR_MB_ROOFTOP.TXT	61	hud	menugotraining		Training	训练	
AR_MB_ROOFTOP.TXT	62	hud	menuskiptraining		Skip Training	跳过训练	
AR_MB_ROOFTOP.TXT	63	hud	level4bloodrage		You have gained the ability to perform a Level 4 Bloodrage attack!	你已获得4级血怒攻击！	
AR_MB_ROOFTOP.TXT	65	hud	ost_PreludeDate		1938 - Argentina	1938年 - 阿根廷	
AR_MB_ROOFTOP.TXT	66	hud	ost_doorcantopen		This door cannot be opened.	这扇门打不开	
AR_MB_ROOFTOP.TXT	67	hud	ost_doorislocked		This door is locked.	这扇门锁着	
AR_MB_ROOFTOP.TXT	68	hud	ost_blank				
AR_MINE_NORTH.TXT	0	hud	MissionDescription		Deep	深处	
AR_MINE_NORTH.TXT	2	hud	ost_detonate1		Picked up: Detonator.	获得：起爆器	
AR_MINE_NORTH.TXT	3	hud	ost_explosive1		Picked up: Explosives.	获得：炸药	
AR_MINE_NORTH.TXT	4	hud	ost_needExplosive		You need explosives to blast through here.	需要炸药才能炸开这里	
AR_MINE_NORTH.TXT	5	hud	ost_needDetonator		You need a detonator to set off the explosives.	需要起爆器才能引爆炸药	
AR_MINE_NORTH.TXT	6	hud	ost_setExplosive		Explosive charge set.  Stand back!	炸药已安放，快退后！	
AR_MINE_NORTH.TXT	7	hud	ost_pump		Pump activated.	水泵已启动	
AR_MINE_NORTH.TXT	8	hud	ost_flood1		This corridor is flooded.  The water pumps must be off-line.	这条走廊被水淹了，水泵应该都停了	
AR_MINE_NORTH.TXT	9	hud	ost_flood2		This corridor is still a little flooded.  There must be another water pump.	这里还有些积水，肯定还有另一台水泵	
AR_MINE_NORTH.TXT	10	hud	ost_demoEnd		Demo complete.  Congratulations!	已通关Demo，恭喜！	
AR_MINE_NORTH.TXT	11	hud	ost_demoStart		Make your way deeper into the mine.	继续深入矿井	
AR_MINE_NORTH.TXT	12	hud	ost_DetonatorDown		The officer dropped a detonator!	军官掉下了一枚起爆器！	
AR_MINE_NORTH.TXT	14	voice	a2s14_soldier1_1.wav	Soldier1	Soldier: Set the charge!  Seal the tunnel!	士兵：放炸药！把隧道封死！	
AR_MINE_NORTH.TXT	15	voice	a2s14_soldier2_1.wav	Soldier2	Soldier: What do you think I'm doing here?!	士兵：你以为我在干什么？！	
AR_MINE_NORTH.TXT	16	voice	a2s14_Mineofficer1.wav	MineOfficer	MineOfficer: Clear!	矿区军官：快撤！	
AR_MINE_NORTH.TXT	17	voice	a2s14_soldier1_2.wav	Soldier1	Soldier: Lieutenant Strosczek and his men are still back there!	士兵：斯特罗切克中尉和他的人还在里面！	
AR_MINE_NORTH.TXT	18	voice	a2s14_Mineofficer2.wav	MineOfficer	MineOfficer: They're gone, soldier.	矿区军官：他们已经完了，士兵。	
AR_MINE_NORTH.TXT	19	voice	a2s14_Mineofficer3.wav	MineOfficer	MineOfficer: Oh no!  It's her! Fall back and regroup!	矿区军官：不好！是她！撤退，重新集结！	
AR_MINE_NORTH.TXT	20	voice	a2s14_rayne1.wav	$	Rayne: It's me alright.  Keep running.  While you can.	莱恩：没错，是我。继续跑啊，趁你们还跑得动。	
AR_MINE_NORTH.TXT	21	voice	a2s14_rayne2.wav	$	Rayne: The temple must be deeper in this mine.	莱恩：神庙肯定就在矿井更深处。	
AR_MINE_NORTH.TXT	22	voice	a2s14_rayne3.wav	$	Rayne: The tunnel is sealed.  I need explosives and a detonator to blast my way through.	莱恩：隧道被封死了，我得弄到炸药和起爆器，把路炸开。	
AR_MINE_NORTH.TXT	23	voice	a2s14_rayne4.wav	$	Rayne: Dammit, no detonator.  The officer had one.	莱恩：该死，没有起爆器，刚才那个军官身上有。	
AR_MINE_NORTH.TXT	24	voice	a2s14_rayne5.wav	$	Rayne: Just what the doctor ordered for blocked passageways.	莱恩：正好拿来治治这种堵路的毛病。	
AR_MINE_NORTH.TXT	25	voice	a2s14_rayne6.wav	$	Rayne: But first I need the detonator from that officer.	莱恩：不过得先从那个军官身上拿到起爆器。	
AR_MINE_NORTH.TXT	26	voice	a2s14_rayne7.wav	$	Rayne: All set...better back up.	莱恩：都装好了……最好退远点。	
AR_MINE_NORTH.TXT	27	voice	a2s14_soldier1_3.wav	SoldierTargetGuard1	Soldier: We're all going to die!	士兵：我们全都要死了！	
AR_MINE_NORTH.TXT	28	voice	a2s14_Mineofficer4.wav	MineOfficer	Officer: Hold your ground!	军官：守住阵地！	
AR_MINE_NORTH.TXT	29	voice	a2s14_soldier2_2.wav	SoldierTargetGuard2	Soldier: They're everywhere!	士兵：到处都是！	
AR_MINE_NORTH.TXT	30	voice	a2s14_soldier2_3.wav	SoldierTargetGuard4	Soldier: We're doomed	士兵：我们完了！	
AR_MINE_NORTH.TXT	31	voice	a2s14_soldier1_4.wav	SoldierTargetGuard3	Soldier: They're all over the place!	士兵：它们哪儿都是！	
AR_MINE_NORTH.TXT	32	voice	a2s14_Mineofficer5.wav	Officer	Officer: Die!	军官：去死！	
AR_MINE_NORTH.TXT	33	voice	a2s14_rayne8.wav	$	Rayne: I need his detonator.	莱恩：我需要他的起爆器。	
AR_MINE_NORTH.TXT	34	voice	a2s14_rayne9.wav	$	Rayne: Got the detonator.	莱恩：起爆器到手。	
AR_MINE_NORTH.TXT	35	voice	a2s14_rayne10.wav	$	Rayne: Now where would a girl find some demolition charges?	莱恩：接下来，一个姑娘该上哪儿找爆破炸药呢？	
AR_MINE_NORTH.TXT	37	hud	demoIntro1		Argentina Mine, 1938 - Mission Briefing: Digging for the mythical Skull of Beliar, the Nazis have uncovered something else.  Something much, much worse: ancient parasitic life forms that feed on, and take complete control over their human hosts.	阿根廷矿井，1938年\n任务简报：\n纳粹在挖掘传说中的贝利亚之颅时，还挖出了别的东西，\n一种糟糕得多的东西：古老的寄生生物。\n它们以人类为食，还能彻底控制宿主。	
AR_MINE_NORTH.TXT	38	hud	demoIntro2		BloodRayne, you must scout deeper into the mining facility to discover the source of these parasites.	莱恩，你必须深入矿区，查出这些寄生生物的源头。	
AR_MINE_NORTH.TXT	39	hud	demoIntro3		The mineshafts are heavily secured.  You'll need to find the Nazi munitions officer in the Northern Sector, kill him, and take the detonator he carries. Then find the right explosives to secure deeper access into the mines.	矿井戒备森严。\n先找到北区的纳粹军火官，杀掉他，拿走他身上的起爆器。\n然后找到合适的炸药，炸开通往矿井深处的道路。	
AR_MINE_NORTH.TXT	41	hud	ObjectiveFindExplosive		Find explosives.	寻找炸药	
AR_MINE_NORTH.TXT	42	hud	ObjectiveFindDetonator		Find detonator.	寻找起爆器	
AR_MINE_NORTH.TXT	43	hud	ObjectiveBlast		Blast through rubble.	炸开碎石堆	
AR_MINE_NORTH.TXT	44	hud	ObjectiveFindBoth		Find explosives and a detonator.	寻找炸药和起爆器	
AR_MINE_NORTH.TXT	45	hud	objectiveOfficer		Eliminate Officer	消灭军官	
AR_MINE_SOUTH.TXT	0	hud	MissionDescription		Deeper	更深处	
AR_MINE_SOUTH.TXT	2	voice	a2s2_rayne7.wav	$	Rayne: Can't leave yet.	莱恩：现在还不能走。	
AR_MINE_SOUTH.TXT	3	voice	a2s2_rayne8.wav	$	Rayne: I haven't met all the objectives.	莱恩：任务还没全部完成。	
AR_MINE_SOUTH.TXT	4	voice	a2s2_rayne9.wav	$	Rayne: There are still targets in this area.	莱恩：这里还有目标没解决。	
AR_MINE_SOUTH.TXT	5	voice	a2s2_rayne10.wav	$	Rayne: No, I've got things to do first.	莱恩：不行，我还有事要办。	
AR_MINE_SOUTH.TXT	6	voice	a2s2_rayne11.wav	$	Rayne: No, I'm not done here.	莱恩：不行，这里的事还没完。	
AR_MINE_SOUTH.TXT	8	voice	a2s14_rayne7.wav	$	Rayne: All set...better back up.	莱恩：都装好了……最好退远点。	
AR_MINE_SOUTH.TXT	10	hud	ost_detonate1		Picked up: Detonator.	获得：起爆器	
AR_MINE_SOUTH.TXT	11	hud	ost_explosive1		Picked up: Explosives.	获得：炸药	
AR_MINE_SOUTH.TXT	12	hud	ost_needExplosive		You need explosives to blast through here.	需要炸药才能炸开这里	
AR_MINE_SOUTH.TXT	13	hud	ost_needDetonator		You need a detonator to set off the explosives.	需要起爆器才能引爆炸药	
AR_MINE_SOUTH.TXT	14	hud	ost_setExplosive		Explosive charge set.  Stand back!	炸药已安放，快退后！	
AR_MINE_SOUTH.TXT	15	hud	ost_pump		Pump activated.	水泵已启动	
AR_MINE_SOUTH.TXT	17	voice	a2s14_rayne11.wav	$	Rayne: They sealed this tunnel too.  I need to clear it.	莱恩：这条隧道也被封了，得把它炸开。	
AR_MINE_SOUTH.TXT	18	voice	a2s14_rayne12.wav	$	Rayne: No good without a detonator.	莱恩：没有起爆器，光有炸药没用。	
AR_MINE_SOUTH.TXT	19	voice	a2s14_rayne13.wav	$	Rayne: I need his detonator.	莱恩：我需要他的起爆器。	
AR_MINE_SOUTH.TXT	20	voice	a2s14_rayne14.wav	$	Rayne: Got it.	莱恩：拿到了。	
AR_MINE_SOUTH.TXT	21	voice	a2s14_rayne15.wav	$	Rayne: Now I just need some more demolition charges.	莱恩：现在只差更多爆破炸药。	
AR_MINE_SOUTH.TXT	22	voice	a2s14_rayne16.wav	$	Rayne: Great.  Demolition charges.	莱恩：太好了，爆破炸药。	
AR_MINE_SOUTH.TXT	23	voice	a2s14_rayne17.wav	$	Rayne: No good without a detonator.	莱恩：没有起爆器，还是没用。	
AR_MINE_SOUTH.TXT	24	voice	a2s14_rayne18.wav	$	Rayne: That looks painful.  There might be pumps to drain the water.	莱恩：看着就疼。附近应该有水泵能把水抽干。	
AR_MINE_SOUTH.TXT	25	voice	a2s14_rayne19.wav	$	Rayne: Not good enough.  There should be more pumps somewhere else.	莱恩：还不够，别的地方肯定还有水泵。	
AR_MINE_SOUTH.TXT	26	voice	a2s14_soldier1_5.wav	Soldier	Soldier1: Oh my God!  They've broken through!	士兵1：天哪！它们冲进来了！	
AR_MINE_SOUTH.TXT	27	voice	a2s14_soldier2_4.wav	Soldier	Soldier2: Kill 'em all!  Kill 'em all!	士兵2：全杀了！一个都别留！	
AR_MINE_SOUTH.TXT	28	voice	a2s14_rayne20.wav	$	Rayne: I figured I'd see you again.  This time one of us will die.	莱恩：我就知道咱们还会再见面，不过这次，咱们俩只能活一个。	
AR_MINE_SOUTH.TXT	29	voice	a5s5_rayne151.wav	$	Rayne: This time, one of us will most assuredly die. And the other one's called Rayne.	莱恩：这一次，绝对得死一个。至于活下来的那个？不好意思，叫莱恩。	
AR_MINE_SOUTH.TXT	31	voice	a5s5_rayne86.wav	$	Rayne: Nope. I need a control turnkey.	莱恩：不行，我需要控制钥匙。	
AR_MINE_SOUTH.TXT	32	voice	a5s5_rayne87.wav	$	Rayne: Kommando's turnkey should do the trick.	莱恩：突击队长的钥匙应该能用。	
AR_MINE_SOUTH.TXT	34	voice	a5s5_rayne88.wav	$	Rayne: Kommando. Long time no see.	莱恩：好久不见了，突击队长。	
AR_MINE_SOUTH.TXT	35	voice	a5s5_rayne89.wav	$	Rayne: I love what you've done with yourself.	莱恩：你这副新造型挺不错嘛。	
AR_MINE_SOUTH.TXT	36	voice	a5s5_rayne90.wav	$	Rayne: You got a new haircut, and your lips are all ripped and bloody.	莱恩：换了发型，嘴也撕得血肉模糊。	
AR_MINE_SOUTH.TXT	37	voice	a5s5_rayne91.wav	$	Rayne: You look fabulous.	莱恩：真是美极了。	
AR_MINE_SOUTH.TXT	38	voice	a5s5_rayne93.wav	$	Rayne: I guess I didn't kill you enough the first time. I won't make that mistake again.	莱恩：看来上次我杀得还不够彻底，这次不会再犯同样的错了。	
AR_MINE_SOUTH.TXT	40	voice	a2s9_DaemiteOff1.wav	Kommando	Kommando: I'll wear you like lederhosen.	突击队长：我要把你做成皮裤穿。	
AR_MINE_SOUTH.TXT	42	voice	a6s1_rayne172.wav	$	Rayne: Cute. That's the first thing you've ever said to me, and I've heard it all before. You need a better come on.	莱恩：真可爱。你第一次跟我说话，就拿了句我早听过的台词，这搭讪水平得再练练。	
AR_MINE_SOUTH.TXT	43	voice	a6s1_rayne173.wav	$	Rayne: This time, without a doubt, one of us will die.	莱恩：这次毫无疑问，咱们俩会死一个。	
AR_MINE_SOUTH.TXT	45	hud	ObjectiveFindTemple		Find the source of the Daemites.	找到魔蛭的源头	
AR_MINE_SOUTH.TXT	46	hud	ObjectiveActivatePump		Activate the water pump to clear the tunnel.	启动水泵，排空隧道	
AR_MINE_SOUTH.TXT	47	hud	ObjectiveFindExplosive		Find some explosives.	寻找炸药	
AR_MINE_SOUTH.TXT	48	hud	ObjectiveFindDetonator		Find a detonator.	寻找起爆器	
AR_MINE_SOUTH.TXT	49	hud	ObjectiveFindBoth		Find explosives and a detonator.	寻找炸药和起爆器	
AR_MINE_SOUTH.TXT	50	hud	objectiveOfficer		Eliminate Officer	消灭军官	
AR_MINE_SOUTH.TXT	51	hud	ObjectiveBlast		Blast through the barricade.	炸开路障	
AR_MINE_SOUTH.TXT	52	hud	ObjectiveFoundKey		Found a turnkey.	找到一把控制钥匙	
AR_MINE_SOUTH.TXT	53	hud	ObjectiveNeedKey		The control panel is locked.	控制面板已上锁	
AR_TEMPLE_1.TXT	0	hud	MissionDescription		The Temple	神庙	
AR_TEMPLE_1.TXT	2	hud	ObjectiveFindExit		Find the temple core.	找到神庙核心	
AR_TEMPLE_2.TXT	0	hud	MissionDescription		Temple Guardians	神庙守卫	
AR_TEMPLE_2.TXT	2	hud	ObjectiveFindExit		Find the temple core.	找到神庙核心	
AR_TEMPLE_2.TXT	3	hud	ObjectiveKillGuardians		Eliminate the three guardian daemites.	消灭三只守卫魔蛭	
AR_TEMPLE_3.TXT	0	hud	MissionDescription		Final Ascent	最后的攀登	
AR_TEMPLE_3.TXT	2	hud	ObjectiveFindExit		Find the exit.	找到出口	
AR_TEMPLE_4.TXT	0	hud	MissionDescription		Temple Internal	神庙内部	
AR_TEMPLE_4.TXT	2	hud	ObjectiveFindExit		Find the temple core.	找到神庙核心	
AR_TEMPLE_5.TXT	0	hud	MissionDescription		Daemite Chamber	魔蛭巢穴	
AR_TEMPLE_5.TXT	2	voice	a2s15_rayne1.wav	$	Rayne: Oh my God!	莱恩：我的天！	
AR_TEMPLE_5.TXT	3	voice	a2s15_rayne2.wav	$	Rayne: Too many for my taste.	莱恩：这也太多了。	
AR_TEMPLE_5.TXT	4	voice	a2s15_rayne4.wav	$	Rayne: Easy Rayne.  You can do this.  Keep quiet and tread softly.	莱恩：冷静，莱恩，你能行的。别出声，放轻脚步。	
AR_TEMPLE_5.TXT	5	voice	a2s15_rayne5.wav	$	Rayne: I'm dead.	莱恩：我死定了。	
AR_TEMPLE_5.TXT	6	voice	a2s15_rayne6.wav	$	Rayne: Beliar's crystal skull!	莱恩：贝利亚的水晶头骨！	
AR_TEMPLE_5.TXT	7	voice	a2s15_rayne7.wav	$	Rayne: That's what all the fuss is about?  A chunk of glass?	莱恩：他们闹这么大，就为了这块玻璃？	
AR_TEMPLE_5.TXT	8	voice	a2s15_rayne8.wav	$	Rayne: Ahhhh! The skull just holds the real relic: the eye.	莱恩：啊！头骨只是个容器，真正的遗物是里面那只眼睛。	
AR_TEMPLE_5.TXT	9	voice	a2s15_rayne9.wav	$	Rayne: Yeaaaarrrgghhh!	莱恩：啊啊啊啊！	
AR_TEMPLE_5.TXT	10	voice	a2s15_rayne10.wav	$	Rayne: Ohhhhhh shit.	莱恩：哦……操。	
AR_TEMPLE_5.TXT	11	voice	a2s15_rayne11.wav	$	Rayne: Whoa...ugh, I...I feel...	莱恩：呃……我……我感觉……	
AR_TEMPLE_5.TXT	12	voice	a2s15_rayne12.wav	$	Rayne: Beliar's Eye is...it's in my head!	莱恩：贝利亚之眼……它、它跑到我脑子里去了！	
AR_TEMPLE_5.TXT	13	voice	a2s15_soldier1_1.wav	Soldier1	Soldier: Kruger!  Maier!  Load that thing with explosives and blow it all to hell!	士兵：克鲁格！迈尔！给那东西塞满炸药，把这里全炸上天！	
AR_TEMPLE_5.TXT	14	voice	a2s15_soldier1_2.wav	Soldier1	Soldier: Hurry! Hurry! Load it up!	士兵：快！快点！把炸药装上去！	
AR_TEMPLE_5.TXT	15	voice	a2s15_Soldier2_1.wav	Soldier2	Soldier: More explosives! We need more!	士兵：还需要更多炸药！不够！	
AR_TEMPLE_5.TXT	16	voice	a2s15_Soldier3_6.wav	Soldier3	Soldier: Oh God, oh God!	士兵：天哪，天哪！	
AR_TEMPLE_5.TXT	17	voice	a2s15_soldier1_3.wav	Soldier1	Soldier: We don't have time!	士兵：没时间了！	
AR_TEMPLE_5.TXT	18	voice	a2s15_Soldier3_7.wav	Soldier3	Soldier: Cut it loose!  Now! Blow them up!	士兵：把它弄下来！快！炸死它们！	
AR_TEMPLE_5.TXT	19	voice	a2s15_rayne13.wav	$	Rayne: Time to go!	莱恩：该走了！	
AR_TEMPLE_5.TXT	21	hud	OST_Extruded		Extruded view = @@visionExtrudedButtonName@@	透视模式 = @@visionExtrudedButtonName@@	
AR_TEMPLE_5.TXT	22	hud	OST_Extruded2		Press @@moveAxis@@ to zoom in and out.  This mode is great for sniping.  Press @@turnAxis@@ to turn/look.	按@@moveAxis@@拉近或拉远视野，此模式非常适合狙击。按@@turnAxis@@转身或观察。	
AR_TEMPLE_5.TXT	23	hud	OST_Normal		Normal vision = @@visionNormalButtonName@@	普通视觉 = @@visionNormalButtonName@@	
AR_TEMPLE_5.TXT	24	hud	OST_Dilated		Enter Dilated Perception by pressing @@visionDilatedButtonName@@	按@@visionDilatedButtonName@@进入延缓感知	
AR_TEMPLE_5.TXT	25	hud	OST_Dilated2		This slows the entire world down, making it easier for Rayne to fight hand-to-hand and allowing her to literally dodge bullets.	该能力会让整个世界变慢，方便莱恩近身作战，甚至能让她真正躲开子弹。	
AR_TEMPLE_5.TXT	27	hud	ObjectiveFindSkull		Find the Skull of Beliar.	找到贝利亚的头骨	
AR_TEMPLE_5.TXT	28	hud	ObjectiveFindExit		Destroy the temple and exit.	摧毁神庙并逃出去	
DE_C1BROKENFRONT_A.TXT	0	hud	ost_officer1		2nd Lieutenant of Infantry David Von Haber: Eliminated.	步兵少尉戴维·冯·哈伯：已消灭	
DE_C1BROKENFRONT_A.TXT	1	hud	ost_officer2		Colonel Heinrich Eberhard: Eliminated.	海因里希·埃伯哈德上校：已消灭	
DE_C1BROKENFRONT_A.TXT	2	hud	ost_officer6		Lieutenant-Colonel Andreas Zahl: Eliminated.	安德烈亚斯·察尔中校：已消灭	
DE_C1BROKENFRONT_A.TXT	3	hud	ost_objective		Eliminate Officers	消灭军官	
DE_C1BROKENFRONT_A.TXT	4	hud	ost_door		This door cannot be opened.	这扇门打不开。	
DE_C1BROKENFRONT_A.TXT	5	voice	a1s0_Rayne17c.wav	none	Rayne: Nope, not done here.	莱恩：不行，这里的工作还没做完。	
DE_C1BROKENFRONT_A.TXT	6	voice	a1s0_Rayne18a.wav	none	Rayne: I'm done there.	莱恩：那边已经处理完了。	
DE_C1BROKENFRONT_A.TXT	7	voice	a3s1_rayne1.wav	none	Rayne: Castle Gaustadt.  A place where nightmares are born.  Vampires have called this place home for centuries.	莱恩：高施塔特城堡，噩梦诞生的地方。几个世纪以来，吸血鬼一直把这里当成老巢。	
DE_C1BROKENFRONT_A.TXT	8	voice	a3s1_rayne2.wav	none	Rayne: But now the Germans have put up an eviction notice.  They've made some progress, but the creatures they're up against are monsters even amongst vampires.	莱恩：可现在德国人送来了逐客令。\n他们确实取得了一些进展，不过对手就算放在吸血鬼里，也称得上怪物。	
DE_C1BROKENFRONT_A.TXT	9	voice	a3s1_rayne3.wav	none	Rayne: An ancient breed of vampire, cut off from the world, where in isolation, they evolved into perfect killers.	莱恩：那是一支与世隔绝的古老吸血鬼族群。\n长期孤立之下，它们进化成了完美的杀手。	
DE_C1BROKENFRONT_A.TXT	10	voice	a3s1_rayne4.wav	none	Rayne: Daylight is fading fast.  And with it any advantage the Nazis might have had.	莱恩：太阳很快就要下山了，纳粹的那点优势也会跟着一起消失。	
DE_C1BROKENFRONT_A.TXT	11	voice	a3s1_rayne5.wav	none	Rayne: I have a new target list from the Brimstone Society.  And an official objective to stop Wulf.	莱恩：硫磺会给了我一份新的目标名单，还有一项正式任务，阻止沃尔夫。	
DE_C1BROKENFRONT_A.TXT	12	voice	a3s1_rayne6.wav	none	Rayne: Wulf already has Beliar's teeth, ribs, a hand, and an eye.  Now he's after the black heart, hidden somewhere in this castle.	莱恩：沃尔夫已经拿到了贝利亚的牙齿、肋骨、一只手和一只眼睛，\n现在他盯上了藏在这座城堡里的黑心。	
DE_C1BROKENFRONT_A.TXT	13	voice	a3s1_rayne7.wav	none	Rayne: He wants to wake Beliar in himself.  Beliar.  A demon.  A devil.  Maybe even the devil.	莱恩：他想在自己体内唤醒贝利亚。\n贝利亚，一个恶魔，一个魔王……甚至可能就是魔鬼本身。	
DE_C1BROKENFRONT_A.TXT	14	voice	a3s1_rayne8.wav	none	Rayne: Wulf can't control this kind of power.  If Beliar is woken, we're all in big trouble.	莱恩：沃尔夫驾驭不了这种力量。一旦贝利亚苏醒，我们所有人都要倒大霉。	
DE_C1BROKENFRONT_A.TXT	15	voice	a3s1_rayne9.wav	none	Rayne: Wulf.  Remember, five years ago in Louisiana?  You almost killed me.	莱恩：沃尔夫，还记得五年前的路易斯安那吗？你差点杀了我。	
DE_C1BROKENFRONT_A.TXT	16	voice	a3s1_rayne10.wav	none	Rayne: I intend to pay you back...	莱恩：这笔账我会还给你……	
DE_C1BROKENFRONT_A.TXT	17	voice	a3s1_rayne11.wav	none	Rayne: ...with interest.	莱恩：……连本带利。	
DE_C1BROKENFRONT_A.TXT	18	voice	a3s1_soldier1_1.wav	SoldierIntro0	Guard: Papers.  Let me see your papers.	守卫：证件，把证件拿出来。	
DE_C1BROKENFRONT_A.TXT	19	voice	a3s1_soldier1_2.wav	SoldierIntro0	Guard: Danke.  Drive through.	守卫：谢谢，进去吧。	
DE_C1BROKENFRONT_A.TXT	20	voice	a3s1_rayne12.wav	none	Rayne: Thanks for the ride, fucko.	莱恩：谢了，蠢货，顺风车不错。	
DE_C1BROKENFRONT_A.TXT	21	voice	a3s1_rayne13.wav	$	Rayne: The sun hasn't set yet.  I'm going to get more than sunburned if I stay in the open.	莱恩：太阳还没下山。再待在外面，我可就不只是晒伤那么简单了。	
DE_C1BROKENFRONT_A.TXT	22	voice	a3s1_soldier1_3.wav	MGNestSoldier1	Soldier 1: When did you get here?	士兵1：你什么时候来的？	
DE_C1BROKENFRONT_A.TXT	23	voice	a3s1_Soldier2_1.wav	MGNestSoldier2	Soldier 2: When did I get where?	士兵2：我什么时候到哪儿了？	
DE_C1BROKENFRONT_A.TXT	24	voice	a3s1_soldier1_4.wav	MGNestSoldier1	Soldier 1: Here.	士兵1：这里。	
DE_C1BROKENFRONT_A.TXT	25	voice	a3s1_Soldier2_2.wav	MGNestSoldier2	Soldier 2: I just got here.	士兵2：我刚到啊。	
DE_C1BROKENFRONT_A.TXT	26	voice	a3s1_soldier1_5.wav	MGNestSoldier1	Soldier 1: I didn't mean here.  I can see that you just got here.  I meant this outfit.	士兵1：我不是说这个，我当然看得出你刚到。我是问你什么时候调到这支部队的。	
DE_C1BROKENFRONT_A.TXT	27	voice	a3s1_Soldier2_3.wav	MGNestSoldier2	Soldier 2: Oh.  Just now.	士兵2：哦，刚刚。	
DE_C1BROKENFRONT_A.TXT	28	voice	a3s1_soldier1_6.wav	MGNestSoldier1	Soldier 1: You just got here?	士兵1：你刚调来？	
DE_C1BROKENFRONT_A.TXT	29	voice	a3s1_Soldier2_4.wav	MGNestSoldier2	Soldier 2: I thought I just told you.	士兵2：我刚才不是说了吗？	
DE_C1BROKENFRONT_A.TXT	30	voice	a3s1_soldier1_7.wav	MGNestSoldier1	Soldier 1: Don't get on my last nerve.  So you're a rookie?	士兵1：别挑战我的耐心，所以你是新兵？	
DE_C1BROKENFRONT_A.TXT	31	voice	a3s1_Soldier2_5.wav	MGNestSoldier2	Soldier 2: Ja.	士兵2：是。	
DE_C1BROKENFRONT_A.TXT	32	voice	a3s1_MachineGunOff_1.wav	NaziOfficer1	Officer: I almost prefer an attack by the vampires than listen to this conversation.	军官：我宁愿吸血鬼现在就打过来，也不像听你们俩继续聊下去。	
DE_C1BROKENFRONT_A.TXT	33	voice	a3s1_soldier1_8.wav	MGNestSoldier1	Soldier 1: You'll get your wish soon enough.  It's almost night.	士兵1：很快就能如愿了，马上就天黑了。	
DE_C1BROKENFRONT_A.TXT	34	voice	a3s1_MachineGunOff_2.wav	NaziOfficer1	Officer: As long as they don't yap endlessly we'll get along.	军官：只要它们别没完没了地废话，我跟它们应该处得来。	
DE_C1BROKENFRONT_A.TXT	35	voice	a3s1_Soldier2_6.wav	MGNestSoldier2	Soldier 2: Have you ever seen any?  In real life, I mean?	士兵2：您真的见过吗？我是说，亲眼见过？	
DE_C1BROKENFRONT_A.TXT	36	voice	a3s1_MachineGunOff_3.wav	NaziOfficer1	Officer: Seen what soldier?  For once make a clear statement.	军官：见过什么，士兵？你就不能有一次把话说完整？	
DE_C1BROKENFRONT_A.TXT	37	voice	a3s1_Soldier2_7.wav	MGNestSoldier2	Soldier 2: Vampires.  I mean vampires.  Have you?	士兵2：吸血鬼，我说的是吸血鬼，您见过吗？	
DE_C1BROKENFRONT_A.TXT	38	voice	a3s1_MachineGunOff_4.wav	NaziOfficer1	Officer: Where in the world did you go to school?  Was that a complete sentence?  The whole German culture is going to hell.	军官：你到底在哪儿上的学？那也算一句完整的话？\n整个德国文化都快毁在你们手里了。	
DE_C1BROKENFRONT_A.TXT	39	voice	a3s1_soldier1_10.wav	MGNestSoldier1	Soldier 1: Just answer the man's question.	士兵1：你就回答他吧。	
DE_C1BROKENFRONT_A.TXT	40	voice	a3s1_MachineGunOff_5.wav	NaziOfficer1	Officer: Of course I have.	军官：当然见过。	
DE_C1BROKENFRONT_A.TXT	41	voice	a3s1_MachineGunOff_6.wav	NaziOfficer1	Officer: There's one right now.	军官：现在就有一只。	
DE_C1BROKENFRONT_A.TXT	42	voice	a3s1_soldier1_11.wav	MGNestSoldier1	SOLDIER 1: Oh, God!  There's one!	士兵1：天哪！真的有一只！	
DE_C1BROKENFRONT_A.TXT	43	voice	a3s1_MachineGunOff_7.wav	NaziOfficer1	Officer: Shoot her, you idiot!  Stop yacking and shoot!	军官：开枪啊，白痴！别废话了，快开枪！	
DE_C1BROKENFRONT_A.TXT	44	voice	a3s1_Soldier2_8.wav	MGNestSoldier2	SOLDIER 2: Somebody shoot it!	士兵2：谁快把它打死！	
DE_C1BROKENFRONT_A.TXT	45	voice	a3s1_TankOff_1.wav	NaziOfficer2	Officer: You left the ropes at the tank?  Go get them, half-wit.	军官：你把绳子落在坦克旁边了？快去拿回来，蠢货。	
DE_C1BROKENFRONT_A.TXT	46	voice	a3s1_soldier1_14.wav	TankNazi1	Soldier 1: Yes, sir.  A simple mistake.  It won't happen again sir.	士兵1：是，长官。只是个小失误，不会再有下次了，长官。	
DE_C1BROKENFRONT_A.TXT	47	voice	a3s1_TankOff_2.wav	NaziOfficer2	Officer: You got any brothers and sisters?	军官：你有兄弟姐妹吗？	
DE_C1BROKENFRONT_A.TXT	48	voice	a3s1_soldier1_15.wav	TankNazi1	Soldier 1: Sorry sir?	士兵1：什么，长官？	
DE_C1BROKENFRONT_A.TXT	49	voice	a3s1_TankOff_3.wav	NaziOfficer2	Officer: I'm asking the questions around here.	军官：这里是我在提问。	
DE_C1BROKENFRONT_A.TXT	50	voice	a3s1_soldier1_16.wav	TankNazi1	Soldier 1: One of each.  Sir.	士兵1：我有一个哥哥，一个妹妹，长官。	
DE_C1BROKENFRONT_A.TXT	51	voice	a3s1_TankOff_4.wav	NaziOfficer2	Officer: See?  Mistakes do happen again.  Now move.  What are you still standing around for?  I gave you an order.	军官：看吧？果然还会再出错。还愣着干什么？快去，我已经下令了。	
DE_C1BROKENFRONT_A.TXT	52	voice	a3s1_TankOff_5.wav	NaziOfficer2	Officer: And bring me a beer.	军官：再给我带瓶啤酒回来。	
DE_C1BROKENFRONT_A.TXT	53	voice	a3s1_TankOff_6.wav	NaziOfficer2	Officer: Why is your friend such an idiot, Greflinger?	军官：格雷夫林格，你朋友怎么蠢成这样？	
DE_C1BROKENFRONT_A.TXT	54	voice	a3s1_Soldier2_14.wav	TankNazi2	Soldier 2: He can't help it.  I don't think all the lights are on upstairs.	士兵2：他也没办法，可能他脑子的灯不是每盏都亮着。	
DE_C1BROKENFRONT_A.TXT	55	voice	a3s1_TankOff_7.wav	NaziOfficer2	Officer: This is the German army.  There's order around here.  He can't wander about with his head up his ass like a Frenchman.  He's screwing up our whole operation.	军官：这里是德国军队，一切都得讲规矩。\n他不能像个法国佬似的，脑袋塞在屁股里到处乱晃。\n他把整个行动都搅乱了。	
DE_C1BROKENFRONT_A.TXT	56	voice	a3s1_Soldier2_15.wav	TankNazi2	Soldier 2: Well, to be fair sir, he's not the only one.  Gelnhausen and Endter forgot to gas up the tank, Hauser shot Eiger by accident, and Dach dropped the directives into the latrine.  Remember?	士兵2：公平地说，长官，也不只他一个。\n格尔恩豪森和恩特忘了给坦克加油，\n豪泽不小心打中了艾格，\n达赫还把命令掉进了茅坑。\n您记得吧？	
DE_C1BROKENFRONT_A.TXT	57	voice	a3s1_TankOff_8.wav	NaziOfficer2	Officer: Thank you for reminding me.  You're not so bad at pissing me off either.	军官：多谢提醒，你惹我生气的本事也不差。	
DE_C1BROKENFRONT_A.TXT	58	voice	a3s1_Soldier2_16.wav	TankNazi2	Soldier 2: Sorry, sir.  Just being honest.	士兵2：抱歉，长官，我只是实话实说。	
DE_C1BROKENFRONT_A.TXT	59	voice	a3s1_TankOff_9.wav	NaziOfficer2	Officer: If I want your honesty, I'll give you an order for it.  Until then, why don't you do some work.  Clean something.  Shoot something.  Just make sure it doesn't speak German.	军官：需要你说实话时，我自然会下令。\n在那之前，找点活干。擦点什么，打点什么都行，只要别打会说德语的。	
DE_C1BROKENFRONT_A.TXT	60	voice	a3s1_Soldier2_17.wav	TankNazi2	Soldier 2: Jawohl, sir.	士兵2：遵命，长官。	
DE_C1BROKENFRONT_A.TXT	61	voice	a3s1_Soldier3_11.wav	TankNazi1	Soldier 3: Christ!  Look!	士兵3：天哪！快看！	
DE_C1BROKENFRONT_A.TXT	62	voice	a3s1_TankOff_10.wav	NaziOfficer2	Officer: Everyone to the tank.  Move it!  NOW!!!	军官：所有人去坦克那边！快！立刻！	
DE_C1BROKENFRONT_A.TXT	63	voice	a3s1_Soldier2_18.wav	TankNazi2	Soldier 2: Endter!  Dach!  Over here!  By the tank!	士兵2：恩特！达赫！这边！到坦克旁边来！	
DE_C1BROKENFRONT_A.TXT	64	voice	a3s1_soldier1_24.wav	none	Reinforcement leader: Jesus Christ, what is going on?  Be ready for anything men!	增援队长：天哪，到底出了什么事？所有人做好应付任何情况的准备！	
DE_C1BROKENFRONT_A.TXT	65	hud	obj_levelExit		Proceed to Castle Gaustadt through the mountain tunnel.	穿过山间隧道，前往高施塔特城堡	
DE_C1BROKENFRONT_A.TXT	66	hud	level5bloodrage		You have gained the ability to perform a Level 5 Bloodrage attack!	你已获得5级血怒攻击！	
DE_C1BROKENFRONT_A.TXT	67	hud	MissionDescription		Red Summit	赤红峰顶	
DE_C1BROKENFRONT_B.TXT	0	hud	ost_officer3		Lieutenant-Colonel Hans Eldrich: Abducted.	汉斯·埃尔德里希中校：被掳走	
DE_C1BROKENFRONT_B.TXT	1	hud	ost_officer4		Brigadier General Demetrius Klaus: Eliminated.	德米特里乌斯·克劳斯准将：已消灭	
DE_C1BROKENFRONT_B.TXT	2	hud	ost_officer5		2nd Lieutenant G. Saxon: Eliminated.	G.萨克森少尉：已消灭	
DE_C1BROKENFRONT_B.TXT	3	hud	ost_objective		Eliminate Officers	消灭军官	
DE_C1BROKENFRONT_B.TXT	4	hud	ost_door		This door cannot be opened.	这扇门打不开	
DE_C1BROKENFRONT_B.TXT	5	voice	a1s0_Rayne18a.wav	$	Rayne: I'm done there.	莱恩：那边已经处理完了。	
DE_C1BROKENFRONT_B.TXT	6	voice	a1s0_Rayne17c.wav	$	Rayne: Nope, not done here.	莱恩：不行，这里还没完。	
DE_C1BROKENFRONT_B.TXT	7	voice	a3s1_soldier1_17.wav	NaziStables1	Soldier 1: Vampires!  Kill them!	士兵1：吸血鬼！杀了它们！	
DE_C1BROKENFRONT_B.TXT	8	voice	a3s1_officer1_1.wav	VampireDummy0	Officer: Help!  Help!  Somebody help me!  Christ!  Aaargh!	军官：救命！救命！谁来救救我！天哪！啊啊啊！	
DE_C1BROKENFRONT_B.TXT	9	voice	a3s1_soldier2_19.wav	NaziStables2	Soldier 2: They've got the Obersturmbandfuhrer!	士兵2：它们抓走党卫队中校了！	
DE_C1BROKENFRONT_B.TXT	10	voice	a6s1_rayne164.wav	$	Rayne: Hey!  That's my target!	莱恩：喂！那是我的目标！	
DE_C1BROKENFRONT_B.TXT	11	voice	a3s1_soldier1_18.wav	SoldierHallway1	Soldier 1: God!  Vampire!	士兵1：天哪！吸血鬼！	
DE_C1BROKENFRONT_B.TXT	12	voice	a3s1_soldier2_20.wav	SoldierHallway2	Soldier 2: Run!	士兵2：快跑！	
DE_C1BROKENFRONT_B.TXT	13	voice	a3s1_BarricadedOfficer_1.wav	NaziOfficer4	Officer: No, you idiot!  No retreat!  Kill them!	军官：不准跑，你这个白痴！不许撤退！杀了它们！	
DE_C1BROKENFRONT_B.TXT	14	voice	a3s1_soldier1_19.wav	SoldierHallway1	Soldier 1: Shoot!	士兵1：开枪！	
DE_C1BROKENFRONT_B.TXT	15	voice	a3s1_rayne16.wav	$	Rayne: Uh oh, better back up!	莱恩：不好，最好退远点！	
DE_C1BROKENFRONT_B.TXT	16	voice	a3s1_soldier1_20.wav	BellTowerSoldier1	Lookout Soldier 1: Sector 3 clear!  Status report!	瞭望兵1：三区安全！报告情况！	
DE_C1BROKENFRONT_B.TXT	17	voice	a3s1_soldier2_21.wav	BellTowerSoldier2	Lookout Soldier 2: One and two... can't tell!  Too foggy!	瞭望兵2：一区和二区……看不清！雾太大了！	
DE_C1BROKENFRONT_B.TXT	18	voice	a3s1_soldier1_21.wav	BellTowerSoldier1	Lookout Soldier 1: Squad C?	瞭望兵1：C小队呢？	
DE_C1BROKENFRONT_B.TXT	19	voice	a3s1_Soldier3_12.wav	BellTowerSoldier0	Lookout Soldier 3: Negative!  Squad is dead!	瞭望兵3：没了！整支小队都死了！	
DE_C1BROKENFRONT_B.TXT	20	voice	a3s1_soldier1_22.wav	BellTowerSoldier1	Lookout Soldier 1: Dammit.	瞭望兵1：该死。	
DE_C1BROKENFRONT_B.TXT	21	voice	a3s1_soldier1_23.wav	BellTowerSoldier1	Lookout Soldier 1: Radio HQ!	瞭望兵1：联络总部！	
DE_C1BROKENFRONT_B.TXT	22	voice	a3s1_soldier2_22.wav	BellTowerSoldier2	Lookout Soldier 2: Yes sir!	瞭望兵2：是，长官！	
DE_C1BROKENFRONT_B.TXT	23	voice	a3s1_soldier2_23.wav	BellTowerSoldier2	Lookout Soldier 2: Bell tower to HQ.  Bell tower to HQ.	瞭望兵2：钟楼呼叫总部，钟楼呼叫总部。	
DE_C1BROKENFRONT_B.TXT	24	voice	a3s1_soldier2_24.wav	BellTowerSoldier2	Lookout Soldier 2: Sir!  No answer!	瞭望兵2：长官！没有回应！	
DE_C1BROKENFRONT_B.TXT	25	voice	a3s1_soldier1_24.wav	BellTowerSoldier1	Lookout Soldier 1: Jesus Christ, what is going on?  Be ready for anything men!	瞭望兵1：天哪，到底出了什么事？所有人做好应付任何情况的准备！	
DE_C1BROKENFRONT_B.TXT	26	voice	a3s1_BarricadedOfficer_2.wav	NaziOfficer5	Officer: Hmmmm...hmmm...	军官：嗯……嗯……	
DE_C1BROKENFRONT_B.TXT	27	voice	a3s1_PhoneVoice_1.wav	none	Radio Voice: Mobile armor securing cathedral.  Opening secondary upper entrance.  Mobilize foot units and prepare infantry support.	无线电声音：机动装甲部队正在控制大教堂，上层备用入口即将开启。\n步兵单位立即出动，准备提供支援。	
DE_C1BROKENFRONT_B.TXT	28	voice	a3s1_PhoneVoice_2.wav	none	Radio Voice: Repeat. Secondary upper entrance is open.  Mobilize and enter.	无线电声音：重复，上层备用入口已经开启。各单位立即集结进入。	
DE_C1BROKENFRONT_B.TXT	29	voice	a3s1_rayne17.wav	$	Rayne: I hear you.  I'll be there in a minute.	莱恩：听到了。我马上过去。	
DE_C1BROKENFRONT_B.TXT	30	voice	a3s1_PhoneVoice_3.wav	none	Radio Voice: Wha...?  Who is this?	无线电声音：什……？你是谁？	
DE_C1BROKENFRONT_B.TXT	31	hud	obj_levelExit		Investigate the activities in the cathedral.	调查大教堂内的动静	
DE_C1BROKENFRONT_B.TXT	32	hud	MissionDescription		Old Gaustadt	旧高施塔特	
DE_C1BROKENFRONT_B.TXT	33	hud	ost_Bell		Hit the bell.	敲响大钟	
DE_C1CASTLE.TXT	0	hud	ost_mechOfficer1		Super Tank Lieutenant General G. Gosler: Eliminated.	超级坦克中将G.戈斯勒已消灭	
DE_C1CASTLE.TXT	1	hud	ost_objective		Eliminate Officer	消灭军官	
DE_C1CASTLE.TXT	2	hud	ost_firstObjective		Neutralize the Mobile Armor Unit.	摧毁机动装甲部队	
DE_C1CASTLE.TXT	3	hud	ost_secondObjective		Proceed to the main cathedral.	前往主教堂	
DE_C1CASTLE.TXT	4	hud	ost_thirdObjective		Eliminate enemy Mobile Armor Units.	消灭敌方机动装甲	
DE_C1CASTLE.TXT	5	voice	a3s2_rayne1.wav	none	Rayne: Oh yeah!  What are those!?	莱恩：哦，太棒了！那些是什么玩意儿？	
DE_C1CASTLE.TXT	6	voice	a3s2_rayne2.wav	none	Rayne: I want one.	莱恩：我也要一台。	
DE_C1CASTLE.TXT	7	voice	a3s2_MechPilot1_1.wav	none	Mobile Armor Pilot: Get off me!  Stop!	机动装甲驾驶员：从我身上下来！住手！	
DE_C1CASTLE.TXT	8	voice	a3s2_mechOfficer1.wav	none	Mobile Armor Officer: Hold your positions men.  Units 1 and 4 patrol zones according to plan.	机动装甲军官：各单位坚守位置。1号和4号机按计划巡逻各自区域。	
DE_C1CASTLE.TXT	9	voice	a3s2_mechOfficer2.wav	none	Mobile Armor Officer: Do you copy, Birken?	机动装甲军官：伯肯，收到没有？	
DE_C1CASTLE.TXT	10	voice	a3s2_MechPilot2_1.wav	none	Mobile Armor Pilot: I copy!	机动装甲驾驶员：收到！	
DE_C1CASTLE.TXT	11	voice	a3s2_MechPilot1_2.wav	none	Mobile Armor Pilot: Let's see how those vampires like feeding on a little German ingenuity...and mouthful of rockets.	机动装甲驾驶员：让那些吸血鬼尝尝德国人的智慧……再吃上一嘴火箭弹。	
DE_C1CASTLE.TXT	12	voice	a3s2_mechOfficer3.wav	none	Mobile Armor Officer: Keep the frequency clear!  Stay focused people!	机动装甲军官：保持频道畅通！都给我集中精神！	
DE_C1CASTLE.TXT	13	voice	a3s2_mechOfficer4.wav	none	Mobile Armor Officer: Proceed systematically.  Secure the area, then move on.	机动装甲军官：按程序推进。先控制区域，再继续前进。	
DE_C1CASTLE.TXT	14	voice	a3s2_mechOfficer5.wav	none	Mobile Armor Officer: And keep your radios open, I want to stay informed.	机动装甲军官：无线电保持开启，我要随时掌握情况。	
DE_C1CASTLE.TXT	15	voice	a3s2_MechPilot1_3.wav	none	Mobile Armor Pilot: Unit 3, you're in my zone.	机动装甲驾驶员：3号机，你闯进我的区域了。	
DE_C1CASTLE.TXT	16	voice	a3s2_mechOfficer6.wav	none	Mobile Armor Commander: Unit 3, REMAIN IN YOUR ZONE!  Do you copy, Unit 3?  Answer me, Unit 3!	机动装甲指挥官：3号机，留在你的区域！听到了吗，3号机？回答我！	
DE_C1CASTLE.TXT	17	voice	a3s2_MechPilot1_4.wav	none	Mobile Armor Pilot: Pull back, Unit 3!  I'm in the line of fire!	机动装甲驾驶员：3号机，退后！你挡住我的射界了！	
DE_C1CASTLE.TXT	18	voice	a3s2_rayne3.wav	none	Rayne: That's the plan.	莱恩：我就是故意的。	
DE_C1CASTLE.TXT	19	voice	a3s2_MechPilot1_5.wav	none	Mobile Armor Pilot: What!?	机动装甲驾驶员：什么！？	
DE_C1CASTLE.TXT	20	voice	a3s2_mechOfficer7.wav	none	Mobile Armor Commander: All units! Unit 3 has been commandeered!  All units attack!  I repeat, all units attack Unit 3!  Unit 3 is rogue!	机动装甲指挥官：所有单位注意！3号机已被敌人夺取！全体攻击！\n重复，所有单位攻击3号机！3号机已经叛变！	
DE_C1CASTLE.TXT	21	voice	a3s2_MechPilot1_6.wav	none	Mobile Armor Pilot: Who is this in unit 3?	机动装甲驾驶员：3号机里到底是谁？	
DE_C1CASTLE.TXT	22	voice	a3s2_rayne4.wav	none	Rayne: Just a girl wanting to play with the boys.	莱恩：一个想和男孩子们玩玩的姑娘。	
DE_C1CASTLE.TXT	23	voice	a3s2_MechPilot2_2.wav	none	Mobile Armor Pilot: For Christ's sake...it's a woman!	机动装甲驾驶员：见鬼……是个女人！	
DE_C1CASTLE.TXT	24	voice	a3s2_MechPilot3_1.wav	none	Mobile Armor Pilot: Jesus.	机动装甲驾驶员：我的天。	
DE_C1CASTLE.TXT	25	voice	a3s2_MechPilot2_3.wav	none	Mobile Armor Pilot: A woman can't operate a mobile armor.	机动装甲驾驶员：女人根本不会开机动装甲。	
DE_C1CASTLE.TXT	26	voice	a3s2_rayne5.wav	none	Rayne: You're gonna want to rethink that one Fritz.	莱恩：德国佬，你最好重新想想这句话。	
DE_C1CASTLE.TXT	27	voice	a3s2_MechPilot2_4.wav	none	Mobile Armor Pilot: You're dead.	机动装甲驾驶员：你死定了。	
DE_C1CASTLE.TXT	28	voice	a3s2_MechPilot1_7.wav	none	Mobile Armor Pilot: Hit her!  Give her some hell!	机动装甲驾驶员：打她！给她点厉害瞧瞧！	
DE_C1CASTLE.TXT	29	voice	a3s2_mechOfficer8.wav	none	Mobile Armor Commander: Attack formation!  Do not let up!	机动装甲指挥官：组成攻击阵形！别停火！	
DE_C1CASTLE.TXT	30	voice	a3s2_MechPilot3_2.wav	none	Mobile Armor Pilot: Come on, sweetheart.  Do you look as good as you sound?	机动装甲驾驶员：来吧，宝贝。你长得有声音这么好听吗？	
DE_C1CASTLE.TXT	31	voice	a3s2_MechPilot2_6.wav	none	Mobile Armor Pilot: She won't in a second.	机动装甲驾驶员：马上就不好看了。	
DE_C1CASTLE.TXT	32	voice	a3s2_rayne6.wav	none	Rayne: Even on my worst day I look better than you two.	莱恩：我状态最差的时候，也比你们两个好看。	
DE_C1CASTLE.TXT	33	voice	a3s2_MechPilot2_7.wav	none	Mobile Armor Pilot: You know, I've had about enough of you!	机动装甲驾驶员：我受够你了！	
DE_C1CASTLE.TXT	34	voice	a3s2_rayne7.wav	none	Rayne: Now you sound serious.	莱恩：这回听着倒挺认真。	
DE_C1CASTLE.TXT	35	voice	a3s2_mechOfficer10.wav	none	Mobile Armor Commander: Somebody put a sock in her!	机动装甲指挥官：谁来堵住她的嘴！	
DE_C1CASTLE.TXT	36	voice	a3s2_MechPilot1_8.wav	none	Mobile Armor Pilot: I'm going to cut you down.	机动装甲驾驶员：我要把你撕碎。	
DE_C1CASTLE.TXT	37	voice	a3s2_rayne8.wav	none	Rayne: Yeah, yeah.  And the other one will blow me to hell.  What, do you guys read the same comic books?	莱恩：对，对。另一个还要把我炸上天。你们是不是看同一本漫画学的台词？	
DE_C1CASTLE.TXT	38	voice	a3s2_MechPilot3_3.wav	none	Mobile Armor Pilot: I will...dammit.  Over and out.	机动装甲驾驶员：我会……该死。通话结束。	
DE_C1CASTLE.TXT	39	voice	a3s2_rayne9.wav	none	Rayne: Tell ya what...I'll only use my left hand.  I could close my eyes, too.  We should be about even then.	莱恩：这样吧……我只用左手。眼睛也可以闭上。这样应该就公平了。	
DE_C1CASTLE.TXT	40	voice	a3s2_mechOfficer11.wav	none	Mobile Armor Commander: Your joking will end soon.	机动装甲指挥官：你很快就笑不出来了。	
DE_C1CASTLE.TXT	41	voice	a3s2_rayne10.wav	none	Rayne: But I haven't even told you the one about the banana and the Easter Bunny.	莱恩：可我还没讲香蕉和复活节兔子的笑话呢。	
DE_C1CASTLE.TXT	42	voice	a3s2_MechPilot2_8.wav	none	Mobile Armor Pilot: Shoot her legs out from under her!	机动装甲驾驶员：打断她的腿！	
DE_C1CASTLE.TXT	43	voice	a3s2_rayne11.wav	none	Rayne: You guys have been aiming?	莱恩：你们刚才一直在瞄准？	
DE_C1CASTLE.TXT	44	voice	a3s2_rayne12.wav	none	Rayne: Too easy!  I'm dealing with amateurs.	莱恩：太简单了！原来都是些菜鸟。	
DE_C1CASTLE.TXT	45	voice	a3s2_MechPilot2_9.wav	none	Mobile Armor Pilot: Birken's down!	机动装甲驾驶员：伯肯被干掉了！	
DE_C1CASTLE.TXT	46	voice	a3s2_MechPilot2_10.wav	none	Mobile Armor Pilot: She's hit Langenfeld!	机动装甲驾驶员：她打中了朗根费尔德！	
DE_C1CASTLE.TXT	47	voice	a3s2_RadioVoice_8.wav	none	Radio Voice: Leutnant Grueber to Generalstabsuberpanzer Gosler: bridge to the second castle has been breached.	无线电声音：格鲁伯中尉呼叫总参谋部超级装甲指挥官戈斯勒：\n通往第二座城堡的桥已被突破。	
DE_C1CASTLE.TXT	48	voice	a3s2_RadioVoice_9.wav	none	Radio Voice: The lift at the top of the cathedral has been activated.	无线电声音：大教堂顶部的升降机已经启动。	
DE_C1CASTLE.TXT	49	voice	a3s2_RadioVoice_10.wav	none	Radio Voice: Jetpack troops mobilize!  Exercise extreme caution!	无线电声音：喷气背包部队出动！务必提高警惕！	
DE_C1CASTLE.TXT	50	voice	a3s2_mechOfficer12.wav	none	Radio Voice: Stand by!  We have a rogue mobile armor unit.  Repeat, we have a rogue!	无线电声音：各单位待命！有一台机动装甲失控。重复，有一台机动装甲失控！	
DE_C1CASTLE.TXT	51	voice	a3s2_RadioVoice_11.wav	none	Radio Voice: Oh my God.	无线电声音：我的天。	
DE_C1CASTLE.TXT	52	voice	a3s2_RadioVoice_12.wav	none	Radio Voice: Fall back!  Fall back!	无线电声音：撤退！快撤！	
DE_C1CASTLE.TXT	53	voice	a3s2_rayne13.wav	none	Rayne: Attack.  Fall back.  Mobilize.  Which one is it?	莱恩：进攻、撤退、出动……到底要我干哪个？	
DE_C1CASTLE.TXT	54	voice	a3s2_rayne14.wav	none	Rayne: Rayne three, Krauts zero.	莱恩：莱恩三分，德国佬零分。	
DE_C1CASTLE.TXT	55	voice	a3s2_MechPilot2_11.wav	none	Mobile Armor Pilot 2: She got Logau!  Call headquarters!	机动装甲驾驶员2：她干掉洛高了！快联系总部！	
DE_C1CASTLE.TXT	56	voice	a3s2_rayne15.wav	none	Rayne: Say boys, I'm running out of targets.  Anymore like you at home?	莱恩：我说，各位，我都快没目标了。你们家里还有同款吗？	
DE_C1CASTLE.TXT	57	voice	a3s2_rayne16.wav	none	Rayne: Just you and me, Gosler.	莱恩：现在只剩你和我了，戈斯勒。	
DE_C1CASTLE.TXT	58	voice	a3s2_mechOfficer13.wav	none	Mobile Armor Officer: Who are you?  How do you know my name?	机动装甲军官：你是谁？你怎么知道我的名字？	
DE_C1CASTLE.TXT	59	voice	a3s2_rayne17.wav	none	Rayne: I've got a shopping list.  And we fresh ran out of Gosler.  The others were just for fun.	莱恩：我有张购物清单，上面正好还缺一个戈斯勒。其他人只是顺手收拾。	
DE_C1CASTLE.TXT	60	voice	a3s2_mechOfficer14.wav	none	Mobile Armor Officer: Don't kill me.  I'll give you what you want.  You want the plans for our mobile armor?  Anything.  Just name it!	机动装甲军官：别杀我！你要什么我都给！想要机动装甲的设计图吗？\n什么都行，你尽管说！	
DE_C1CASTLE.TXT	61	voice	a3s2_rayne18.wav	none	Rayne: Good.  Here it is: you listening?	莱恩：很好。听清楚了吗？	
DE_C1CASTLE.TXT	62	voice	a3s2_mechOfficer15.wav	none	Mobile Armor Officer: Yes, I am listening.	机动装甲军官：听着，我在听。	
DE_C1CASTLE.TXT	63	voice	a3s2_rayne19.wav	none	Rayne: I want you dead.	莱恩：我要你死。	
DE_C1CASTLE.TXT	64	voice	a6s1_rayne167.wav	$	Rayne: Uh oh, it's overheating.  Better bail out.	莱恩：糟了，快过热了。得赶紧跳出去。	
DE_C1CASTLE.TXT	65	voice	a3s2_rayne20.wav	$	Rayne: I wish I could take that thing with me.  But it's too cumbersome for where I'm going.	莱恩：真想把这东西一起带走，可我要去的地方实在容不下它。	
DE_C1CASTLE.TXT	66	voice	a3s2_Soldier1_1.wav	SoldierJPGflee0	Soldier 1: God, what is it?	士兵1：天哪，那是什么？	
DE_C1CASTLE.TXT	67	voice	a3s2_Soldier2_1.wav	SoldierJPGflee1	Soldier 2: Scheisse!  We're in trouble!	士兵2：该死！麻烦大了！	
DE_C1CASTLE.TXT	68	voice	a3s2_Soldier3_13.wav	SoldierJPGflee0	Soldier 3: Watch out!  Move!	士兵3：小心！快躲开！	
DE_C1CASTLE.TXT	69	voice	a3s2_Soldier2_2.wav	SoldierJPGflee1	Soldier 2: Get the hell out of the way!	士兵2：都给我滚开！	
DE_C1CASTLE.TXT	70	voice	a3s2_Soldier1_2.wav	SoldierJPGflee0	Soldier 1: Go that way!	士兵1：往那边走！	
DE_C1CASTLE.TXT	71	voice	a3s2_Soldier2_3.wav	SoldierJPGflee1	Soldier 2: Move it!	士兵2：快动！	
DE_C1CASTLE.TXT	72	voice	a6s1_rayne187.wav	none	Rayne: He's gonna blow!	莱恩：它要爆了！	
DE_C1CASTLE.TXT	73	voice	a3s2_rayne21.wav	$	Rayne: I can't jump that far.	莱恩：我跳不了那么远。	
DE_C1CASTLE.TXT	74	voice	a1s0_Rayne18a.wav	$	Rayne: I'm done there.	莱恩：那边已经处理完了。	
DE_C1CASTLE.TXT	75	voice	a1s0_Rayne13b.wav	$	Rayne: Won't budge.	莱恩：纹丝不动。	
DE_C1CASTLE.TXT	76	hud	OST_MechInstructions		Jump on top of the Mobile Armor Unit to gain control of it.	跳到机动装甲顶部，即可夺取控制权	
DE_C1CASTLE.TXT	77	hud	OST_MechControl1		Control the Mobile Armor Unit the same way you control BloodRayne.	机动装甲的操作方式与莱恩相同	
DE_C1CASTLE.TXT	78	hud	OST_MechControl2		Hold @@action1buttonname@@ to activate the chain gun.  Press @@action2buttonname@@ to fire the rocket launcher.  Press @@harpoonbitebuttonname@@ to launch a grenade.	按住@@action1buttonname@@启动链式机枪。按@@action2buttonname@@发射火箭弹。按@@harpoonbitebuttonname@@投射榴弹	
DE_C1CASTLE.TXT	79	hud	ost_ExitMech		Move towards the altar to exit the Mobile Armor Unit.	走向祭坛，离开机动装甲	
DE_C1CASTLE.TXT	80	hud	obj_mechOfficer1		G.G.G. - Mobile Armor Major General G. Gosler	反幽灵小组——机动装甲少将G.戈斯勒	
DE_C1CASTLE.TXT	81	hud	obj_mechExit		Move towards the altar to exit the Mobile Armor Unit.	走向祭坛，离开机动装甲	
DE_C1CASTLE.TXT	82	hud	obj_bridgeExit		Climb the scaffolding to find the exit.	爬上脚手架，寻找出口	
DE_C1CASTLE.TXT	83	hud	MissionDescription		Unholy Mecha	邪秽机甲	
DE_C2COURTYARD.TXT	0	hud	obj_officer1		1st Lieutenant Arno Samsa	阿尔诺·萨姆萨中尉	
DE_C2COURTYARD.TXT	1	hud	obj_airstrike		Escape from the air strike.	逃离空袭	
DE_C2COURTYARD.TXT	2	hud	obj_wallAccess		Access the tower through the shattered wall.	从破损的墙壁进入高塔	
DE_C2COURTYARD.TXT	3	hud	obj_window		Escape from the tower.	逃离高塔	
DE_C2COURTYARD.TXT	4	hud	ost_officer1		1st Lieutenant Arno Samsa: Eliminated.	阿尔诺·萨姆萨中尉已消灭	
DE_C2COURTYARD.TXT	5	hud	ost_objective		Eliminate Officer	消灭军官	
DE_C2COURTYARD.TXT	6	hud	ost_door		This door cannot be opened.	这扇门打不开。	
DE_C2COURTYARD.TXT	7	hud	ost_jump		Jump!	跳！	
DE_C2COURTYARD.TXT	8	voice	a1s0_Rayne18a.wav	$	Rayne: I'm done there.	莱恩：那边已经处理完了。	
DE_C2COURTYARD.TXT	9	voice	a3s4_rayne1.wav	none	Rayne: Oh, a party!  And nobody invited me?  That just makes me mad.	莱恩：哦，在开派对啊！居然没人请我？我可生气了。	
DE_C2COURTYARD.TXT	10	voice	a6s1_rayne184.wav	$	Rayne: I'd better get the hell out of here!	莱恩：得赶紧离开这鬼地方！	
DE_C2COURTYARD.TXT	11	hud	MissionDescription		Courtyard	庭院	
DE_C2FRONT.TXT	0	hud	ost_Officer4		Lieutenant-Colonel Hans Eldrich: Eliminated.	汉斯·埃尔德里希中校已消灭	
DE_C2FRONT.TXT	1	hud	ost_Officer2		General Officer C. Reichard: Eliminated.	C.赖夏德将官已消灭	
DE_C2FRONT.TXT	2	hud	ost_objective		Eliminate Officers	消灭军官	
DE_C2FRONT.TXT	3	hud	ost_door		This door cannot be opened.	这扇门打不开。	
DE_C2FRONT.TXT	4	voice	a1s0_Rayne17c.wav	$	Rayne: Nope, not done here.	莱恩：不行，这里的工作还没做完。	
DE_C2FRONT.TXT	5	voice	a1s0_Rayne18a.wav	$	Rayne: I'm done there.	莱恩：那边已经处理完了。	
DE_C2FRONT.TXT	6	voice	a3s5_rayne2.wav	$	Rayne: Hi, sweetie.	莱恩：你好啊，亲爱的。	
DE_C2FRONT.TXT	7	voice	a3s5_CoweringOff1.wav	SoldierOfficer2_Tower0	Officer: Oh God!  Aaaaaaarrrrrgggghhhhh!	军官：天哪！啊啊啊啊啊！	
DE_C2FRONT.TXT	8	voice	a3s5_CoweringOff2.wav	SoldierOfficer2_Tower0	Officer: Get away!  Christ!  Go away!  Leave me alone!	军官：走开！见鬼！滚开！别碰我！	
DE_C2FRONT.TXT	9	voice	a6s1_rayne165.wav	$	Rayne: My target from the stables.  I guess I can check you off the list.	莱恩：原来你就是马厩里的那个目标，名单上的名字可以划掉一个了。	
DE_C2FRONT.TXT	10	voice	a3s6_Hedrox3_8.wav	VampireHedrox1	Hedrox: Hedrox wants the secret.	赫德罗克斯：赫德罗克斯想知道秘密。	
DE_C2FRONT.TXT	11	voice	a2s16_Soldier2_2.wav	none	Soldier: Get the hell out of here!  Shnell, mach, schnell!	士兵：快离开这里！快、快、快！	
DE_C2FRONT.TXT	12	voice	a6s1_rayne184.wav	$	Rayne: I'd better get the hell out of here!	莱恩：得赶紧离开这鬼地方！	
DE_C2FRONT.TXT	13	voice	a2s9_rayne1.wav	$	Rayne: Wow, that was unexpected.	莱恩：哇，真没想到。	
DE_C2FRONT.TXT	14	hud	obj_Officer4		Lieutenant-Colonel Hans Eldrich.	汉斯·埃尔德里希中校	
DE_C2FRONT.TXT	15	hud	obj_Officer2		General Officer Josef Wampole.	约瑟夫·万波尔将官	
DE_C2FRONT.TXT	16	hud	obj_exitDoor		Proceed to the courtyard door.	前往庭院大门	
DE_C2FRONT.TXT	17	hud	MissionDescription		Nightfall	夜幕降临	
DE_C2START.TXT	0	hud	ost_mentor		G.G.G. - High Commander: Eliminated	反幽灵小组 - 最高指挥官：已消灭	
DE_C2START.TXT	1	hud	ost_objective1		Destroy all opposition	消灭所有敌人	
DE_C2START.TXT	2	hud	ost_objective2		Eliminate Officer	消灭军官	
DE_C2START.TXT	3	voice	a3s3_rayne1.wav	$	Rayne: What!  Mynce is...alive?	莱恩：什么！明斯……还活着？	
DE_C2START.TXT	4	voice	a3s3_rayne2.wav	$	Rayne: ...and she's working for that bastard Wulf?	莱恩：……而且她在替沃尔夫那个混蛋卖命？	
DE_C2START.TXT	5	voice	a3s3_rayne3.wav	$	Rayne: No, no, no!	莱恩：不，不，不！	
DE_C2START.TXT	6	voice	a3s3_rayne4.wav	$	Rayne: That bitch.  I'm going to tear her apart.	莱恩：那个婊子，我要把她撕成碎片。	
DE_C2START.TXT	7	voice	a3s3_rayne5.wav	$	Rayne: I thought you were dead.	莱恩：我以为你已经死了。	
DE_C2START.TXT	8	voice	a3s3_mynce1.wav	MentorBoss0	Mynce: Thinking never was your strong point.	明斯：动脑子从来就不是你的强项。	
DE_C2START.TXT	9	voice	a3s3_rayne6.wav	$	Rayne: You traitorous bitch!	莱恩：你这个叛徒！	
DE_C2START.TXT	10	voice	a3s3_mynce2.wav	MentorBoss0	Mynce: That really hurt.  Are you here to talk or do something about it?	明斯：哎呀，真伤人。你是来聊天的，还是来动手的？	
DE_C2START.TXT	11	voice	a3s3_rayne8.wav	$	Rayne: Why are you doing this?	莱恩：你为什么要这么做？	
DE_C2START.TXT	12	voice	a3s3_mynce3.wav	MentorBoss0	Mynce: Come on little girl.  Let's see what you've got.	明斯：来吧，小姑娘，让我看看你有多少本事。	
DE_C2START.TXT	13	voice	a3s3_mynce4.wav	MentorBoss0	Mynce: C'mon, Rayne, keep up!	明斯：快点，莱恩，跟上！	
DE_C2START.TXT	14	voice	a3s3_rayne9.wav	$	Rayne: Come and get me!	莱恩：来抓我啊！	
DE_C2START.TXT	15	voice	a3s3_mynce5.wav	MentorBoss0	Mynce: What are you waiting for?	明斯：还在等什么？	
DE_C2START.TXT	16	voice	a3s3_mynce6.wav	MentorBoss0	Mynce: You scared?	明斯：害怕了？	
DE_C2START.TXT	17	voice	a3s3_rayne10.wav	$	Rayne: What happened to you?!	莱恩：你到底怎么了？！	
DE_C2START.TXT	18	voice	a3s3_mynce7.wav	MentorBoss0	Mynce: I would be more concerned with what will happen to you!	明斯：你还是先担心担心自己会怎么样吧！	
DE_C2START.TXT	19	voice	a3s3_rayne11.wav	$	Rayne: Why'd you betray us?	莱恩：你为什么背叛我们？	
DE_C2START.TXT	20	voice	a3s3_mynce8.wav	MentorBoss0	Mynce: Open your eyes Rayne!  For once.  Can't you see?  You've got to pick your sides more carefully.	明斯：瞪大眼睛看看吧，莱恩！\n就这一次，你还看不出来吗？\n选边站的时候，你得更聪明一点。	
DE_C2START.TXT	21	voice	a3s3_rayne12.wav	$	Rayne: What about the Brimstone Society?	莱恩：那硫磺会呢？	
DE_C2START.TXT	22	voice	a3s3_mynce9.wav	MentorBoss0	Mynce: Shut up and fight, BloodRayne!	明斯：闭嘴吧，来战，吸血莱恩！	
DE_C2START.TXT	23	voice	a3s3_mynce13.wav	MentorBoss0	Mynce: Now we play for keeps.	明斯：现在可要动真格了。	
DE_C2START.TXT	24	voice	a3s3_rayne15.wav	$	Rayne: Don't make me do this.	莱恩：别逼我这么做。	
DE_C2START.TXT	25	voice	a3s3_mynce14.wav	MentorBoss0	Mynce: Aaaaaaaahhhh!	明斯：啊啊啊啊！	
DE_C2START.TXT	26	voice	a3s3_rayne16.wav	$	Rayne: It's finished.	莱恩：结束了。	
DE_C2START.TXT	27	voice	a3s3_rayne17.wav	$	Rayne: Mynce!	莱恩：明斯！	
DE_C2START.TXT	28	voice	a3s3_mynce15.wav	MentorBoss0	Mynce: Ungh...goodbye, Rayne.	明斯：呃……再见了，莱恩。	
DE_C2START.TXT	29	voice	a3s3_mynce16.wav	MentorBoss0	Mynce: Aaaaaaaahhhh!	明斯：啊啊啊啊！	
DE_C2START.TXT	30	hud	obj_mentor		G.G.G. - High Commander	反幽灵小组 - 最高指挥官	
DE_C2START.TXT	31	hud	obj_exitDoor		Seek targets in other areas	前往其他区域搜寻目标	
DE_C2START.TXT	32	hud	MissionDescription		Teachers and Traitors	恩师与叛徒	
DE_C2WINDMILL.TXT	0	hud	ost_objective		Eliminate Hedrox	消灭赫德罗克斯	
DE_C2WINDMILL.TXT	1	hud	ost_strategy		Break the support beams to destablize the wooden floor and force Hedrox into the water below.	破坏支撑梁，使木地板坍塌，把赫德罗克斯逼入下方水中	
DE_C2WINDMILL.TXT	2	voice	a3s6_rayne4.wav	$	Rayne: Hedrox.	莱恩：赫德罗克斯。	
DE_C2WINDMILL.TXT	3	voice	a3s6_Hedrox1_1.wav	Hedrox1	Hedro Hello, Rayne.	赫德罗克斯：你好，莱恩。	
DE_C2WINDMILL.TXT	4	voice	a3s6_Hedrox2_1.wav	Hedrox2	Hedrox: Hello.	赫德罗克斯：你好。	
DE_C2WINDMILL.TXT	5	voice	a3s6_Hedrox3_1.wav	Hedrox3	Hedrox: Hello.	赫德罗克斯：你好。	
DE_C2WINDMILL.TXT	6	voice	a3s6_rayne5.wav	$	Rayne: Long way from home Hedrox.  What's the score?	莱恩：离老家挺远啊，赫德罗克斯，现在是什么情况？	
DE_C2WINDMILL.TXT	7	voice	a3s6_Hedrox2_2.wav	Hedrox2	Hedrox: The relic.	赫德罗克斯：遗物。	
DE_C2WINDMILL.TXT	8	voice	a3s6_Hedrox1_2.wav	Hedrox1	Hedrox: Relic.	赫德罗克斯：遗物。	
DE_C2WINDMILL.TXT	9	voice	a3s6_Hedrox3_2.wav	Hedrox3	Hedrox: We want the heart.	赫德罗克斯：我们想要那颗心。	
DE_C2WINDMILL.TXT	10	voice	a3s6_Hedrox1_3.wav	Hedrox1	Hedrox: We want...	赫德罗克斯：我们想要……	
DE_C2WINDMILL.TXT	11	voice	a3s6_Hedrox2_3.wav	Hedrox2	Hedrox: ...Beliar's heart.	赫德罗克斯：……贝利亚之心。	
DE_C2WINDMILL.TXT	12	voice	a3s6_Hedrox1_4.wav	Hedrox1	Hedrox: Hedrox thought the previous owner, Count Voicu...	赫德罗克斯：赫德罗克斯以为上一任主人沃伊库伯爵……	
DE_C2WINDMILL.TXT	13	voice	a3s6_Hedrox3_3.wav	Hedrox3	Hedrox: ...hid the relic.	赫德罗克斯：……把遗物藏了起来。	
DE_C2WINDMILL.TXT	14	voice	a3s6_Hedrox2_4.wav	Hedrox2	Hedrox: Hedrox found Voicu here...	赫德罗克斯：赫德罗克斯在这里找到了沃伊库……	
DE_C2WINDMILL.TXT	15	voice	a3s6_Hedrox1_5.wav	Hedrox1	Hedrox: ...and threw him to his death.	赫德罗克斯：……把他扔下去摔死了。	
DE_C2WINDMILL.TXT	16	voice	a3s6_Hedrox3_4.wav	Hedrox3	Hedrox: Death.	赫德罗克斯：死了。	
DE_C2WINDMILL.TXT	17	voice	a3s6_Hedrox2_5.wav	Hedrox2	Hedrox: You saw Hedrox eat the human's mind...	赫德罗克斯：你看见赫德罗克斯吃掉了那个人类的脑子……	
DE_C2WINDMILL.TXT	18	voice	a3s6_Hedrox3_5.wav	Hedrox3	Hedrox: ...and Hedrox learned Voicu wore the relic on his crown...	赫德罗克斯：……赫德罗克斯才知道，沃伊库一直把遗物戴在王冠上……	
DE_C2WINDMILL.TXT	19	voice	a3s6_Hedrox1_6.wav	Hedrox1	Hedrox: ...the whole time.	赫德罗克斯：……从头到尾都是。	
DE_C2WINDMILL.TXT	20	voice	a3s6_Hedrox1_7.wav	Hedrox1	Hedrox: The human, Jurgen Wulf, is much more than human...	赫德罗克斯：那个人类，尤尔根·沃尔夫，早已不只是人类……	
DE_C2WINDMILL.TXT	21	voice	a3s6_Hedrox2_7.wav	Hedrox2	Hedrox: There are relics in his body.	赫德罗克斯：他的身体里有遗物。	
DE_C2WINDMILL.TXT	22	voice	a3s6_Hedrox3_7.wav	Hedrox3	Hedrox: Relics.	赫德罗克斯：遗物。	
DE_C2WINDMILL.TXT	23	voice	a3s6_Hedrox1_8.wav	Hedrox1	Hedrox: Relics not unlike the one in you, Rayne.	赫德罗克斯：和你体内那件很像的遗物，莱恩。	
DE_C2WINDMILL.TXT	24	voice	a3s6_Hedrox3_8.wav	Hedrox3	Hedrox: Hedrox wants the secret.	赫德罗克斯：赫德罗克斯想知道秘密。	
DE_C2WINDMILL.TXT	25	voice	a3s6_Hedrox1_9.wav	Hedrox1	Hedrox: Secret...	赫德罗克斯：秘密……	
DE_C2WINDMILL.TXT	26	voice	a3s6_Hedrox2_8.wav	Hedrox2	Hedrox: Tell Hedrox, how does Hedrox put the relic in the body?	赫德罗克斯：告诉赫德罗克斯，怎样才能把遗物放进身体里？	
DE_C2WINDMILL.TXT	27	voice	a3s6_rayne6.wav	$	Rayne: Sure.  You have to cut your heart out and replace it with Beliar's.	莱恩：当然。先把自己的心挖出来，再换上贝利亚的。	
DE_C2WINDMILL.TXT	28	voice	a3s6_Hedrox2_9.wav	Hedrox2	Hedrox: He he he.  Rayne amuses Hedrox.	赫德罗克斯：嘿嘿嘿，莱恩真有意思。	
DE_C2WINDMILL.TXT	29	voice	a3s6_Hedrox1_10.wav	Hedrox1	Hedrox: Rayne.	赫德罗克斯：莱恩。	
DE_C2WINDMILL.TXT	30	voice	a3s6_Hedrox3_9.wav	Hedrox2	Hedrox: Do you not think Hedrox has tried?	赫德罗克斯：你以为赫德罗克斯没试过？	
DE_C2WINDMILL.TXT	31	voice	a3s6_Hedrox1_11.wav	Hedrox3	Hedrox: Did she hope Hedrox would perish in such an attempt?	赫德罗克斯：你是不是盼着赫德罗克斯试的时候死掉？	
DE_C2WINDMILL.TXT	32	voice	a3s6_Hedrox2_10.wav	Hedrox2	Hedrox: Does Rayne forget?	赫德罗克斯：莱恩忘了吗？	
DE_C2WINDMILL.TXT	33	voice	a3s6_Hedrox1_12.wav	Hedrox1	Hedrox: Hedrox is INFINITE.	赫德罗克斯：赫德罗克斯是无穷无尽的。	
DE_C2WINDMILL.TXT	34	voice	a3s6_Hedrox2_11.wav	Hedrox2	Hedrox: Hedrox wants the secret!	赫德罗克斯：赫德罗克斯要知道秘密！	
DE_C2WINDMILL.TXT	35	voice	a3s6_Hedrox3_10.wav	Hedrox3	Hedrox: Hedrox will tear Rayne's eye out...	赫德罗克斯：赫德罗克斯会挖出莱恩的眼睛……	
DE_C2WINDMILL.TXT	36	voice	a3s6_Hedrox1_13.wav	Hedrox1	Hedrox: ...and eat her mind.	赫德罗克斯：……再吃掉她的脑子。	
DE_C2WINDMILL.TXT	37	voice	a3s6_Hedrox3_11.wav	Hedrox3	Hedrox: Eat...	赫德罗克斯：吃掉……	
DE_C2WINDMILL.TXT	38	voice	a3s6_Hedrox2_12.wav	Hedrox2	Hedrox: ...to find it.	赫德罗克斯：……然后找出秘密。	
DE_C2WINDMILL.TXT	39	voice	a5s1_rayne19.wav	$	Rayne: Uh huh.	莱恩：是哦。	
DE_C2WINDMILL.TXT	40	voice	a5s1_rayne20.wav	$	Rayne: Hedrox, I'm going to do the same thing to you that you did to Voicu.	莱恩：赫德罗克斯，我会把你对沃伊库做的事，原样奉还给你。	
DE_C2WINDMILL.TXT	41	voice	a5s1_rayne21.wav	$	Rayne: Over here, Hedrox!	莱恩：这边，赫德罗克斯！	
DE_C2WINDMILL.TXT	42	voice	a5s1_rayne22.wav	$	Rayne: Come and get me!	莱恩：来抓我啊！	
DE_C2WINDMILL.TXT	43	voice	a5s1_rayne23.wav	$	Rayne: Oooooo. So scary!	莱恩：哦，好吓人啊！	
DE_C2WINDMILL.TXT	44	voice	a5s1_rayne24.wav	$	Rayne: Come on!	莱恩：来吧！	
DE_C2WINDMILL.TXT	45	voice	a3s6_Hedrox3_12.wav	HedroxF_3	Hedrox: Heheheheh!	赫德罗克斯：嘿嘿嘿嘿！	
DE_C2WINDMILL.TXT	46	voice	a3s6_Hedrox2_13.wav	HedroxF_2	"Hedrox: You understand the word ""infinite,"" Rayne?"	赫德罗克斯：你明白“无穷”是什么意思吗，莱恩？	
DE_C2WINDMILL.TXT	47	voice	a3s6_Hedrox1_14.wav	HedroxF_1	Hedrox: We are infinite.	赫德罗克斯：我们无穷无尽。	
DE_C2WINDMILL.TXT	48	voice	a3s6_Hedrox3_13.wav	HedroxF_3	Hedrox: Infinite...	赫德罗克斯：无穷……	
DE_C2WINDMILL.TXT	49	voice	a3s6_Hedrox1_15.wav	HedroxF_1	Hedrox: Keep cutting.	赫德罗克斯：继续砍。	
DE_C2WINDMILL.TXT	50	voice	a3s6_Hedrox2_14.wav	HedroxF_2	Hedrox: Cut us.	赫德罗克斯：砍我们。	
DE_C2WINDMILL.TXT	51	voice	a3s6_Hedrox3_14.wav	HedroxF_3	Hedrox: Cut us and meet more of us.	赫德罗克斯：每砍一次，就会见到更多的我们。	
DE_C2WINDMILL.TXT	52	voice	a5s1_rayne25.wav	$	Rayne: Know why I love you?  Cause you're smart.	莱恩：知道我为什么喜欢你吗？因为你很聪明。	
DE_C2WINDMILL.TXT	53	voice	a5s1_rayne26.wav	$	Rayne: Ah, but there's lots more where you came from, right?	莱恩：不过像你这样的还有一大堆，对吧？	
DE_C2WINDMILL.TXT	54	voice	a5s1_rayne27.wav	$	Rayne: You wanna call em?  Or, how 'bout you cut some more of yourself right now?	莱恩：要不要把它们叫来？或者你现在再把自己多切几块？	
DE_C2WINDMILL.TXT	55	voice	a5s1_rayne28.wav	$	Rayne: I will kill you over and over until there are none of you left.	莱恩：我会一遍又一遍地杀你，直到一个都不剩。	
DE_C2WINDMILL.TXT	56	voice	a5s1_rayne29.wav	$	Rayne: One, two, twenty, a thousand.  You always equal zero to me, Hedrox.	莱恩：一个、两个、二十个、一千个。对我来说，加起来永远都是零，赫德罗克斯。	
DE_C2WINDMILL.TXT	57	voice	a3s6_Hedrox1_16.wav	HedroxExit0	Hedrox: Hedrox doesn't need Rayne.  Hedrox will change someone else's mind...	赫德罗克斯：赫德罗克斯不需要莱恩，赫德罗克斯会去给别人换换脑子……	
DE_C2WINDMILL.TXT	58	hud	obj_hedrox		Hedrox	赫德罗克斯	
DE_C2WINDMILL.TXT	59	hud	obj_exit		Chase Hedrox through the broken wall.	穿过破墙，追上赫德罗克斯	
DE_C2WINDMILL.TXT	60	hud	MissionDescription		The Windmill	风车	
DE_C3BOSSROOM.TXT	0	hud	MissionDescription		Of Wulfs and Demons	沃尔夫与恶魔	
DE_C3BOSSROOM.TXT	1	hud	ost_door		This door cannot be opened.	这扇门打不开	
DE_C3BOSSROOM.TXT	2	hud	c3_bossroom_ob13		Get Beliar's heart away from Hedrox and Wulf.	从赫德罗克斯和沃尔夫手中夺回贝利亚之心	
DE_C3BOSSROOM.TXT	3	hud	c3_bossroom_obj2		Kill Wulf.	杀死沃尔夫	
DE_C3BOSSROOM.TXT	4	hud	c3_bossroom_obj3		Kill Beliar.	杀死贝利亚	
DE_C3BOSSROOM.TXT	5	voice	a3s10_Wulf1.wav	Wulf	Wulf: Give me the heart, Hedrox!	沃尔夫：把心交给我，赫德罗克斯！	
DE_C3BOSSROOM.TXT	6	voice	a3s10_Hedrox1_1.wav	Hedrox1	Hedrox: No.	赫德罗克斯：不。	
DE_C3BOSSROOM.TXT	7	voice	a3s10_Hedrox3_1.wav	Hedrox3	Hedrox: No.	赫德罗克斯：不。	
DE_C3BOSSROOM.TXT	8	voice	a3s10_Hedrox2_1.wav	Hedrox2	Hedrox: Mine.	赫德罗克斯：我的。	
DE_C3BOSSROOM.TXT	9	voice	a3s10_Hedrox3_2.wav	Hedrox3	Hedrox: So glad all are here.	赫德罗克斯：大家都到齐了，真好。	
DE_C3BOSSROOM.TXT	10	voice	a3s10_Hedrox2_2.wav	Hedrox2	Hedrox: So glad...	赫德罗克斯：真高兴……	
DE_C3BOSSROOM.TXT	11	voice	a3s10_Hedrox3_3.wav	Hedrox3	Hedrox: ...you brought Beliar's parts.	赫德罗克斯：……你把贝利亚的残躯带来了。	
DE_C3BOSSROOM.TXT	12	voice	a3s10_Hedrox2_3.wav	Hedrox2	Hedrox: Hedrox now knows the secret.	赫德罗克斯：赫德罗克斯现在知道秘密了。	
DE_C3BOSSROOM.TXT	13	voice	a3s10_Hedrox3_4.wav	Hedrox3	Hedrox: Here's a present for your collection, Rayne.	赫德罗克斯：送你一件收藏品，莱恩。	
DE_C3BOSSROOM.TXT	14	voice	a3s10_rayne1.wav	$	Rayne: Oberleutnant Bogue.	莱恩：博格中尉。	
DE_C3BOSSROOM.TXT	15	voice	a3s10_Hedrox1_3.wav	Hedrox1	Hedrox: He guessed the answer for Hedrox.	赫德罗克斯：他替赫德罗克斯猜出了答案。	
DE_C3BOSSROOM.TXT	16	voice	a3s10_Hedrox3_8.wav	Hedrox3	Hedrox: Tasty.	赫德罗克斯：真美味。	
DE_C3BOSSROOM.TXT	17	voice	a3s10_Hedrox2_7.wav	Hedrox2	Hedrox: The secret!	赫德罗克斯：秘密！	
DE_C3BOSSROOM.TXT	18	voice	a3s10_Hedrox1_4.wav	Hedrox1	Hedrox: Secret.	赫德罗克斯：秘密。	
DE_C3BOSSROOM.TXT	19	voice	a3s10_Hedrox3_9.wav	Hedrox3	Hedrox: The secret.	赫德罗克斯：那个秘密。	
DE_C3BOSSROOM.TXT	20	voice	a3s10_rayne2.wav	$	Rayne: Hedrox! No!	莱恩：赫德罗克斯！不要！	
DE_C3BOSSROOM.TXT	21	voice	a3s10_Hedrox3_10.wav	Hedrox3	Hedrox: Beliar's black heart.	赫德罗克斯：贝利亚的黑心。	
DE_C3BOSSROOM.TXT	22	voice	a3s10_Hedrox1_5.wav	Hedrox1	Hedrox: The relic is hidden within.	赫德罗克斯：圣物就藏在里面。	
DE_C3BOSSROOM.TXT	23	voice	a3s10_Hedrox2_8.wav	Hedrox2	Hedrox: Ah! I can feel it.	赫德罗克斯：啊！赫德罗克斯感觉到了。	
DE_C3BOSSROOM.TXT	24	voice	a3s10_Hedrox1_11.wav	Hedrox1	Hedrox: It is powerful...	赫德罗克斯：好强大……	
DE_C3BOSSROOM.TXT	25	voice	a3s10_Hedrox2_11.wav	Hedrox2	Hedrox: It is powerful...	赫德罗克斯：好强大……	
DE_C3BOSSROOM.TXT	26	voice	a3s10_Hedrox3_11.wav	Hedrox3	Hedrox: It is powerful...	赫德罗克斯：好强大……	
DE_C3BOSSROOM.TXT	27	voice	a3s10_Hedrox1_6.wav	Hedrox1	Hedrox: ...much more powerful.	赫德罗克斯：……比以前强大得多。	
DE_C3BOSSROOM.TXT	28	voice	a3s10_Hedrox2_9.wav	Hedrox2	Hedrox: What have you done with Hedrox?	赫德罗克斯：你们对赫德罗克斯做了什么？	
DE_C3BOSSROOM.TXT	29	voice	a3s10_Hedrox3_12.wav	Hedrox3	Hedrox: Where?	赫德罗克斯：这是哪里？	
DE_C3BOSSROOM.TXT	30	voice	a3s10_beliar1.wav	Beliar	Beliar: There is no more Hedrox.  BELIAR IS BORN!  Again.	贝利亚：赫德罗克斯已经不存在了，贝利亚重生了！	
DE_C3BOSSROOM.TXT	31	voice	a3s10_beliar2.wav	Beliar	Beliar: Now...each of you has something that belongs to me.	贝利亚：现在……你们每个人身上，都有属于我的东西。	
DE_C3BOSSROOM.TXT	32	voice	a3s10_rayne3.wav	$	Rayne: You're going to have to come and get it.	莱恩：那你就自己过来拿。	
DE_C3BOSSROOM.TXT	33	voice	a3s10_rayne4.wav	$	Rayne: That was for Mynce.	莱恩：这一刀是替明斯还你的。	
DE_C3BOSSROOM.TXT	34	voice	a3s10_Wulf3.wav	Wulf	Wulf: Pathetic.  Doesn't your dead friend deserve a bit more than that?	沃尔夫：真可怜。你那死去的朋友，就只值这一下？	
DE_C3BOSSROOM.TXT	35	voice	a3s10_rayne5.wav	$	Rayne: Oh, I'm not done yet.	莱恩：别急，我还没完呢。	
DE_C3BOSSROOM.TXT	36	voice	a3s10_Wulf4.wav	Wulf	Wulf: Oh, I think you are.  But I'm not going to make the same mistake twice.  You won't die as easy as that traitor bitch.  For you, it will be a world of pain.	沃尔夫：不，我觉得你已经完了。\n不过我不会再犯同样的错误了，你不会像那个叛徒婊子一样死得那么痛快。\n我要让你尝尽折磨。	
DE_C3BOSSROOM.TXT	37	voice	a3s10_rayne6.wav	$	Rayne: All this talk won't save you.  You're dead.  You just haven't grasped the concept yet.  I'll explain it to you.  In detail.	莱恩：说再多也救不了你。\n你已经死了，只是你自己还没意识到，我会慢慢给你讲清楚的。	
DE_C3BOSSROOM.TXT	38	voice	a3s10_Wulf6.wav	Wulf			
DE_C3BOSSROOM.TXT	39	voice	a3s10_rayne7.wav	$	Rayne: Its been fun.	莱恩：打得还挺痛快。	
DE_C3BOSSROOM.TXT	40	voice	a3s10_rayne7b.wav	$	Rayne: Now what the hell do I do with this thing?	莱恩：现在这玩意儿该怎么处理？	
DE_C3BOSSROOM.TXT	41	hud	a5s5_Rayne108	$	Rayne: If the heart is the source of Beliar's power, that's what I need to hit.	莱恩：既然心脏是贝利亚力量的源头，那就打它。	
DE_C3BOSSROOM.TXT	42	hud	a5s5_Rayne109	$	Beliar's ribs won't protect you from all of my attacks forever, Wulf!	沃尔夫，贝利亚的肋骨不可能永远挡住我所有的攻击！	
DE_C3BOSSROOM.TXT	43	hud	a5s5_Rayne110	$	Looks like you're not invincible after all, Wulf.	看来你也不是刀枪不入嘛，沃尔夫。	
DE_C3BOSSROOM.TXT	44	hud	a5s5_Rayne111	$	You should've found more of Beliar's ribs if you had wanted to live.	早知道想活命，你就该多找几根贝利亚的肋骨。	
DE_C3BRIDGE.TXT	0	hud	MissionDescription		The Bridge	大桥	
DE_C3BRIDGE.TXT	1	hud	c3_bridge_obj1		Escape the minefield.	逃出雷区	
DE_C3BRIDGE.TXT	2	hud	c3_bridge_obj2		Find and eliminate Officer	找到并消灭军官	
DE_C3BRIDGE.TXT	3	hud	c3_bridge_obj3		Seek targets in other areas	前往其他区域搜寻目标	
DE_C3BRIDGE.TXT	4	hud	ost_officerdead		G.G.G - Major General D. Traugott: Eliminated	反幽灵小组 - D·特劳戈特少将：已消灭	
DE_C3BRIDGE.TXT	5	voice	a3s6_Soldier1_1.wav	Miner	Soldier: Vampire!	士兵：吸血鬼！	
DE_C3BRIDGE.TXT	6	voice	a3s6_rayne7.wav	$	Rayne: Land mines.	莱恩：地雷。	
DE_C3BRIDGE.TXT	7	voice	a3s7_rayne8.wav	$	Rayne: Hello Jurgen.	莱恩：你好啊，尤尔根。	
DE_C3BRIDGE.TXT	8	voice	a3s8_rayne16.wav	$	Rayne: What the fuck?	莱恩：搞什么鬼？	
DE_C3BRIDGE.TXT	9	voice	a3s7_rayne9.wav	$	Rayne: Why didn't Wulf kill me when he had the chance?	莱恩：沃尔夫当时明明有机会，为什么没杀我？	
DE_C3DOME.TXT	0	hud	MissionDescription		Doppelganger	镜像双子	
DE_C3DOME.TXT	1	hud	ost_door		This door cannot be opened.	这扇门打不开	
DE_C3DOME.TXT	2	hud	c3_dome_obj1		Eliminate Officers	消灭军官	
DE_C3DOME.TXT	3	hud	c3_dome_obj2		Climb the ladder.	爬上梯子	
DE_C3DOME.TXT	4	hud	c3_dome_obj3		Follow Mynce.	跟随明斯	
DE_C3DOME.TXT	5	hud	c3_dome_obj4		Break through the gate.	冲破大门	
DE_C3DOME.TXT	6	hud	c3_dome_obj5		Hunt down and kill Jurgen Wulf.	追上并杀死尤尔根·沃尔夫	
DE_C3DOME.TXT	7	voice	a3s8_rayne1.wav	$	"Rayne: The ""Doppelganger Twins"".  What a pleasant surprise.  Such handsome Nazis.  And two of them!"	莱恩：“镜像双子”，真是惊喜。两个英俊的纳粹，还一模一样！	
DE_C3DOME.TXT	8	voice	a3s8_Sigmund1.wav	Sigmund	Sigmund: We had no idea the troublemaker...	西格蒙德：没想到那个惹麻烦的……	
DE_C3DOME.TXT	9	voice	a3s8_Simon1.wav	Simon	Simon: ...would be as beautiful as you are.	西蒙：……竟然会这么漂亮。	
DE_C3DOME.TXT	10	voice	a3s8_rayne2.wav	$	Rayne: And gentlemanly.  My luck is turning.	莱恩：还挺有礼貌，看来我开始走运了。	
DE_C3DOME.TXT	11	voice	a3s8_Sigmund2.wav	Sigmund	Sigmund: What is your name, Fraulein?	西格蒙德：小姐，请问芳名？	
DE_C3DOME.TXT	12	voice	a3s8_rayne3.wav	$	Rayne: Why bother with names?  This won't be more than a one night stand.	莱恩：何必问名字？反正我们也就一夜的缘分。	
DE_C3DOME.TXT	13	voice	a3s8_Sigmund3.wav	Sigmund	Sigmund: Ah...that is too bad.	西格蒙德：啊……那可真遗憾。	
DE_C3DOME.TXT	14	voice	a3s8_Simon2.wav	Simon	Simon: A shame really.  We were hoping for...	西蒙：确实可惜，我们原本还希望……	
DE_C3DOME.TXT	15	voice	a3s8_Sigmund4.wav	Sigmund	Sigmund: ...something more of a commitment.	西格蒙德：……能跟你长久一点。	
DE_C3DOME.TXT	16	voice	a3s8_rayne4.wav	$	Rayne: You know, you two remind me of someone.	莱恩：知道吗，你们俩让我想起了一个人。	
DE_C3DOME.TXT	17	voice	a3s8_Sigmund5.wav	Sigmund	Sigmund: Someone you're fond of?	西格蒙德：你喜欢的人？	
DE_C3DOME.TXT	18	voice	a3s8_rayne5.wav	$	Rayne: Wouldn't go that far.  Just someone I killed...again and again.	莱恩：倒也没那么喜欢，只是一个被我杀了一遍又一遍的家伙。	
DE_C3DOME.TXT	19	voice	a3s8_Sigmund6.wav	Sigmund	Sigmund: Ha ha ha!	西格蒙德：哈哈哈！	
DE_C3DOME.TXT	20	voice	a3s8_Simon3.wav	Simon	Simon: She speaks of Hedrox.	西蒙：她说的是赫德罗克斯。	
DE_C3DOME.TXT	21	voice	a3s8_rayne8.wav	$	Rayne: So, you boys lose your arms playing catch?	莱恩：怎么，你们俩玩接球，把胳膊玩丢了？	
DE_C3DOME.TXT	22	voice	a3s8_Simon6.wav	Simon	Simon: No, we were born conjoined...	西蒙：不，我们出生时连在一起……	
DE_C3DOME.TXT	23	voice	a3s8_Sigmund9.wav	Sigmund	Sigmund: ...but sadly, separated soon after birth.	西格蒙德：……可惜没多久就被分开了。	
DE_C3DOME.TXT	24	voice	a3s8_rayne9.wav	$	Rayne: Well when I'm done, you'll be both be missing more than an arm.	莱恩：等我收拾完，你们缺的可就不止一条胳膊了。	
DE_C3DOME.TXT	25	voice	a3s8_Simon7.wav	Simon	Simon: We don't miss an arm...	西蒙：我们并不怀念那条胳膊……	
DE_C3DOME.TXT	26	voice	a3s8_Sigmund10.wav	Sigmund	Sigmund: ...we miss the connection we once had.	西格蒙德：……我们怀念的是彼此相连的感觉。	
DE_C3DOME.TXT	27	voice	a3s8_rayne10.wav	$	Rayne: You boys are too much.  Now this might hurt a little.	莱恩：你们俩可真够黏糊的，接下来可能会有点疼。	
DE_C3DOME.TXT	28	voice	a3s8_Sigmund11.wav	Sigmund	Sigmund: You should stop this nonsense...	西格蒙德：别再胡闹了……	
DE_C3DOME.TXT	29	voice	a3s8_Simon8.wav	Simon	Simon: ...and join us.	西蒙：……加入我们吧。	
DE_C3DOME.TXT	30	voice	a3s8_rayne11.wav	$	Rayne: Are you talking about what I think you're talking about?	莱恩：你们说的“加入”，不会正是我想的那个意思吧？	
DE_C3DOME.TXT	31	voice	a3s8_Sigmund12.wav	Sigmund	Sigmund: Isn't she...	西格蒙德：她是不是……	
DE_C3DOME.TXT	32	voice	a3s8_Simon9.wav	Simon	Simon: ...wonderful brother?	西蒙：……很迷人，哥哥？	
DE_C3DOME.TXT	33	voice	a3s8_Sigmund13.wav	Sigmund	Sigmund: My thoughts exactly.	西格蒙德：跟我想的一样。	
DE_C3DOME.TXT	34	voice	a3s8_Simon10.wav	Simon	Simon: ...and limber.	西蒙：……而且身子很软。	
DE_C3DOME.TXT	35	voice	a3s8_Sigmund14.wav	Sigmund	Sigmund: She's feisty...	西格蒙德：脾气也够辣……	
DE_C3DOME.TXT	36	voice	a3s8_Sigmund15.wav	Sigmund	Sigmund: I don't think she enjoys our company as much as we do hers, brother.	西格蒙德：弟弟，她好像没我们这么享受这场约会。	
DE_C3DOME.TXT	37	voice	a3s8_rayne12.wav	$	Rayne: Oh, I'm really enjoying our little banter.  But that doesn't mean I'm not gonna kill you.	莱恩：我确实挺享受跟你们斗嘴的，不过我还是会杀了你们。	
DE_C3DOME.TXT	38	voice	a3s8_Simon11.wav	Simon	Simon: I just love the crinkle above her nose when she gets angry.	西蒙：她生气时鼻梁上那道褶子，我真是喜欢极了。	
DE_C3DOME.TXT	39	voice	a3s8_Sigmund16.wav	Sigmund	Sigmund: There must be an easier way for us to resolve this.	西格蒙德：我们应该有更轻松的解决办法。	
DE_C3DOME.TXT	40	voice	a3s8_Simon12.wav	Simon	Simon: Give in to us, meine liebe.	西蒙：从了我们吧，亲爱的。	
DE_C3DOME.TXT	41	voice	a3s8_rayne13.wav	$	Rayne: I like you guys, so I'll give you a choice.  Who wants to be the first to die?	莱恩：我挺喜欢你们的，所以让你们自己选，谁先死？	
DE_C3DOME.TXT	42	voice	a3s8_Sigmund17.wav	Sigmund	Sigmund: You're so...	西格蒙德：你可真是……	
DE_C3DOME.TXT	43	voice	a3s8_Simon13.wav	Simon	Simon: ...cruel, little girl.	西蒙：……残忍啊，小姑娘。	
DE_C3DOME.TXT	44	voice	a3s8_rayne14.wav	$	Rayne: You ever feel there's just one of you too many?  I can help you with that.	莱恩：你们有没有觉得，两个人有点多余了？我可以帮你们解决。	
DE_C3DOME.TXT	45	voice	a3s8_Simon14.wav	Sigmund	Sigmund: Coming from you they're almost pleasurable.	西格蒙德：从你嘴里说出来，威胁都显得那么悦耳。	
DE_C3DOME.TXT	46	voice	a3s8_Sigmund18.wav	Simon	Simon: Threats, threats, threats...	西蒙：威胁、威胁、还是威胁……	
DE_C3DOME.TXT	47	voice	a3s8_Sigmund19.wav	Sigmund	Sigmund: Wonderful move, little girl.	西格蒙德：这一招真漂亮，小姑娘。	
DE_C3DOME.TXT	48	voice	a3s8_rayne16.wav	$	Rayne: What the fuck?	莱恩：什么鬼？	
DE_C3DOME.TXT	49	voice	a3s8_Simon16.wav	Simon	Simon: Oh look!  We surprised her, brother.	西蒙：你看，哥哥，她被我们吓到了。	
DE_C3DOME.TXT	50	voice	a3s8_Sigmund20.wav	Sigmund	Sigmund: What a becoming look on her face.	西格蒙德：她这副表情可真好看。	
DE_C3DOME.TXT	51	voice	a3s8_Simon17.wav	Simon	Simon: Oh tell her Sigmund.  She should know.	西蒙：告诉她吧，西格蒙德，她有权知道。	
DE_C3DOME.TXT	52	voice	a3s8_Sigmund21.wav	Sigmund	Sigmund: As with everything else, we share the other's pain.	西格蒙德：和其他一切一样，我们也会感受到对方的痛苦。	
DE_C3DOME.TXT	53	voice	a3s8_Simon17b.wav	Simon	Simon: One of us is unaffected, while the other suffers.	西蒙：一个人毫发无伤，另一个人却会承受伤害。	
DE_C3DOME.TXT	54	voice	a3s8_rayne17.wav	$	Rayne: So you punch yourself when you're mad at your brother?	莱恩：所以你生你兄弟的气，就揍自己一拳？	
DE_C3DOME.TXT	55	voice	a3s8_Simon18.wav	Simon	Simon: Ha ha ha.	西蒙：哈哈哈。	
DE_C3DOME.TXT	56	voice	a3s8_Simon19.wav	Simon	Simon: She's so quick.  We should keep her.	西蒙：她脑子转得真快，我们应该把她留下。	
DE_C3DOME.TXT	57	voice	a3s8_Sigmund22.wav	Sigmund	Sigmund: We really hate to have to hurt you pretty girl.	西格蒙德：漂亮姑娘，我们实在不愿意伤你。	
DE_C3DOME.TXT	58	voice	a3s8_Simon20.wav	Simon	Simon: Neeeaarrgh!	西蒙：呃啊啊！	
DE_C3DOME.TXT	59	voice	a3s8_Sigmund24.wav	Sigmund	Sigmund: Simon!	西格蒙德：西蒙！	
DE_C3DOME.TXT	60	voice	a3s8_Sigmund25.wav	Sigmund	Sigmund: No need to fight anymore, little girl.	西格蒙德：不用再打了，小姑娘。	
DE_C3DOME.TXT	61	voice	a3s8_Sigmund26.wav	Sigmund	Sigmund: You have mortally wounded my brother.  I will follow soon.	西格蒙德：你重伤了我的弟弟，我也很快会跟他一起走。	
DE_C3DOME.TXT	62	voice	a3s8_Simon21.wav	Simon	Simon: She got me.	西蒙：她伤到我了。	
DE_C3DOME.TXT	63	voice	a3s8_Sigmund27.wav	Sigmund	Sigmund: No, she got me.  I'm sorry brother.	西格蒙德：不，她伤的是我。对不起，弟弟。	
DE_C3DOME.TXT	64	voice	a3s8_Simon22.wav	Simon	Simon: I...I...can't see.  Where are you, Sigmund?	西蒙：我……我看不见了。你在哪儿，西格蒙德？	
DE_C3DOME.TXT	65	voice	a3s8_Sigmund28.wav	Sigmund	Sigmund: I'm here.  I'm here with you.	西格蒙德：我在这里，我陪着你。	
DE_C3DOME.TXT	66	voice	a3s8_Simon23.wav	Simon	Simon: I'm dying...	西蒙：我要死了……	
DE_C3DOME.TXT	67	voice	a3s8_Sigmund29.wav	Sigmund	Sigmund: Yes...	西格蒙德：对……	
DE_C3DOME.TXT	68	voice	a3s8_Simon25.wav	Simon			
DE_C3DOME.TXT	69	voice	a3s8_Sigmund30.wav	Sigmund	Sigmund: Nooooooooooooo!!!	西格蒙德：不——！	
DE_C3DOME.TXT	70	voice	a3s8_Sigmund31.wav	Sigmund	Sigmund: Goodbye, Simon.	西格蒙德：永别了，西蒙。	
DE_C3DOME.TXT	71	voice	a3s8_Sigmund32.wav	Sigmund			
DE_C3DOME.TXT	72	voice	a3s8_Sigmund33.wav	Sigmund	Sigmund: You never told us your name...	西格蒙德：你还没告诉我们你的名字……	
DE_C3DOME.TXT	73	voice	a3s8_Sigmund34.wav	Sigmund	Sigmund: Meeeaagh!	西格蒙德：呃啊！	
DE_C3DOME.TXT	74	voice	a3s8_Simon26.wav	Simon	Simon: Sigmund!	西蒙：西格蒙德！	
DE_C3DOME.TXT	75	voice	a3s8_Simon27.wav	Simon	Simon: I will not fight you anymore.	西蒙：我不跟你打了。	
DE_C3DOME.TXT	76	voice	a3s8_Simon28.wav	Simon	Simon: My brother has been mortally wounded. I will follow soon.	西蒙：我的哥哥受了致命伤，我很快也会跟他一起走。	
DE_C3DOME.TXT	77	voice	a3s8_Sigmund35.wav	Sigmund	Sigmund: She's better than us, brother.	西格蒙德：她比我们强，弟弟。	
DE_C3DOME.TXT	78	voice	a3s8_Simon29.wav	Simon	Simon: Yes.  I know.	西蒙：没错，我知道。	
DE_C3DOME.TXT	79	voice	a3s8_Sigmund36.wav	Sigmund	Sigmund: She is pretty, is she not?	西格蒙德：她很漂亮，对吧？	
DE_C3DOME.TXT	80	voice	a3s8_Simon30.wav	Simon	Simon: She is.	西蒙：是的。	
DE_C3DOME.TXT	81	voice	a3s8_Simon31.wav	Simon	Simon: My brother would like to know your name.	西蒙：我哥哥想知道你的名字。	
DE_C3DOME.TXT	82	voice	a3s8_Sigmund37.wav	Sigmund	Sigmund: She never told me...	西格蒙德：她一直没告诉我……	
DE_C3DOME.TXT	83	voice	a3s8_rayne18.wav	$	Rayne: It's...Rayne.	莱恩：我叫……莱恩。	
DE_C3DOME.TXT	84	voice	a3s8_Sigmund38.wav	Sigmund	Sigmund: Pretty...	西格蒙德：真美……	
DE_C3DOME.TXT	85	voice	a3s8_Sigmund39.wav	Sigmund			
DE_C3DOME.TXT	86	voice	a3s8_Simon32.wav	Simon	Simon: Sigmund.  My...brother.	西蒙：西格蒙德，我的……哥哥。	
DE_C3DOME.TXT	87	voice	a3s8_Simon33.wav	Simon			
DE_C3DOME.TXT	88	voice	a3s8_Simon34.wav	Simon	Simon: Goodbye...Rayne.	西蒙：永别了……莱恩。	
DE_C3DOME.TXT	89	voice	a3s8_rayne19.wav	$	Rayne: Who could that be?	莱恩：会是谁？	
DE_C3DOME.TXT	90	voice	a3s9_rayne1.wav	$	Rayne: Mynce!?	莱恩：明斯！？	
DE_C3DOME.TXT	91	voice	a3s9_mynce1.wav	Mynce	Mynce: Hello Rayne.	明斯：你好，莱恩。	
DE_C3DOME.TXT	92	voice	a3s9_rayne2.wav	$	Rayne: You know, your whole coming-back-from-the-dead act is really starting to get old, Mynce.	莱恩：明斯，你这套死而复生的把戏，我都快看腻了。	
DE_C3DOME.TXT	93	voice	a3s9_mynce2.wav	Mynce	Mynce: I'm not doing this on purpose.	明斯：我也不是故意的。	
DE_C3DOME.TXT	94	voice	a3s9_rayne3.wav	$	Rayne: Listen, do you want to help me or kill me?  Make up your mind!	莱恩：你到底是想帮我，还是想杀我？给个准话！	
DE_C3DOME.TXT	95	voice	a3s9_mynce3.wav	Mynce	Mynce: I'm sorry.  But Wulf was watching us. I couldn't blow my cover.	明斯：对不起。沃尔夫一直盯着我们，我不能暴露身份。	
DE_C3DOME.TXT	96	voice	a3s9_rayne4.wav	$	Rayne: Oh please.	莱恩：省省吧。	
DE_C3DOME.TXT	97	voice	a3s9_mynce4.wav	Mynce	Mynce: Rayne.  I'm a double agent - ever since that mission in Louisiana.	明斯：莱恩，我是双面间谍，从路易斯安那那次任务起就是。	
DE_C3DOME.TXT	98	voice	a3s9_rayne5.wav	$	Rayne: You expect me to swallow that?	莱恩：你觉得我会信？	
DE_C3DOME.TXT	99	voice	a3s9_mynce5.wav	Mynce	Mynce: Yes I do.  Who do you think saved you after Wulf left you for dead in Louisiana?	明斯：你必须信。在路易斯安那，沃尔夫把你扔下等死后，是谁救了你？	
DE_C3DOME.TXT	100	voice	a3s9_mynce6.wav	Mynce	Mynce: Who do you think led you to the target file in Germany?	明斯：在德国，又是谁把你引到目标名单那里？	
DE_C3DOME.TXT	101	voice	a3s9_mynce7.wav	Mynce	Mynce: Who do you think has been your informant this entire time?	明斯：一直给你们提供情报的人，你以为是谁？	
DE_C3DOME.TXT	102	voice	a3s9_rayne6.wav	$	Rayne: I...but...	莱恩：我……可是……	
DE_C3DOME.TXT	103	voice	a3s9_mynce8.wav	Mynce	Mynce: Here!	明斯：拿着！	
DE_C3DOME.TXT	104	voice	a3s9_rayne7.wav	$	Rayne: Officer nameplates.	莱恩：军官的身份牌。	
DE_C3DOME.TXT	105	voice	a3s9_mynce9.wav	Mynce	Mynce: You can check them off your list.  Maybe now you believe me.	明斯：可以把他们从名单上划掉了，现在总该信我了吧。	
DE_C3DOME.TXT	106	voice	a3s9_rayne8.wav	$	Rayne: All right.  Maybe I don't have a choice.	莱恩：好吧，看来我也只能信你了。	
DE_C3DOME.TXT	107	voice	a3s9_mynce10.wav	Mynce	Mynce: Don't do me any favors.	明斯：用不着勉强。	
DE_C3DOME.TXT	108	voice	a3s9_rayne9.wav	$	Rayne: So why haven't you killed Wulf yet?	莱恩：那你为什么还没杀掉沃尔夫？	
DE_C3DOME.TXT	109	voice	a3s9_mynce11.wav	Mynce	Mynce: It's not that easy.  He's almost invincible with all the relics in his body.	明斯：没那么容易。他体内有那么多圣物，几乎已经无敌了。	
DE_C3DOME.TXT	110	voice	a3s9_mynce12.wav	Mynce	Mynce: He has the ribs from Louisiana, an eye like yours, a hand, and teeth.	明斯：他有从路易斯安那得到的肋骨、和你一样的一只眼睛，还有一只手和牙齿。	
DE_C3DOME.TXT	111	voice	a3s9_mynce13.wav	Mynce	Mynce: But we can't let him get Beliar's heart.  It's the most dangerous piece.	明斯：但绝不能让他拿到贝利亚之心，那是最危险的部分。	
DE_C3DOME.TXT	112	voice	a3s9_rayne10.wav	$	Rayne: Hedrox already has it-	莱恩：赫德罗克斯已经拿到了 -	
DE_C3DOME.TXT	113	voice	a3s9_mynce14.wav	Mynce	Mynce: What!?	明斯：什么！？	
DE_C3DOME.TXT	114	voice	a3s9_rayne11.wav	$	"Rayne: I don't think he knows how to use it though.  He's looking for officers to ""interrogate""."	莱恩：不过他好像还不知道怎么用，他正在找军官“审问”。	
DE_C3DOME.TXT	115	voice	a3s9_mynce15.wav	Mynce	Mynce: I thought the relic was automatic.	明斯：我还以为圣物会自动生效。	
DE_C3DOME.TXT	116	voice	a3s9_rayne12.wav	$	Rayne: I did too.  But nothing happened.	莱恩：我也这么以为，但什么都没发生。	
DE_C3DOME.TXT	117	voice	a3s9_mynce16.wav	Mynce	Mynce: We need to get that thing away from him and Wulf.  The heart can awaken the demon himself, and we can't let that happen.	明斯：我们得赶在沃尔夫前面，从赫德罗克斯手里抢走它。\n那颗心能唤醒贝利亚，绝不能让这种事发生。	
DE_C3DOME.TXT	118	voice	a3s9_mynce20.wav	Mynce	Mynce: Aargh!	明斯：呃啊！	
DE_C3DOME.TXT	119	voice	a3s9_rayne13.wav	$	Rayne: Mynce!	莱恩：明斯！	
DE_C3DOME.TXT	120	voice	a3s9_Wulf5.wav	Wulf	Wulf: No one crosses me, ever.  Especially not a bastard vampire.  I am Jurgen Wulf.	沃尔夫：从来没人能背叛我，尤其是你这种杂种吸血鬼，我可是尤尔根·沃尔夫。	
DE_C3DOME.TXT	121	voice	a3s9_Wulf6.wav	Wulf	Wulf: And I will soon hold the heart of Beliar and become immortal.  I will be God.	沃尔夫：我很快就会得到贝利亚之心，获得永生。我将成为神！	
DE_C3DOME.TXT	122	voice	a3s9_rayne14.wav	$	Rayne: You bastard!	莱恩：你这个混蛋！	
DE_C3DOME.TXT	123	voice	a3s9_Wulf7.wav	Wulf	Wulf: Such hatred.  Such fear.	沃尔夫：多么强烈的仇恨，多么浓烈的恐惧。	
DE_C3DOME.TXT	124	voice	a3s9_rayne15.wav	$	Rayne: I'm going to make you pay for this.  You hear me?  You'll pay for this!	莱恩：我会让你付出代价的！听见没有？我一定会让你付出代价！	
DE_C3DOME.TXT	125	voice	a3s9_Wulf8.wav	Wulf	Wulf: Yes!  Let the rage burn, Rayne.  Feed it.	沃尔夫：对！让怒火燃烧吧，莱恩，让它越烧越旺。	
DE_C3DOME.TXT	126	voice	a3s9_rayne16.wav	$	Rayne: Go to hell!	莱恩：下地狱去吧！	
DE_C3DOME.TXT	127	voice	a3s9_Wulf9.wav	Wulf	Wulf: Why do you think I haven't killed you yet?	沃尔夫：你以为我为什么一直没杀你？	
DE_C3DOME.TXT	128	voice	a3s9_rayne17.wav	$	Rayne: That's gonna be your biggest mistake you son of a bitch!	莱恩：那会是你这辈子犯过最大的错，狗杂种！	
DE_C3DOME.TXT	129	voice	a3s9_Wulf10.wav	Wulf	Wulf: Hedrox waits in the cathedral.  You will join us?	沃尔夫：赫德罗克斯正在大教堂等着呢，你也要来吗？	
DE_C3DOME.TXT	130	voice	a3s9_Wulf11.wav	Wulf	Wulf: You both have something I want.	沃尔夫：你们两个身上，都有我想要的东西。	
DE_C3DOME.TXT	131	voice	a3s9_rayne18.wav	$	Rayne: I'll kill you, Wulf!  Do you hear me?  I'll pull you to pieces!	莱恩：我会杀了你，沃尔夫！听见没有？我要把你撕成碎片！	
DE_C3DOME.TXT	132	voice	a3s9_rayne19.wav	$	Rayne: Mynce!  Oh Jesus Mynce.  Please tell me you're somehow faking this.	莱恩：明斯！老天。明斯，求求你告诉我，这次也是装出来的。	
DE_C3DOME.TXT	133	voice	a3s9_rayne20.wav	$	Rayne: Tell me!	莱恩：快告诉我！	
DE_C3DOME.TXT	134	voice	a6s1_rayne193.wav	$	Rayne: Mynce! Oh, Jesus. Mynce.	莱恩：明斯……天啊，明斯。	
DE_C3DOME.TXT	135	voice	a3s9_rayne21.wav	$	Rayne: You aren't coming back this time, are you?	莱恩：这次你不会再回来了，对吗？	
DE_C3DOME.TXT	136	voice	a3s9_rayne22.wav	$	Rayne: I'll make him pay.  I promise.  Today, Jurgen Wulf will die.	莱恩：我发誓我会让他偿命的。今天，尤尔根·沃尔夫必死。	
LA_BEAU.TXT	0	hud	MissionDescription		The Beauregard House	博勒加德宅邸	
LA_BEAU.TXT	2	hud	ost_message		Find and destroy the nest. Find any survivors.	摧毁巢穴并寻找幸存者	
LA_BEAU.TXT	3	hud	ost_nestthree		Find and destroy the nest.	找到并摧毁巢穴	
LA_BEAU.TXT	4	hud	ost_survivor		Find any survivors.	寻找幸存者	
LA_BEAU.TXT	5	hud	ost_complete		Proceed to the next area.	前往下一区域	
LA_BEAU.TXT	6	hud	ost_battery		Find the power supply for the elevator.	找到电梯电源	
LA_BEAU.TXT	7	hud	ost_lift		Activate the elevator.	启动电梯	
LA_BEAU.TXT	9	voice	a1s0_Rayne3.wav	$	Rayne: Nine left.	莱恩：还剩九个。	
LA_BEAU.TXT	10	voice	a1s0_Rayne4.wav	$	Rayne: Eight more.	莱恩：还有八个。	
LA_BEAU.TXT	11	voice	a1s0_Rayne5.wav	$	Rayne: Seven left.	莱恩：还剩七个。	
LA_BEAU.TXT	12	voice	a1s0_Rayne6.wav	$	Rayne: Six left.	莱恩：还剩六个。	
LA_BEAU.TXT	13	voice	a1s0_Rayne7.wav	$	Rayne: Five more.	莱恩：还有五个。	
LA_BEAU.TXT	14	voice	a1s0_Rayne8.wav	$	Rayne: Four remain.	莱恩：还剩四个。	
LA_BEAU.TXT	15	voice	a1s0_Rayne9.wav	$	Rayne: Three left.	莱恩：还剩三个。	
LA_BEAU.TXT	16	voice	a1s0_Rayne10.wav	$	Rayne: Only two more.	莱恩：只剩两个。	
LA_BEAU.TXT	17	voice	a1s0_Rayne11.wav	$	Rayne: One left.	莱恩：最后一个。	
LA_BEAU.TXT	19	voice	a1s0_Rayne12a.wav	$	Rayne: Blocked.	莱恩：堵住了。	
LA_BEAU.TXT	20	voice	a1s0_Rayne13b.wav	$	Rayne: Won't budge.	莱恩：纹丝不动。	
LA_BEAU.TXT	21	voice	a1s0_Rayne14b.wav	$	Rayne: It won't open from this side.	莱恩：这边打不开。	
LA_BEAU.TXT	22	voice	a1s0_Rayne15.wav	$	Rayne: Nothing that way.	莱恩：那边没路。	
LA_BEAU.TXT	23	voice	a1s0_Rayne16a.wav	$	Rayne: Wrong way.	莱恩：走错了。	
LA_BEAU.TXT	24	voice	a1s0_Rayne17c.wav	$	Rayne: Nope, not done here.	莱恩：不行，这里还没处理完。	
LA_BEAU.TXT	25	voice	a1s0_Rayne18a.wav	$	Rayne: I'm done there.	莱恩：那边已经搞定了。	
LA_BEAU.TXT	27	voice	a1s8_Boyfriend1.wav	Boyfriend	Boyfriend: No!  Noooo!	男友：不！不要！	
LA_BEAU.TXT	28	voice	a1s8_Kristin1.wav	Kristin	Kristin: Somebody help us!	克里斯汀：谁来救救我们！	
LA_BEAU.TXT	29	voice	a1s8_Kristin2.wav	Kristin	Kristin: S'il vous plait!	克里斯汀：求求你！	
LA_BEAU.TXT	30	voice	a1s8_Boyfriend2.wav	Boyfriend	Boyfriend: Run!  Run!	男友：快跑！快跑！	
LA_BEAU.TXT	31	voice	a1s8_Rayne1.wav	$	Rayne: Run to the Famille Termaine mausoleum.	莱恩：跑去特梅恩家族陵墓。	
LA_BEAU.TXT	32	voice	a1s8_Boyfriend3.wav	Boyfriend	Boyfriend: Merci.	男友：谢谢。	
LA_BEAU.TXT	33	voice	a1s8_Kristin3.wav	Kristin	Kristin: Merci.	克里斯汀：谢谢。	
LA_BEAU.TXT	34	voice	a1s8_Boyfriend4.wav	Boyfriend	Boyfriend: Nooooooooo...	男友：不……	
LA_BEAU.TXT	35	voice	a1s8_Kristin4.wav	Kristin	Kristin: Nahhhhaaah!	克里斯汀：啊啊啊！	
LA_BEAU.TXT	36	voice	a1s8_Boyfriend5.wav	Boyfriend	Boyfriend: Aaaammmmnnnnngh!	男友：呃啊啊啊！	
LA_BEAU.TXT	37	voice	a1s8_Kristin5.wav	Kristin	Kristin: Nnneerrrgghh. Mmpf.	克里斯汀：呃……唔。	
LA_BEAU.TXT	38	voice	a1s8_Boyfriend6c.wav	Boyfriend			
LA_BEAU.TXT	39	voice	a1s8_Kristin6d.wav	Kristin			
LA_BEAU.TXT	40	voice	a1s8_Boyfriend7.wav	Boyfriend	Boyfriend: Kristin! Nooooooo!	男友：克里斯汀！不！	
LA_BEAU.TXT	41	voice	a1s8_Kristin7.wav	Kristin	Kristin: Why!? Why!?	克里斯汀：为什么！？为什么！？	
LA_BEAU.TXT	43	voice	a1s8_Rayne2.wav	$	Rayne: Damn. It had to be in a flooded basement, didn't it?	莱恩：该死，偏偏是在被水淹的地下室里。	
LA_BEAU.TXT	44	voice	a5s5_Rayne127.wav	$	Rayne: The battery's dead.  I need another one.	莱恩：电池没电了，得另找一个。	
LA_BEAU.TXT	45	voice	a5s5_Rayne130.wav	$	Rayne: Ah!  A battery.	莱恩：啊！电池。	
LA_BEAU.TXT	46	voice	a6s1_Rayne161.wav	$	Rayne: I bet the car in the garage has one.	莱恩：车库里的汽车应该有一块。	
LA_BEAU.TXT	48	voice	a1s8_Teengirl1.wav	Teengirl	Teengirl: Daddy!	少女：爸爸！	
LA_BEAU.TXT	49	voice	a1s8_Daddy1.wav	Daddy	Daddy: It's ok, mon petite.	父亲：没事的，乖女儿。	
LA_BEAU.TXT	50	voice	a1s8_Daddy2.wav	Daddy	Daddy: Who are you?	父亲：你是谁？	
LA_BEAU.TXT	51	voice	a1s8_Rayne4.wav	$	Rayne: That doesn't matter.  Go to the Famille Termaine mausoleum as quickly as possible.	莱恩：这不重要，赶紧去特梅恩家族陵墓。	
LA_BEAU.TXT	52	voice	a1s8_Teengirl2.wav	Teengirl	Teengirl: Da-aaa-dy!	少女：爸 - 爸！	
LA_BEAU.TXT	53	voice	a1s8_Teengirl3.wav	Teengirl			
LA_BEAU.TXT	54	voice	a1s8_Rayne5.wav	$	Rayne: Go!	莱恩：快走！	
LA_BEAU.TXT	55	voice	a1s8_Daddy3.wav	Daddy	Daddy: Argh, ack.	父亲：呃，咳。	
LA_BEAU.TXT	56	voice	a1s8_Teengirl4.wav	Teengirl	Teengirl: Pleeaaase...	少女：求求你……	
LA_BEAU.TXT	57	voice	a1s8_Daddy4.wav	Daddy	Daddy: Nnneerrrgghh.  Mmpf.	父亲：呃……唔。	
LA_BEAU.TXT	58	voice	a1s8_Teengirl5.wav	Teengirl	Teengirl: Aaaammmmnnnnngggrrgh!	少女：啊啊啊！	
LA_BEAU.TXT	59	voice	a1s8_Daddy5b.wav	Daddy			
LA_BEAU.TXT	60	voice	a1s8_Teengirl6b.wav	Teengirl			
LA_BOATYARD.TXT	0	hud	MissionDescription		The Ship Graveyard	船舶墓地	
LA_BOATYARD.TXT	2	hud	ost_boatyard		Follow the aura to the source.	循着气息找到源头	
LA_BOATYARD.TXT	4	voice	a1s0_Rayne12a.wav	$	Rayne: Blocked.	莱恩：堵住了。	
LA_BOATYARD.TXT	5	voice	a1s0_Rayne13b.wav	$	Rayne: Won't budge.	莱恩：纹丝不动。	
LA_BOATYARD.TXT	6	voice	a1s0_Rayne14b.wav	$	Rayne: It won't open from this side.	莱恩：这边打不开。	
LA_BOATYARD.TXT	7	voice	a1s0_Rayne15.wav	$	Rayne: Nothing that way.	莱恩：那边没路。	
LA_BOATYARD.TXT	8	voice	a1s0_Rayne16a.wav	$	Rayne: Wrong way.	莱恩：走错了。	
LA_BOATYARD.TXT	9	voice	a1s0_Rayne17c.wav	$	Rayne: Nope, not done here.	莱恩：不行，这里还没处理完。	
LA_BOATYARD.TXT	10	voice	a1s0_Rayne18a.wav	$	Rayne: I'm done there.	莱恩：那边已经搞定了。	
LA_BOATYARD.TXT	12	voice	a1s13_rayne1.wav	$	Rayne: End of the line.	莱恩：没路了。	
LA_BOATYARD.TXT	13	voice	a1s13_rayne2.wav	$	Rayne: Hmm...what if?	莱恩：嗯……要是这样呢？	
LA_BOATYARD.TXT	14	voice	a1s13_rayne3.wav	$	Rayne: Mother of God!  What is that!?	莱恩：我的天！那是什么东西！？	
LA_BOATYARD.TXT	15	voice	a1s13_rayne4.wav	$	Rayne: It's enormous.	莱恩：也太大了。	
LA_BOATYARD.TXT	16	voice	a1s13_rayne5.wav	$	Rayne: Only one way to find out.	莱恩：试试就知道了。	
LA_CHURCH.TXT	0	hud	MissionDescription		Sanctuary	避难所	
LA_CHURCH.TXT	2	hud	ost_mynce		Talk to Mynce.	和明斯交谈	
LA_CHURCH.TXT	3	hud	ost_getweapons		Stock up on weapons.	补充武器	
LA_CHURCH.TXT	4	hud	ost_wall		Investigate the wall.	调查围墙	
LA_CHURCH.TXT	5	hud	ost_graveyard		Head to the Graveyard.	前往墓地	
LA_CHURCH.TXT	6	hud	ost_blank				
LA_CHURCH.TXT	8	voice	a1s0_Rayne12a.wav	$	Rayne: Blocked.	莱恩：堵住了。	
LA_CHURCH.TXT	9	voice	a1s0_Rayne13b.wav	$	Rayne: Won't budge.	莱恩：纹丝不动。	
LA_CHURCH.TXT	10	voice	a1s0_Rayne14b.wav	$	Rayne: It won't open from this side.	莱恩：这边打不开。	
LA_CHURCH.TXT	11	voice	a1s0_Rayne15.wav	$	Rayne: Nothing that way.	莱恩：那边没路。	
LA_CHURCH.TXT	12	voice	a1s0_Rayne16a.wav	$	Rayne: Wrong way.	莱恩：走错了。	
LA_CHURCH.TXT	13	voice	a1s0_Rayne17c.wav	$	Rayne: Nope, not done here.	莱恩：不行，这里还没处理完。	
LA_CHURCH.TXT	14	voice	a1s0_Rayne18a.wav	$	Rayne: I'm done there.	莱恩：那边已经搞定了。	
LA_CHURCH.TXT	16	voice	a1s2_mynce1.wav	Mynce	Mynce: What are you doing Rayne!?	明斯：你在干什么，莱恩！？	
LA_CHURCH.TXT	17	voice	a1s2_mynce2.wav	Mynce	Mynce: Knock it off!	明斯：住手！	
LA_CHURCH.TXT	18	voice	a1s2_mynce3.wav	Mynce	Mynce: I wouldn't do that!	明斯：我劝你别这么做！	
LA_CHURCH.TXT	19	voice	a1s2_mynce4.wav	Mynce	Mynce: Bitch!	明斯：混蛋！	
LA_CHURCH.TXT	20	voice	a1s2_mynce5.wav	Mynce	Mynce: Quit!	明斯：停下！	
LA_CHURCH.TXT	21	voice	a1s4_mynce34.wav	Mynce	Mynce: You've got work to do.  Go!	明斯：你还有任务，快去！	
LA_CHURCH.TXT	23	hud	ost_mortton		1933 - Mortton, Louisiana	1933年 - 路易斯安那州莫顿	
LA_CHURCH.TXT	25	voice	a1s1_Rayne1.wav	Hero_Airboat	Rayne: Damn bloodsuckers...	莱恩：该死的吸血鬼……	
LA_CHURCH.TXT	26	voice	a1s1_mynce1.wav	Mynce	Mynce: Careful with your relatives.	明斯：当心点，那可是你亲戚。	
LA_CHURCH.TXT	27	voice	a1s1_Rayne2.wav	Hero_Airboat	Rayne: They should have more sense.	莱恩：它们要是懂事，就该离我远点。	
LA_CHURCH.TXT	28	voice	a1s1_mynce2.wav	Mynce	Mynce: Welcome to Louisiana, Rayne.	明斯：欢迎来到路易斯安那，莱恩。	
LA_CHURCH.TXT	29	voice	a1s1_Rayne3.wav	Hero_Airboat	Rayne: Thanks for dragging me out here.  I just love the water.	莱恩：谢谢你把我拖到这种鬼地方，我最喜欢水了。	
LA_CHURCH.TXT	30	voice	a1s1_mynce3.wav	Mynce	Mynce: You're only half-vampire.  A dip might hurt, but it won't kill you.	明斯：你只有一半的吸血鬼血统，下水会疼，但还不至于要命。	
LA_CHURCH.TXT	31	voice	a5s5_Rayne136.wav	Hero_Airboat	Rayne: So does sticking a finger in my eye.  Doesn't mean I have to do it.	莱恩：拿手指戳眼睛也不会死，也不代表我乐意这么干啊。	
LA_CHURCH.TXT	32	voice	a1s1_mynce4.wav	Mynce	Mynce: No time for pleasantries.  Just like your half-sister.	明斯：连句客套话都没有，跟你同父异母的姐姐一个样。	
LA_CHURCH.TXT	33	voice	a1s1_Rayne5.wav	Hero_Airboat	Rayne: Yeah, it's a family trait.  I'd just like to walk on my own two feet someday.	莱恩：是啊，家族遗传，我只希望有一天能自己做主。	
LA_CHURCH.TXT	34	voice	a1s1_mynce5.wav	Mynce	Mynce: You will.  I'm only here to make sure your cockiness doesn't get you killed.  That's all.	明斯：会有那一天的。我来只是为了防止你因为太自负而送命，仅此而已。	
LA_CHURCH.TXT	35	voice	a1s1_Rayne6.wav	Hero_Airboat	Rayne: I'm just confident in my abilities.	莱恩：我只是对自己的本事有信心。	
LA_CHURCH.TXT	36	voice	a1s1_mynce6.wav	Mynce	Mynce: So am I.  But this is your first assignment for the Brimstone Society, so everything must go according to plan.	明斯：我也相信你。但这是你加入硫磺会后的第一次任务，绝不能出岔子。	
LA_CHURCH.TXT	37	voice	a5s5_Rayne137.wav	Hero_Airboat	Rayne: Or make sure I don't try to kill my vampire father again.	莱恩：或者说，你是来盯着我，免得我再去杀那个吸血鬼老爹。	
LA_CHURCH.TXT	38	voice	a1s1_mynce7.wav	Mynce	Mynce: If needed.  And prepare you.	明斯：必要的话，没错，这也是为了让你做好准备。	
LA_CHURCH.TXT	39	voice	a5s5_Rayne138.wav	Hero_Airboat	Rayne: I suppose you want me to go over the mission again?	莱恩：你是想让我再复述一遍任务吧？	
LA_CHURCH.TXT	40	voice	a1s1_mynce8.wav	Mynce	Mynce: What do we know so far?	明斯：目前我们知道什么？	
LA_CHURCH.TXT	41	voice	a1s1_Rayne9.wav	Hero_Airboat	Rayne: The Earth is round and rotates around the sun...	莱恩：地球是圆的，而且绕着太阳转……	
LA_CHURCH.TXT	42	voice	a1s1_mynce9.wav	Mynce	Mynce: And beyond that?	明斯：除此之外呢？	
LA_CHURCH.TXT	43	voice	a1s1_Rayne10.wav	Hero_Airboat	Rayne: Fine.  Newspapers claim the people of Mortton, Louisiana are turning into some type of monster.  They're calling them 'Mutates'.  Doctors think a new disease is the cause, so they've quarantined the area.	莱恩：行吧。\n报纸说路易斯安那州莫顿的居民正在变成某种怪物，人们管他们叫“变异体”。\n医生认为是某种新疾病造成的，所以已经封锁了这里。	
LA_CHURCH.TXT	44	voice	a1s1_mynce10.wav	Mynce	Mynce: You make me proud.	明斯：真让我欣慰。	
LA_CHURCH.TXT	45	voice	a1s1_Rayne11.wav	Hero_Airboat	Rayne: There are numerous known biological masses in town.  They appear to be the 'carriers' of the condition.	莱恩：镇上已知有多处生物组织块，看起来就是这种病的“传染源”。	
LA_CHURCH.TXT	46	voice	a1s1_mynce11.wav	Mynce	Mynce: And that's where you come in.  Destroy the sources of the infection.  And as many of the infected townspeople as possible.  The disease cannot spread beyond this village.	明斯：这就轮到你出场了。\n摧毁传染源，尽量消灭已经感染的镇民，绝不能让这种病传出村子。	
LA_CHURCH.TXT	47	voice	a1s1_Rayne12.wav	Hero_Airboat	Rayne: Sort of a radical cure, don't you think?	莱恩：这治法是不是有点太狠了？	
LA_CHURCH.TXT	48	voice	a1s1_mynce12.wav	Mynce	Mynce: You'll be doing them a favor.  In the final stages their brains liquify and run out their nose and ears.	明斯：你这是在帮他们解脱。\n到了晚期，他们的脑子会化成液体，从鼻子和耳朵里流出来。	
LA_CHURCH.TXT	49	voice	a1s1_Rayne13.wav	Hero_Airboat	Rayne: Hell of a cold.	莱恩：这感冒可真够厉害的。	
LA_CHURCH.TXT	51	voice	a1s1_mynce13.wav	Mynce	Mynce: Oh, you've seen it all, haven't you?	明斯：呵，你还真是见多识广啊。	
LA_CHURCH.TXT	52	voice	a1s1_mynce14.wav	Mynce	Mynce: Land ho.	明斯：靠岸了。	
LA_CHURCH.TXT	53	voice	a1s1_mynce15.wav	Mynce	Mynce: One of the biological masses was found at the end of this road, in a graveyard behind the church.  We'll meet up there.	明斯：有人在这条路尽头发现了一处生物组织块，就在教堂后面的墓地里。\n我们在那里会合。	
LA_CHURCH.TXT	55	hud	ost_move		Use @@moveAxis@@ to move BloodRayne forward and backward. @@turnAxis@@ turns.  @@pointAxis@@ looks up and down.	使用@@moveAxis@@控制莱恩前后移动，使用@@turnAxis@@转向，使用@@pointAxis@@上下观察	
LA_CHURCH.TXT	56	hud	ost_look		@@turnAxis@@ turns.  @@pointAxis@@ looks up and down.	使用@@turnAxis@@转向，使用@@pointAxis@@上下观察	
LA_CHURCH.TXT	57	hud	ost_adjust		Adjust the sensitivity of turning/looking in the control options menu by pressing @@startButtonName@@	按@@startButtonName@@打开控制选项菜单，可调整转向与视角的灵敏度	
LA_CHURCH.TXT	59	voice	a1s2_mynce7.wav	Mynce	Mynce: What's that mound by the telephone pole?	明斯：电话杆旁边那堆东西是什么？	
LA_CHURCH.TXT	60	voice	a1s2_Rayne1.wav	$	Rayne: What is it?	莱恩：那是什么？	
LA_CHURCH.TXT	61	voice	a1s2_mynce8.wav	Mynce	Mynce: It is...was...human.  Might be remains from the final stages of the disease, but there's something not quite right about it.	明斯：它是……曾经是个人，可能是病情晚期留下的残骸，但看起来有点不对劲。	
LA_CHURCH.TXT	62	voice	a1s2_mynce16.wav	Mynce	Mynce: Let's check inside.	明斯：进去看看。	
LA_CHURCH.TXT	63	voice	a5s5_Rayne140.wav	$	Rayne: Good thing we're not hypersensitive to holy items like some vampires.	莱恩：幸好我们不像某些吸血鬼那样，一碰圣物就受不了。	
LA_CHURCH.TXT	65	voice	a1s3_mynce48.wav	Mynce	Mynce: Hmmm, seems like somebody made their last stand here.  Grab some guns if you want.	明斯：嗯……看来有人在这里负隅顽抗过，想拿枪的话就拿吧。	
LA_CHURCH.TXT	67	voice	a1s3_mynce56.wav	Mynce	Mynce: You should be all set.  I'm going to leaf through these documents.  Maybe I can find something about past outbreaks of the disease.	明斯：装备应该够了。我去翻翻这些文件，也许能找到以前暴发这种疾病的记录。	
LA_CHURCH.TXT	69	voice	a1s3_mynce57.wav	Mynce	Mynce: That wall stretches across the whole town.  Thirty feet high.	明斯：那堵墙横贯整个镇子，足有三十英尺高。	
LA_CHURCH.TXT	70	voice	a1s3_Rayne23.wav	$	Rayne: I can see that.  So?	莱恩：这我看得出来，所以呢？	
LA_CHURCH.TXT	71	voice	a1s3_mynce58.wav	Mynce	"Mynce: I found a book that said in 1903 the ""old town"" was completely evacuated.  No one has been on the other side of that wall ever since."	明斯：我在一本书里看到，1903年“旧城区”被彻底疏散。\n从那以后，再没人去过围墙另一边。	
LA_CHURCH.TXT	72	voice	a1s3_Rayne24.wav	$	Rayne: I don't think I follow.	莱恩：我还是没明白。	
LA_CHURCH.TXT	73	voice	a1s3_mynce60.wav	Mynce	Mynce: I found another book.  It was very old, and some of it was written in an antiquated dialect.	明斯：我还找到另一本书，年代非常久远，其中一些内容用的是古老方言。	
LA_CHURCH.TXT	74	voice	a1s3_mynce61.wav	Mynce	Mynce: From what I understood, even the earliest French settlers feared something in these swamps.	明斯：照我的理解，最早来到这里的法国移民，就已经在害怕沼泽里的某种东西了。	
LA_CHURCH.TXT	75	voice	a1s3_Rayne26.wav	$	Rayne: Feared what?	莱恩：怕什么？	
LA_CHURCH.TXT	76	voice	a1s3_mynce62.wav	Mynce	Mynce: What's this?	明斯：这是什么？	
LA_CHURCH.TXT	77	voice	a1s3_mynce63.wav	Mynce	"Mynce: ""After our dark year, in 1873 the first stone of this great Wall of Fortitude was laid."""	明斯：“黑暗之年过后，公元1873年，这座宏伟的坚毅之墙奠下了第一块基石。”	
LA_CHURCH.TXT	78	voice	a1s3_mynce64.wav	Mynce	"Mynce: ""With this plaque mounted in the year 1888 of our Lord, construction is complete."""	明斯：“此碑立于主历1888年，工程至此竣工。”	
LA_CHURCH.TXT	79	voice	a1s3_mynce65.wav	Mynce	"Mynce: ""May this Wall of Fortitude, with the grace of God, shield us from evil and keep us safe now and forever."""	明斯：“愿坚毅之墙蒙受上帝恩典，抵御邪恶，护佑吾等从今直至永远。”	
LA_CHURCH.TXT	80	voice	a1s3_mynce66.wav	Mynce			
LA_CHURCH.TXT	81	voice	a1s3_Rayne27.wav	$	Rayne: Exactly thirty years apart.	莱恩：正好相隔三十年。	
LA_CHURCH.TXT	82	voice	a1s3_mynce67.wav	Mynce	Mynce: Something tells me they didn't build that wall to keep out a disease.	明斯：我有种感觉，他们修这堵墙可不是为了挡住疾病。	
LA_CHURCH.TXT	83	voice	a1s3_mynce69.wav	Mynce	Mynce: I'm going to see what else I can find in those books.	明斯：我再去看看那些书里还有什么。	
LA_CHURCH.TXT	84	voice	a1s3_mynce70.wav	Mynce	Mynce: You should take out those bio-masses.  The first one's in the graveyard.  I'll meet up with you later.	明斯：你去摧毁那些生物组织块，第一个就在墓地里，之后再会合。	
LA_CHURCH.TXT	85	voice	a1s4_rayne12.wav	$	Rayne: Seems like they built that wall for nothing.	莱恩：看来这堵墙算是白修了。	
LA_COURT.TXT	0	hud	MissionDescription		Town Hall	市政厅	
LA_COURT.TXT	2	hud	ost_message		Find and destroy the nest. Find any survivors.	摧毁巢穴并寻找幸存者	
LA_COURT.TXT	3	hud	ost_nestthree		Find and destroy the nest.	找到并摧毁巢穴	
LA_COURT.TXT	4	hud	ost_complete		Proceed to the next area.	前往下一区域	
LA_COURT.TXT	5	hud	ost_survivor		Find any survivors.	寻找幸存者	
LA_COURT.TXT	7	voice	a1s0_Rayne3.wav	$	Rayne: Nine left.	莱恩：还剩九个。	
LA_COURT.TXT	8	voice	a1s0_Rayne4.wav	$	Rayne: Eight more.	莱恩：还有八个。	
LA_COURT.TXT	9	voice	a1s0_Rayne5.wav	$	Rayne: Seven left.	莱恩：还剩七个。	
LA_COURT.TXT	10	voice	a1s0_Rayne6.wav	$	Rayne: Six left.	莱恩：还剩六个。	
LA_COURT.TXT	11	voice	a1s0_Rayne7.wav	$	Rayne: Five more.	莱恩：还有五个。	
LA_COURT.TXT	12	voice	a1s0_Rayne8.wav	$	Rayne: Four remain.	莱恩：还剩四个。	
LA_COURT.TXT	13	voice	a1s0_Rayne9.wav	$	Rayne: Three left.	莱恩：还剩三个。	
LA_COURT.TXT	14	voice	a1s0_Rayne10.wav	$	Rayne: Only two more.	莱恩：只剩两个。	
LA_COURT.TXT	15	voice	a1s0_Rayne11.wav	$	Rayne: One left.	莱恩：最后一个。	
LA_COURT.TXT	17	voice	a1s0_Rayne12a.wav	$	Rayne: Blocked.	莱恩：堵住了。	
LA_COURT.TXT	18	voice	a1s0_Rayne13b.wav	$	Rayne: Won't budge.	莱恩：纹丝不动。	
LA_COURT.TXT	19	voice	a1s0_Rayne14b.wav	$	Rayne: It won't open from this side.	莱恩：这边打不开。	
LA_COURT.TXT	20	voice	a1s0_Rayne15.wav	$	Rayne: Nothing that way.	莱恩：那边没路。	
LA_COURT.TXT	21	voice	a1s0_Rayne16a.wav	$	Rayne: Wrong way.	莱恩：走错了。	
LA_COURT.TXT	22	voice	a1s0_Rayne17c.wav	$	Rayne: Nope, not done here.	莱恩：不行，这里还没处理完。	
LA_COURT.TXT	23	voice	a1s0_Rayne18a.wav	$	Rayne: I'm done there.	莱恩：那边已经搞定了。	
LA_COURT.TXT	25	voice	a5s5_Rayne146.wav	$	Rayne: Flooded. Why can it never be easy?	莱恩：又被水淹了，就不能有一次是省点事的吗？	
LA_COURT.TXT	27	voice	a1s6_Deputy1.wav	Deputy	Deputy: Hiyah! Die you ugly son o'bitch!	副警长：呀！去死吧，你这丑八怪！	
LA_COURT.TXT	28	voice	a1s6_Deputy2.wav	Deputy	Deputy: Oh.	副警长：呃。	
LA_COURT.TXT	29	voice	a1s6_Rayne2.wav	$	Rayne: Easy with that thing.  And who'd you call ugly?	莱恩：小心点，还有，你说谁丑呢？	
LA_COURT.TXT	30	voice	a1s6_Deputy3.wav	Deputy	Deputy: Excuse moi.  I, ahhh...I didn't mean to...	副警长：对不起，我……我不是说你……	
LA_COURT.TXT	31	voice	a1s6_Rayne3.wav	$	Rayne: Save it.  Just go to Famille Termaine mausoleum.  You'll be safe there.	莱恩：少废话，去特梅恩家族陵墓，那里是安全的。	
LA_COURT.TXT	32	voice	a1s6_Deputy4.wav	Deputy	Deputy: Well I don' t'ink so, you see, I got it pretty good right here, ya.  All the guns I need and...	副警长：这个嘛，我觉得没必要吧。\n你看，我在这儿挺好的，枪要多少有多少，而且……	
LA_COURT.TXT	33	voice	a1s6_Rayne4.wav	$	Rayne: ...and it's only a matter of time before these things find a way in.  I did.  And what if your ammo runs out?	莱恩：……而且那些怪物迟早会闯进来。我不就进来了吗？等子弹打光了怎么办？	
LA_COURT.TXT	34	voice	a1s6_Deputy5.wav	Deputy	Deputy: Well...maybe you got a point, but...	副警长：嗯……你说得也有道理，可是……	
LA_COURT.TXT	35	voice	a1s6_Rayne5.wav	$	Rayne: Take your gun and go.  The gravedigger's already there.  It's the safest place for now.	莱恩：带上枪，快走。掘墓人已经在那里了，目前那是最安全的地方。	
LA_COURT.TXT	36	voice	a1s6_Deputy6.wav	Deputy	Deputy: Gravedigger?  Jean's alive?  My brother in-law?  A'right, I go.	副警长：掘墓人？让还活着？我那个姐夫？好吧，我这就走。	
LA_COURT.TXT	37	voice	a1s6_Deputy7.wav	Deputy	Deputy: Excuse my manners.  Adieu mademoiselle.	副警长：刚才失礼了。再见，小姐。	
LA_COURT.TXT	38	voice	a1s6_Rayne6.wav	$	Rayne: Hold on there, Mr....	莱恩：等一下……	
LA_COURT.TXT	39	voice	a1s6_Deputy8.wav	Deputy	Deputy: That'd be Deputy Gorham, cher.	副警长：我叫戈勒姆，是这里的副警长，亲爱的。	
LA_COURT.TXT	40	voice	a1s6_Rayne7.wav	$	Rayne: Deputy Gorham then, how about unlocking this thing?	莱恩：那么戈勒姆副警长，能不能先帮我把这东西打开？	
LA_COURT.TXT	41	voice	a1s6_Deputy9.wav	Deputy	Deputy: Ah oui, bien sur.	副警长：啊，当然可以。	
LA_COURT.TXT	42	voice	a1s6_Deputy11.wav	Deputy	Deputy: Sorry, so sorry.	副警长：抱歉，实在抱歉。	
LA_COURT.TXT	43	voice	a1s6_Deputy12.wav	Deputy	Deputy: Say fin'.  Well I'm off now.  Later, mon' cher.	副警长：搞定。那我先走了，回头见，亲爱的。	
LA_COURT.TXT	44	voice	a1s6_Deputy13.wav	Deputy	Deputy: Huahharggghhh...	副警长：呃啊啊……	
LA_COURT.TXT	45	voice	a1s6_Deputy14a.wav	Deputy			
LA_COURT.TXT	46	voice	a1s6_Rayne9.wav	$	Rayne: I can't carry them all.  I can always come back.	莱恩：我一次拿不了这么多，可以以后再回来。	
LA_COURT.TXT	48	voice	a1s7_BigMan1.wav	BigMan	BigMan: Yeeeowww!	壮汉：哎哟！	
LA_COURT.TXT	49	voice	a1s7_BigMan2.wav	BigMan	BigMan: Damn.  I shot my own damn foot.	壮汉：该死，我一枪打中了自己的脚。	
LA_COURT.TXT	50	voice	a1s7_Rayne7.wav	$	Rayne: You ok?	莱恩：你没事吧？	
LA_COURT.TXT	51	voice	a1s7_BigMan3.wav	BigMan	BigMan: I'm fine, I'm fine.  I done it before.  Twice.	壮汉：没事，没事。我以前也干过这种事，两次。	
LA_COURT.TXT	52	voice	a1s7_Rayne8.wav	$	Rayne: Maybe you should give me that gun.	莱恩：我看你还是把枪交给我吧。	
LA_COURT.TXT	53	voice	a1s7_BigMan4.wav	BigMan	BigMan: Yeah ok, but what about me?	壮汉：好吧，那我怎么办？	
LA_COURT.TXT	54	voice	a1s7_Rayne9.wav	$	Rayne: Can you walk?	莱恩：还能走吗？	
LA_COURT.TXT	55	voice	a1s7_BigMan5.wav	BigMan	BigMan: Hell, I can run if I want.  Ain't got no feeling in my foot anyway.	壮汉：废话，我想跑都行，反正这只脚早就没知觉了。	
LA_COURT.TXT	56	voice	a1s7_Rayne10.wav	$	Rayne: Then go to Famille Termaine mausoleum and hide out there.	莱恩：那就去特梅恩家族陵墓躲起来。	
LA_COURT.TXT	57	voice	a1s7_BigMan6.wav	BigMan	BigMan: Wit' dem dead bodies?  I can't even stand de smell!	壮汉：跟一堆死人待在一起？那味儿我可受不了！	
LA_COURT.TXT	58	voice	a1s7_Rayne11.wav	$	Rayne: It's no rose garden here either.  Now move it.	莱恩：你这里也没香到哪儿去，快走。	
LA_COURT.TXT	59	voice	a1s7_BigMan7.wav	BigMan	BigMan: You sorry rascal, you ain't never gonna kill...aahhh.	壮汉：你这个狗东西，别想杀了……啊！	
LA_COURT.TXT	60	voice	a1s7_BigMan8b.wav	BigMan			
LA_GHETTO.TXT	0	hud	MissionDescription		Ghetto	贫民区	
LA_GHETTO.TXT	2	hud	ost_message		Find and destroy the nest. Find any survivors.	摧毁巢穴并寻找幸存者	
LA_GHETTO.TXT	3	hud	ost_nesttwo		Find and destroy the nest.	找到并摧毁巢穴	
LA_GHETTO.TXT	4	hud	ost_complete		Proceed to the next area.	前往下一区域	
LA_GHETTO.TXT	5	hud	ost_survivor		Find any survivors.	寻找幸存者	
LA_GHETTO.TXT	6	hud	ost_PowerUp		Gained Level 3 Normal Attack.	普通攻击提升至3级	
LA_GHETTO.TXT	7	hud	ost_blank				
LA_GHETTO.TXT	9	hud	ost_door		Rebound kick can be used to break down weak spots in walls.	反弹踢可破坏墙壁的薄弱处	
LA_GHETTO.TXT	11	voice	a1s0_Rayne3.wav	$	Rayne: Nine left.	莱恩：还剩九个。	
LA_GHETTO.TXT	12	voice	a1s0_Rayne4.wav	$	Rayne: Eight more.	莱恩：还有八个。	
LA_GHETTO.TXT	13	voice	a1s0_Rayne5.wav	$	Rayne: Seven left.	莱恩：还剩七个。	
LA_GHETTO.TXT	14	voice	a1s0_Rayne6.wav	$	Rayne: Six left.	莱恩：还剩六个。	
LA_GHETTO.TXT	15	voice	a1s0_Rayne7.wav	$	Rayne: Five more.	莱恩：还有五个。	
LA_GHETTO.TXT	16	voice	a1s0_Rayne8.wav	$	Rayne: Four remain.	莱恩：还剩四个。	
LA_GHETTO.TXT	17	voice	a1s0_Rayne9.wav	$	Rayne: Three left.	莱恩：还剩三个。	
LA_GHETTO.TXT	18	voice	a1s0_Rayne10.wav	$	Rayne: Only two more.	莱恩：只剩两个。	
LA_GHETTO.TXT	19	voice	a1s0_Rayne11.wav	$	Rayne: One left.	莱恩：最后一个。	
LA_GHETTO.TXT	21	voice	a1s0_Rayne12a.wav	$	Rayne: Blocked.	莱恩：堵住了。	
LA_GHETTO.TXT	22	voice	a1s0_Rayne13b.wav	$	Rayne: Won't budge.	莱恩：纹丝不动。	
LA_GHETTO.TXT	23	voice	a1s0_Rayne14b.wav	$	Rayne: It won't open from this side.	莱恩：这边打不开。	
LA_GHETTO.TXT	24	voice	a1s0_Rayne15.wav	$	Rayne: Nothing that way.	莱恩：那边没路。	
LA_GHETTO.TXT	25	voice	a1s0_Rayne16a.wav	$	Rayne: Wrong way.	莱恩：走错了。	
LA_GHETTO.TXT	26	voice	a1s0_Rayne17c.wav	$	Rayne: Nope, not done here.	莱恩：不行，这里还没处理完。	
LA_GHETTO.TXT	27	voice	a1s0_Rayne18a.wav	$	Rayne: I'm done there.	莱恩：那边已经搞定了。	
LA_GHETTO.TXT	29	voice	a1s5_MaleSurvivor1.wav	MaleSurvivor	Survivor: Please don' kill me!	幸存者：求你别杀我！	
LA_GHETTO.TXT	30	voice	a1s5_Rayne1.wav	$	Rayne: Go to the Famille Termaine mausoleum.  You'll be safe there.	莱恩：去特梅恩家族陵墓，那里安全。	
LA_GHETTO.TXT	31	voice	a1s5_MaleSurvivor2.wav	MaleSurvivor	Survivor: Anyt'ing you say.  Just don' kill me.  Merci.	幸存者：你说什么我都照做，只求你别杀我，谢谢。	
LA_GHETTO.TXT	32	voice	a1s5_MaleSurvivor3.wav	MaleSurvivor	Survivor: Ahhhhh!	幸存者：啊！	
LA_GHETTO.TXT	33	voice	a1s5_Rayne2.wav	$	Rayne: Oh Christ!	莱恩：该死！	
LA_GHETTO.TXT	34	voice	a1s5_MaleSurvivor4.wav	MaleSurvivor	Survivor: I thank you.  Merci.  Please check on my frien' Claude Latrelle!  He's 'oled up wit a shotgun over there...	幸存者：谢谢你，真的谢谢你。\n求你去看看我的朋友克劳德·拉特雷尔！他拿着霰弹枪躲在那边……	
LA_GHETTO.TXT	35	voice	a1s5_Houseman1.wav	Houseman	Houseman: Neeeaaah!  Ahhh!  Ahhhrgh...	屋内男子：呃啊！啊！啊啊……	
LA_GHETTO.TXT	36	voice	a1s5_MaleSurvivor5.wav	MaleSurvivor	Survivor: Da's 'im!	幸存者：就是他！	
LA_GHETTO.TXT	37	voice	a1s5_Rayne3.wav	$	Rayne: Get moving!  I'll see what I can do.	莱恩：快走！我去看看还能做什么。	
LA_GHETTO.TXT	38	voice	a1s5_MaleSurvivor6.wav	MaleSurvivor	Survivor: Oh no! Yeaaaarrgh...	幸存者：不！啊！	
LA_GHETTO.TXT	39	voice	a1s5_MaleSurvivor7c.wav	MaleSurvivor			
LA_GHETTO.TXT	40	voice	a1s5_Rayne4.wav	$	Rayne: So much for Claude.	莱恩：看来克劳德已经没救了。	
LA_GHETTO.TXT	41	voice	a1s6_Rayne1.wav	$	Rayne: This is going to hurt a little.	莱恩：接下来会有点疼。	
LA_GHETTO.TXT	43	hud	1s7_Rayne1	$	Rayne: Run to Famille Termain mausoleum. You'll be safe there.	莱恩：快跑去特梅恩家族陵墓，那里安全。	
LA_GHETTO.TXT	44	voice	a1s7_Kazi1.wav	Kazi	Kazi: Mmmrrrggggffff!  Mrg!  Mrg!  Mrggrrt!	卡兹：唔唔唔！唔！唔！唔唔！	
LA_GHETTO.TXT	45	voice	a1s7_Kazi2.wav	Kazi	Kazi: Tank you.  No pleasure lookin' at insides.	卡兹：谢谢你。看见自己的肚子里面，一点也不好玩。	
LA_GHETTO.TXT	46	voice	a1s7_Kazi3.wav	Kazi	Kazi: Dat bitch Marassa.  I git me hands on her, I make her eat her magic.	卡兹：玛拉莎那个婊子，等我抓到她，我让她把自己的妖术吃下去。	
LA_GHETTO.TXT	47	voice	a1s7_Rayne2.wav	$	Rayne: Who?	莱恩：谁？	
LA_GHETTO.TXT	48	voice	a1s7_Kazi4.wav	Kazi	Kazi: Marassa.  Fancies 'erself Marie Laveau, Voodoo priestess.	卡兹：玛拉莎，她真把自己当成巫毒女祭司玛丽·拉沃了。	
LA_GHETTO.TXT	49	voice	a1s7_Rayne3.wav	$	Rayne: What about her?	莱恩：她怎么了？	
LA_GHETTO.TXT	50	voice	a1s7_Kazi5.wav	Kazi	Kazi: She hook up wit dee old German who came 'ere.  She go out to boat graveyard an' she do black magic.	卡兹：她跟那个来这里的德国老头混在一起，跑到船舶墓地施黑魔法。	
LA_GHETTO.TXT	51	voice	a1s7_Rayne4.wav	$	Rayne: She's responsible for this?	莱恩：这里的一切都是她干的？	
LA_GHETTO.TXT	52	voice	a1s7_Kazi6.wav	Kazi	Kazi: Oui!  She and dee German.  Scary man.  Evil.	卡兹：对！她和那个德国人。那人很可怕，邪恶得很。	
LA_GHETTO.TXT	53	voice	a1s7_Kazi7.wav	Kazi	Kazi: She said she goin' out dere to raise the mother of dee underworld!	卡兹：她说要去那里唤醒冥界之母！	
LA_GHETTO.TXT	54	voice	a1s7_Rayne5.wav	$	Rayne: Must be one attractive lady.  You better get going to Famille Termaine mausoleum.  It's the only safe place in town.	莱恩：听起来一定是位大美人。\n你最好赶紧去特梅恩家族陵墓，那是镇上唯一安全的地方。	
LA_GHETTO.TXT	55	voice	a1s7_Kazi8.wav	KAZI	Kazi: I will.	卡兹：我会去的。	
LA_GHETTO.TXT	56	voice	a1s7_Kazi9.wav	KAZI	Kazi: Marassa.  Voodoo priestess.  Hah!  Five cent magic.  I show you.  I make you look at insides.	卡兹：玛拉莎，巫毒女祭司，哈！廉价的把戏。\n等着瞧吧，我也要让你看看自己的肚子里面。	
LA_GHETTO.TXT	57	voice	a1s7_Kazi10.wav	Kazi	Kazi: Arhhhhhhh.	卡兹：啊啊啊啊！	
LA_GHETTO.TXT	58	voice	a1s7_Kazi11b.wav	Kazi			
LA_GRAVEYARD.TXT	0	hud	MissionDescription		City of the Dead	死者之城	
LA_GRAVEYARD.TXT	2	hud	ost_firstnest		Investigate the bio-mass.	调查生物组织块	
LA_GRAVEYARD.TXT	3	hud	ost_newtown		Find the other nests.	寻找其他巢穴	
LA_GRAVEYARD.TXT	4	hud	ost_oldtown		Find the source.	寻找源头	
LA_GRAVEYARD.TXT	5	hud	ost_mynce		Talk to Mynce.	和明斯交谈	
LA_GRAVEYARD.TXT	6	hud	ost_blank				
LA_GRAVEYARD.TXT	8	voice	a1s0_Rayne12a.wav	$	Rayne: Blocked.	莱恩：堵住了。	
LA_GRAVEYARD.TXT	9	voice	a1s0_Rayne13b.wav	$	Rayne: Won't budge.	莱恩：纹丝不动。	
LA_GRAVEYARD.TXT	10	voice	a1s0_Rayne14b.wav	$	Rayne: It won't open from this side.	莱恩：这边打不开。	
LA_GRAVEYARD.TXT	11	voice	a1s0_Rayne15.wav	$	Rayne: Nothing that way.	莱恩：那边没路。	
LA_GRAVEYARD.TXT	12	voice	a1s0_Rayne16a.wav	$	Rayne: Wrong way.	莱恩：走错了。	
LA_GRAVEYARD.TXT	13	voice	a1s0_Rayne17c.wav	$	Rayne: Nope, not done here.	莱恩：不行，这里还没处理完。	
LA_GRAVEYARD.TXT	14	voice	a1s0_Rayne18a.wav	$	Rayne: I'm done there.	莱恩：那边已经搞定了。	
LA_GRAVEYARD.TXT	16	voice	a1s2_mynce1.wav	Mynce	Mynce: What are you doing Rayne!?	明斯：你在干什么，莱恩！？	
LA_GRAVEYARD.TXT	17	voice	a1s2_mynce2.wav	Mynce	Mynce: Knock it off!	明斯：住手！	
LA_GRAVEYARD.TXT	18	voice	a1s2_mynce3.wav	Mynce	Mynce: I wouldn't do that!	明斯：我劝你别这么做！	
LA_GRAVEYARD.TXT	19	voice	a1s2_mynce4.wav	Mynce	Mynce: Bitch!	明斯：混蛋！	
LA_GRAVEYARD.TXT	20	voice	a1s2_mynce5.wav	Mynce	Mynce: Quit!	明斯：停下！	
LA_GRAVEYARD.TXT	22	voice	a1s4_Rayne1.wav	$	Rayne: What the?  Is that the bio-mass?	莱恩：搞什么？那就是生物组织块？	
LA_GRAVEYARD.TXT	23	voice	a1s4_Rayne2.wav	$	Rayne: That can't be good.	莱恩：这可不是好兆头。	
LA_GRAVEYARD.TXT	24	voice	a1s4_Rayne3.wav	$	Rayne: The bio-mass!	莱恩：生物组织块！	
LA_GRAVEYARD.TXT	25	voice	a1s4_Rayne4.wav	$	Rayne: It's a nest!?	莱恩：这竟然是个巢穴！？	
LA_GRAVEYARD.TXT	27	voice	a1s4_mynce1.wav	Mynce	Mynce: Well done.  Strange creatures, aren't they?	明斯：干得不错。这些生物很奇怪，对吧？	
LA_GRAVEYARD.TXT	28	voice	a1s4_Rayne5.wav	$	Rayne: Strange isn't the first word that comes to mind.  What are they?	莱恩：我首先能想到的词可不是“奇怪”，它们到底是什么？	
LA_GRAVEYARD.TXT	29	voice	a1s4_mynce2.wav	Mynce	Mynce: I'm not sure.  But it seems they carry a disease that causes mutations in humans.	明斯：我也不确定。不过它们似乎携带着一种疾病，会让人类发生变异。	
LA_GRAVEYARD.TXT	30	voice	a1s4_Rayne6.wav	$	Rayne: The Mutates.	莱恩：所以才有那些变异体。	
LA_GRAVEYARD.TXT	31	voice	a1s4_mynce3.wav	Mynce	Mynce: Right, and remember those sludge mounds we've been finding everywhere?	明斯：没错，还记得我们到处看到的那些烂泥堆吗？	
LA_GRAVEYARD.TXT	32	voice	a1s4_Rayne7.wav	$	Rayne: What about them?	莱恩：怎么了？	
LA_GRAVEYARD.TXT	33	voice	a1s4_mynce4.wav	Mynce	Mynce: Humans.  What's left of them.  The spider creatures regurgitate what they eat.	明斯：那是人类，或者说他们剩下的东西，那些蜘蛛怪会把吃下去的东西吐出来。	
LA_GRAVEYARD.TXT	34	voice	a5s5_Rayne145.wav	$	Rayne: Ugh...creature vomit?	莱恩：呃……怪物的呕吐物？	
LA_GRAVEYARD.TXT	35	voice	a1s4_Rayne8.wav	$	Rayne: Strange doesn't even begin to cover it.	莱恩：光说“奇怪”都有点太客气了。	
LA_GRAVEYARD.TXT	36	voice	a1s4_Gravedigger1.wav	Gravedigger	Gravedigger: Hello?  Hello?	掘墓人：有人吗？有人吗？	
LA_GRAVEYARD.TXT	37	voice	a1s4_Gravedigger2.wav	Gravedigger	Gravedigger: Is somebody d'ere?	掘墓人：外面有人吗？	
LA_GRAVEYARD.TXT	38	voice	a1s4_Gravedigger3.wav	Gravedigger	Gravedigger: Ahh!  Please, is somebody d'ere!?	掘墓人：啊！求求你，外面有人吗！？	
LA_GRAVEYARD.TXT	39	voice	a1s4_mynce6.wav	Mynce	Mynce: Open up.	明斯：开门。	
LA_GRAVEYARD.TXT	40	voice	a1s4_Gravedigger4.wav	Gravedigger	Gravedigger: Are dey Maraisreq gone?	掘墓人：那些马雷斯克走了吗？	
LA_GRAVEYARD.TXT	41	voice	a1s4_Rayne9.wav	$	Rayne: Is what gone?	莱恩：什么东西走了？	
LA_GRAVEYARD.TXT	42	voice	a1s4_mynce7.wav	Mynce	"Mynce: The Maraisreq.  ""Swamp monster"".  That's what the Creole call the creatures."	明斯：马雷斯克，意思是“沼泽怪物”，克里奥尔人就是这么称呼这些生物的。	
LA_GRAVEYARD.TXT	43	voice	a1s4_Gravedigger5.wav	Gravedigger	Gravedigger: Are dey gone!?	掘墓人：它们真的走了吗！？	
LA_GRAVEYARD.TXT	44	voice	a1s4_mynce9.wav	Mynce	Mynce: Yes.  Now open the door.	明斯：走了，开门吧。	
LA_GRAVEYARD.TXT	45	voice	a1s4_Gravedigger6.wav	Gravedigger	Gravedigger: Mon dieu, les diables!	掘墓人：我的天，那些恶魔！	
LA_GRAVEYARD.TXT	46	voice	a1s4_mynce10.wav	Mynce	Mynce: Nice welcome for the rescue team.  Who are you?	明斯：这就是你欢迎救命恩人的方式？你是谁？	
LA_GRAVEYARD.TXT	47	voice	a1s4_Gravedigger7.wav	Gravedigger	Gravedigger: I'm Jean Sigmon.  I'm dee grave digger.	掘墓人：我叫让·西格蒙，是这里的掘墓人。	
LA_GRAVEYARD.TXT	48	voice	a1s4_mynce11.wav	Mynce	Mynce: What happened here?	明斯：这里发生了什么？	
LA_GRAVEYARD.TXT	49	voice	a1s4_Gravedigger8.wav	Gravedigger	Gravedigger: I don' know.  I hid in 'ere when those...when those 'tings came.  Dey can't get in wit'out dem holes.	掘墓人：我不知道，那些……那些东西出现时，我就躲进来了。\n这里没洞，它们钻不进来。	
LA_GRAVEYARD.TXT	50	voice	a1s4_Rayne10.wav	$	Rayne: Doesn't seem like he's infected.	莱恩：他看起来没被感染。	
LA_GRAVEYARD.TXT	51	voice	a1s4_Gravedigger9.wav	Gravedigger	Gravedigger: Some of us didn't catch it.	掘墓人：我们中有些人没有染上。	
LA_GRAVEYARD.TXT	52	voice	a1s4_mynce14.wav	Mynce	Mynce: If that's the case, there might be other survivors.	明斯：那就说明可能还有其他幸存者。	
LA_GRAVEYARD.TXT	53	voice	a1s4_mynce15.wav	Mynce	Mynce: Jean, you stay put.  This place is obviously safe.  We'll bring other survivors here.	明斯：让，你留在这里，这里看起来很安全，我们会把其他幸存者带过来。	
LA_GRAVEYARD.TXT	54	voice	a1s4_Gravedigger10.wav	Gravedigger	Gravedigger: We not leaving?	掘墓人：我们不走吗？	
LA_GRAVEYARD.TXT	55	voice	a1s4_mynce16.wav	Mynce	Mynce: Not yet.  You'll be safe here for a while longer.	明斯：暂时不走，你在这里还能安全一阵子。	
LA_GRAVEYARD.TXT	56	voice	a1s4_Gravedigger11.wav	Gravedigger	Gravedigger: Okay.  Okay.  Send 'dem here to Famille Termaine mausoleum and we wait.	掘墓人：好，好，让他们都来特梅恩家族陵墓，我们在这里等。	
LA_GRAVEYARD.TXT	57	voice	a1s4_mynce17.wav	Mynce	Mynce: If you find anyone that is healthy and alive, send them here.  But don't forget about the nests.	明斯：找到健康的幸存者，就让他们来这里，不过别忘了摧毁巢穴。	
LA_GRAVEYARD.TXT	58	voice	a1s4_Rayne12.wav	$	Rayne: Seems like they built that wall for nothing.	莱恩：看来那堵墙算是白修了。	
LA_GRAVEYARD.TXT	59	voice	a1s4_mynce18a.wav	Mynce	Mynce: Maybe.  Or maybe this time around things got worse.  These creatures are very insect-like.  Seems every thirty years they swarm.	明斯：也许吧，也可能是这一次的情况更糟。\n这些生物很像是昆虫，似乎每隔三十年就会成群出现。	
LA_GRAVEYARD.TXT	60	voice	a1s4_mynce19.wav	Mynce	Mynce: Only this one's different.  More dangerous.  We can't let them spread any further.	明斯：但这次不同，也更加危险，绝不能让它们继续扩散。	
LA_GRAVEYARD.TXT	61	voice	a1s4_mynce20.wav	Mynce	Mynce: I sketched out a map of approximate locations.  The reports weren't exact, so you'll have to search the area thoroughly.	明斯：我根据报告大致标出了位置，不过报告并不准确，你得把附近仔细搜一遍。	
LA_GRAVEYARD.TXT	63	hud	ost_obj		Press @@startButtonName@@ and select Map of Mortton to view the map/objectives at any time.	按@@startButtonName@@并选择“莫顿地图”，可随时查看地图和任务目标	
LA_GRAVEYARD.TXT	65	voice	a1s4_mynce23.wav	Mynce	Mynce: Once you're back we'll head over that wall.  There must be some type of source where all these creatures come from.	明斯：等你回来以后，我们就翻过那堵墙，这些生物肯定有一个共同的源头。	
LA_GRAVEYARD.TXT	66	voice	a1s4_Rayne13.wav	$	Rayne: Another nest?	莱恩：另一个巢穴？	
LA_GRAVEYARD.TXT	67	voice	a1s4_mynce24.wav	Mynce	Mynce: Maybe.  Or something bigger.	明斯：也许吧，或者是更大的东西。	
LA_GRAVEYARD.TXT	68	voice	a1s4_mynce26.wav	Mynce	Mynce: I almost forgot.  I have something for you.	明斯：差点忘了，我有东西要给你。	
LA_GRAVEYARD.TXT	70	hud	ost_harp		Hit bite button @@harpoonbitebuttonname@@ when far from a target to throw out a harpoon.	距离目标较远时按@@harpoonbitebuttonname@@，可射出鱼叉	
LA_GRAVEYARD.TXT	71	hud	ost_reel		Then hold the bite button @@harpoonbitebuttonname@@ and the harpoon will reel in the victim if they were caught off guard, scared, or wounded.	命中措手不及、受到惊吓或负伤的敌人后，按住@@harpoonbitebuttonname@@可将其拖到身边	
LA_GRAVEYARD.TXT	73	voice	a1s4_mynce27.wav	Mynce	Mynce: It's essentially a harpoon.  It helps with feeding and has a decent range.	明斯：其实就是一把鱼叉，既方便你吸血，射程也不错。	
LA_GRAVEYARD.TXT	74	voice	a1s4_Rayne16.wav	$	Rayne: Thanks.	莱恩：谢了。	
LA_GRAVEYARD.TXT	76	hud	ost_feed		Then tap the bite button @@harpoonbitebuttonname@@ to feed.	然后轻按吸血键@@harpoonbitebuttonname@@开始吸血	
LA_GRAVEYARD.TXT	77	hud	ost_dismount		Press @@jumpbuttonname@@ to quit feeding early and dismount.	按@@jumpbuttonname@@可提前停止吸血并跳下	
LA_GRAVEYARD.TXT	78	hud	ost_knife		Do not hold the bite button if you wish to use the harpoon as a damaging knife attack.	使用鱼叉进行伤害性刀击时，不要按住吸血键	
LA_GRAVEYARD.TXT	79	hud	ost_shoot		While holding in, hit bite button @@harpoonbitebuttonname@@ for harpoon, or the weapon attack button for guns to shoot breakable objects like furniture, barrels, crates, etc.	抓住敌人时，按吸血键@@harpoonbitebuttonname@@可使用鱼叉，\n或按武器攻击键开枪射击家具、木桶、箱子等可破坏物体	
LA_GRAVEYARD.TXT	81	voice	a1s4_mynce28.wav	Mynce	Mynce: I'll protect the mausoleum.  You go find those nests.	明斯：我来守住陵墓，你去找那些巢穴。	
LA_GRAVEYARD.TXT	83	voice	a1s4_Gravedigger12.wav	Gravedigger	Gravedigger: Huh, who dat?	掘墓人：嗯？谁啊？	
LA_GRAVEYARD.TXT	84	voice	a1s4_Gravedigger13.wav	Gravedigger	Gravedigger: Hey, who's dere?	掘墓人：喂，谁在那里？	
LA_GRAVEYARD.TXT	85	voice	a1s4_Gravedigger14.wav	Gravedigger	Gravedigger: Dat you jolies dames?	掘墓人：是你们两位漂亮小姐吗？	
LA_GRAVEYARD.TXT	86	voice	a1s4_Gravedigger15.wav	Gravedigger	Gravedigger: Aaaah!	掘墓人：啊啊 ！	
LA_GRAVEYARD.TXT	87	voice	a1s4_Gravedigger16.wav	Gravedigger	Gravedigger: Leave me alone!	掘墓人：别来烦我！	
LA_GRAVEYARD.TXT	88	voice	a1s4_Gravedigger17.wav	Gravedigger	Gravedigger: Go away!	掘墓人：走开！	
LA_GRAVEYARD.TXT	90	voice	a1s4_mynce29.wav	Mynce	Mynce: Having fun tormenting our local friend?	明斯：折腾我们这位本地朋友很开心吗？	
LA_GRAVEYARD.TXT	91	voice	a1s4_Rayne17.wav	$	Rayne: Beats hunting bugs and hopping through water.	莱恩：总比抓虫子、在水里蹦来蹦去有意思。	
LA_GRAVEYARD.TXT	92	voice	a1s4_mynce30.wav	Mynce	Mynce: Need help?  Use your aura vision.  It will guide you to the right area.  Look for the bright aura.  If it's not exact it will at least be very close.	明斯：需要帮忙吗？使用灵光视野，它会指引你前往正确区域。\n寻找明亮的灵光，就算位置不完全准确，也不会差太远。	
LA_GRAVEYARD.TXT	93	voice	a1s4_mynce31.wav	Mynce	Mynce: Look in every building.  Look in every room, upstairs and down.  You need to find those nests.	明斯：每栋建筑都要搜，每个房间都别漏，上下楼都要检查，你必须找到那些巢穴。	
LA_GRAVEYARD.TXT	94	voice	a1s4_mynce32.wav	Mynce	Mynce: You have a map.  Check it to get a general idea of where the nests are.	明斯：你有地图，可以用它大致确认巢穴的位置。	
LA_GRAVEYARD.TXT	95	voice	a1s4_mynce33.wav	Mynce	Mynce: Some places might be very tricky to get into.  Use your brain and all of your abilities to get into each house.	明斯：有些地方可能很难进去。动动脑子，利用你的所有能力进入每栋房子。	
LA_GRAVEYARD.TXT	97	hud	ost_auraobj		If you can't find your objective go to aura vision and go toward the bright aura.  If there is no bright aura you are in the right area already.  Look all over.	找不到任务目标时，切换至灵光视野并朝明亮的灵光前进。\n若没有明亮的灵光，说明你已经身处正确区域，仔细搜索四周。	
LA_GRAVEYARD.TXT	99	voice	a1s4_mynce34.wav	Mynce	Mynce: You've got work to do.  Go!	明斯：还有任务呢，快去！	
LA_GRAVEYARD.TXT	100	voice	a1s4_mynce35.wav	Mynce	Mynce: Ok...you got me.  I'll tell you a secret.  If you press left, left, right, up, down, left, down, up, up, all of our clothes disappear.	明斯：好吧……被你发现了。\n我告诉你一个秘密：\n依次按左、左、右、上、下、左、下、上、上，我们俩的衣服就会全部消失。	
LA_GRAVEYARD.TXT	101	voice	a1s4_mynce36.wav	Mynce	Mynce: Not fast enough.  Try again.	明斯：太慢了，再试一次。	
LA_GRAVEYARD.TXT	102	voice	a1s4_mynce37.wav	Mynce	Mynce: Ha! Ha!  There is no code!  You should see yourself, hopping around like a chicken on a hot plate.  And only to have us naked in a graveyard.	明斯：哈哈！根本没有这种秘籍！\n你真该看看自己刚才的样子，活像只在热铁板上乱蹦的鸡。\n就为了让我们俩在墓地里脱光？	
LA_GRAVEYARD.TXT	103	voice	a1s4_mynce38.wav	Mynce	Mynce: Ha! Ha!  There is no code!  You should see yourself, hopping around like a chicken on a hot plate.  And only to have us naked in a graveyard.	明斯：哈哈！根本没有这种秘籍！\n你真该看看自己刚才的样子，活像只在热铁板上乱蹦的鸡。\n就为了让我们俩在墓地里脱光？	
LA_GRAVEYARD.TXT	104	voice	a1s4_mynce39.wav	Mynce	Mynce: Maybe you chose the wrong profession.	明斯：也许你入错行了。	
LA_GRAVEYARD.TXT	105	voice	a1s4_mynce40.wav	Mynce	Mynce: I can't believe I kept a straight face that whole time!	明斯：真不敢相信，我刚才居然一直忍住没笑！	
LA_GRAVEYARD.TXT	107	hud	ost_naked		Press left, left, right, up, down, left, down, up, up to make BloodRayne and Mynce naked.	依次按左、左、右、上、下、左、下、上、上，可让莱恩和明斯脱光衣服。	
LA_GRAVEYARD.TXT	109	voice	a1s11_mynce1.wav	Mynce	Mynce: Ahuh...ahhhhhhhhh!  Arrgh!	明斯：呃……啊——！呃啊！	
LA_GRAVEYARD.TXT	110	voice	a1s11_rayne1.wav	$	Rayne: Mynce!	莱恩：明斯！	
LA_GRAVEYARD.TXT	111	voice	a1s4_Gravedigger18.wav	Gravedigger	Gravedigger: Merde.	掘墓人：妈的。	
LA_GRAVEYARD.TXT	112	voice	a1s4_Gravedigger19.wav	Gravedigger	Gravedigger: Yaaaaiiiii!	掘墓人：呀——！	
LA_GRAVEYARD.TXT	113	voice	a1s7_BigMan9.wav	BigMan	BigMan: Gasp!	壮汉：呃！	
LA_GRAVEYARD.TXT	114	voice	a1s11_MaleSurvivor8.wav	MaleSurvivor	MaleSurvivor: Run for you life!	男性幸存者：快逃命啊！	
LA_GRAVEYARD.TXT	115	voice	a1s11_Boyfriend8.wav	Boyfriend	Boyfriend: Yiii!	男友：呀！	
LA_GRAVEYARD.TXT	116	voice	a1s11_Kristin8.wav	Kristin	Kristin: Ahhhhhaaah!	克里斯汀：啊啊啊啊！	
LA_GRAVEYARD.TXT	117	voice	a1s11_Deputy15.wav	Deputy	Deputy: Whoa!	副警长：哇！	
LA_GRAVEYARD.TXT	118	voice	a1s11_Teengirl7.wav	Teengirl	Teengirl: Aaaaaaahhhh!	少女：啊啊啊啊！	
LA_GRAVEYARD.TXT	119	voice	a1s7_Kazi12.wav	Kazi	Kazi: Great Loa!	卡兹：伟大的洛阿神啊！	
LA_GRAVEYARD.TXT	120	voice	a1s11_Daddy6.wav	Daddy	Daddy: You'll pay dear for hurtin' ma family!	父亲：敢伤害我的家人，我饶不了你！	
LA_GRAVEYARD.TXT	121	voice	a1s11_Teengirl8.wav	Teengirl	Teengirl: I want my Mama!	少女：我要妈妈！	
LA_GRAVEYARD.TXT	122	voice	a1s11_Kazi13.wav	Kazi	Kazi: Oh Saint Peter, here we come.	卡兹：圣彼得啊，我们这就来了。	
LA_GRAVEYARD.TXT	123	voice	a1s7_BigMan10.wav	BigMan	BigMan: Wahuh!	壮汉：哇啊！	
LA_GRAVEYARD.TXT	124	voice	a1s11_Boyfriend9.wav	Boyfriend	Boyfriend: Dey're everywhere!	男友：到处都是它们！	
LA_GRAVEYARD.TXT	125	voice	a1s11_Kristin9.wav	Kristin	Kristin: Ahhhhhaaah!	克里斯汀：啊啊啊啊！	
LA_GRAVEYARD.TXT	126	voice	a1s6_Deputy1.wav	Deputy	Deputy: Hiya! To hell with ya, ya ugly sons a bitches!	副警长：呀！下地狱吧，你们这群丑八怪！	
LA_GRAVEYARD.TXT	127	voice	a1s7_BigMan11.wav	BigMan	BigMan: Ahhhh!	壮汉：啊啊！	
LA_GRAVEYARD.TXT	128	voice	a1s11_rayne2.wav	$	Rayne: No one left.	莱恩：一个都没剩下。	
LA_GRAVEYARD.TXT	129	voice	a1s11_rayne3.wav	$	Rayne: Mynce...	莱恩：明斯……	
LA_GRAVEYARD.TXT	130	voice	a1s11_rayne4.wav	$	Rayne: Dammit.	莱恩：该死。	
LA_GRAVEYARD.TXT	131	voice	a1s11_rayne5.wav	$	Rayne: Time to put an end to this.  I'll find those bastards and rip their legs off one by one.	莱恩：是时候结束这一切了。我要找到那群杂种，把它们的腿一条一条扯下来。	
LA_GRAVEYARD.TXT	132	voice	a1s11_rayne6.wav	$	Rayne: You hear me you rotten stinking crab legged chicken-shit dirtballs!?  Run!  Because here I come!	莱恩：听见没有，你们这群又臭又烂、长着螃蟹腿的胆小鬼！？快逃吧！我来了！	
LA_GRAVEYARD.TXT	133	voice	a1s11_rayne7.wav	$	Rayne: I will finish this, Mynce.	莱恩：我会了结这一切的，明斯。	
LA_HILL.TXT	0	hud	MissionDescription		The Hill	山丘	
LA_HILL.TXT	2	hud	ost_nestFive		Find and destroy the nest.	找到并摧毁巢穴	
LA_HILL.TXT	3	hud	ost_complete		Proceed to the next area.	前往下一区域	
LA_HILL.TXT	4	hud	ost_survivor		Find any survivors.	寻找幸存者	
LA_HILL.TXT	6	voice	a1s0_Rayne3.wav	$	Rayne: Nine left.	莱恩：还剩九个。	
LA_HILL.TXT	7	voice	a1s0_Rayne4.wav	$	Rayne: Eight more.	莱恩：还有八个。	
LA_HILL.TXT	8	voice	a1s0_Rayne5.wav	$	Rayne: Seven left.	莱恩：还剩七个。	
LA_HILL.TXT	9	voice	a1s0_Rayne6.wav	$	Rayne: Six left.	莱恩：还剩六个。	
LA_HILL.TXT	10	voice	a1s0_Rayne7.wav	$	Rayne: Five more.	莱恩：还有五个。	
LA_HILL.TXT	11	voice	a1s0_Rayne8.wav	$	Rayne: Four remain.	莱恩：还剩四个。	
LA_HILL.TXT	12	voice	a1s0_Rayne9.wav	$	Rayne: Three left.	莱恩：还剩三个。	
LA_HILL.TXT	13	voice	a1s0_Rayne10.wav	$	Rayne: Only two more.	莱恩：只剩两个。	
LA_HILL.TXT	14	voice	a1s0_Rayne11.wav	$	Rayne: One left.	莱恩：最后一个。	
LA_HILL.TXT	16	voice	a1s0_Rayne12a.wav	$	Rayne: Blocked.	莱恩：堵住了。	
LA_HILL.TXT	17	voice	a1s0_Rayne13b.wav	$	Rayne: Won't budge.	莱恩：纹丝不动。	
LA_HILL.TXT	18	voice	a1s0_Rayne14b.wav	$	Rayne: It won't open from this side.	莱恩：这边打不开。	
LA_HILL.TXT	19	voice	a1s0_Rayne15.wav	$	Rayne: Nothing that way.	莱恩：那边没路。	
LA_HILL.TXT	20	voice	a1s0_Rayne16a.wav	$	Rayne: Wrong way.	莱恩：走错了。	
LA_HILL.TXT	21	voice	a1s0_Rayne17c.wav	$	Rayne: Nope, not done here.	莱恩：不行，这里还没处理完。	
LA_HILL.TXT	22	voice	a1s0_Rayne18a.wav	$	Rayne: I'm done there.	莱恩：那边已经搞定了。	
LA_HILL.TXT	24	hud	ost_start		Find and destroy the nest.	找到并摧毁巢穴	
LA_HILL.TXT	25	hud	ost_finish		Objective Complete.	目标完成	
LA_HILL.TXT	26	hud	Intro_VO1		Mortton, Louisiana, 1933. Mission briefing: A mysterious plague has devastated the quiet rural village of Mortton.	1933年，路易斯安那州莫顿。任务简报：一场神秘瘟疫摧毁了宁静的乡村小镇莫顿。	
LA_HILL.TXT	27	hud	Intro_VO2		This disease is 100% lethal, causing the brains of the infected to liquify, and seep through facial orifices in a thick, viscous fluid.  Prior to death, some cases mutate into mindless, disfigured monsters.  There is no known cure...	这种疾病的致死率为100%，会使感染者的大脑液化，\n变成浓稠的黏液，从面部孔窍中渗出，\n有些患者在死亡前还会变成失去理智、面目全非的怪物。\n目前没有已知疗法……	
LA_HILL.TXT	28	hud	Intro_VO3		Even more disturbing are the plague's carriers: large insectoid creatures originating from the bayous surrounding Mortton.	更令人不安的是瘟疫的传播者：来自莫顿周边沼泽的大型昆虫状生物。	
LA_HILL.TXT	29	hud	Intro_VO4		BloodRayne, you must find and destroy the nests of the plague carriers before they can reproduce and spread the infestation to neighboring towns.	莱恩，\n你必须在这些瘟疫传播者繁殖并将灾害扩散至邻近城镇前，找到并摧毁它们的巢穴。	
LA_HILL.TXT	30	hud	Intro_VO5		The nests are usually hidden, though because of their large size, they're hard to miss.  Find them and destroy them.	巢穴通常藏得很隐蔽，不过体积庞大，很难错过。\n找到并摧毁它们。	
LA_OLDTOWN.TXT	0	hud	MissionDescription		Old Town	旧城区	
LA_OLDTOWN.TXT	2	hud	ost_chase		Follow the Maraisreq to find the source.	跟随马雷斯克找到源头	
LA_OLDTOWN.TXT	4	voice	a1s0_Rayne12a.wav	$	Rayne: Blocked.	莱恩：堵住了。	
LA_OLDTOWN.TXT	5	voice	a1s0_Rayne13b.wav	$	Rayne: Won't budge.	莱恩：纹丝不动。	
LA_OLDTOWN.TXT	6	voice	a1s0_Rayne14b.wav	$	Rayne: It won't open from this side.	莱恩：这边打不开。	
LA_OLDTOWN.TXT	7	voice	a1s0_Rayne15.wav	$	Rayne: Nothing that way.	莱恩：那边没路。	
LA_OLDTOWN.TXT	8	voice	a1s0_Rayne16a.wav	$	Rayne: Wrong way.	莱恩：走错了。	
LA_OLDTOWN.TXT	9	voice	a1s0_Rayne17c.wav	$	Rayne: Nope, not done here.	莱恩：不行，这里还没处理完。	
LA_OLDTOWN.TXT	10	voice	a1s0_Rayne18a.wav	$	Rayne: I'm done there.	莱恩：那边已经搞定了。	
LA_OLDTOWN.TXT	12	voice	a1s13_rayne1.wav	$	Rayne: End of the line.	莱恩：没路了。	
LA_OLDTOWN.TXT	13	voice	a1s13_rayne2.wav	$	Rayne: Hmm...what if?	莱恩：嗯……要是这样呢？	
LA_OLDTOWN.TXT	14	voice	a1s13_rayne3.wav	$	Rayne: Mother of God!  What is that!?	莱恩：我的天！那是什么东西！？	
LA_OLDTOWN.TXT	15	voice	a1s13_rayne4.wav	$	Rayne: It's enormous.	莱恩：也太大了。	
LA_OLDTOWN.TXT	16	voice	a1s13_rayne5.wav	$	Rayne: Only one way to find out.	莱恩：试试就知道了。	
LA_OLDTOWN.TXT	18	voice	a1s12_rayne1.wav	$	Rayne: Look who's scampering along.	莱恩：瞧瞧是谁在前面乱窜。	
LA_OLDTOWN.TXT	19	voice	a1s12_rayne2.wav	$	Rayne: Go ahead.  Lead me to your nest.	莱恩：继续跑，带我去你的巢穴。	
LA_OLDTOWN.TXT	20	voice	a1s12_rayne3.wav	$	Rayne: Get out of my way!	莱恩：别挡路！	
LA_OLDTOWN.TXT	21	voice	a1s12_rayne4.wav	$	Rayne: Urgh!  I lost him!	莱恩：呃！跟丢了！	
LA_OLDTOWN.TXT	22	voice	a1s12_rayne5.wav	$	Rayne: It's over.	莱恩：结束了。	
LA_OLDTOWN.TXT	23	voice	a1s12_rayne6.wav	$	Rayne: That was smart, Rayne.  You killed it.  Where to now?	莱恩：干得漂亮，莱恩。你把它杀了，现在往哪走？	
LA_OLDTOWN.TXT	24	voice	a1s12_rayne7.wav	$	Rayne: It's all over.	莱恩：全都结束了。	
LA_POWER.TXT	0	hud	MissionDescription		Colonial Power	殖民之力	
LA_POWER.TXT	2	hud	ost_nestFour		Find and destroy the nest.	找到并摧毁巢穴	
LA_POWER.TXT	3	hud	ost_complete		Proceed to the next area.	前往下一区域	
LA_POWER.TXT	4	hud	ost_survivor		Find any survivors.	寻找幸存者	
LA_POWER.TXT	5	hud	ost_PowerUp		Gained Level 4 Normal Attack.	普通攻击提升至4级	
LA_POWER.TXT	6	hud	ost_blank				
LA_POWER.TXT	8	voice	a1s0_Rayne3.wav	$	Rayne: Nine left.	莱恩：还剩九个。	
LA_POWER.TXT	9	voice	a1s0_Rayne4.wav	$	Rayne: Eight more.	莱恩：还有八个。	
LA_POWER.TXT	10	voice	a1s0_Rayne5.wav	$	Rayne: Seven left.	莱恩：还剩七个。	
LA_POWER.TXT	11	voice	a1s0_Rayne6.wav	$	Rayne: Six left.	莱恩：还剩六个。	
LA_POWER.TXT	12	voice	a1s0_Rayne7.wav	$	Rayne: Five more.	莱恩：还有五个。	
LA_POWER.TXT	13	voice	a1s0_Rayne8.wav	$	Rayne: Four remain.	莱恩：还剩四个。	
LA_POWER.TXT	14	voice	a1s0_Rayne9.wav	$	Rayne: Three left.	莱恩：还剩三个。	
LA_POWER.TXT	15	voice	a1s0_Rayne10.wav	$	Rayne: Only two more.	莱恩：只剩两个。	
LA_POWER.TXT	16	voice	a1s0_Rayne11.wav	$	Rayne: One left.	莱恩：最后一个。	
LA_POWER.TXT	18	voice	a1s0_Rayne12a.wav	$	Rayne: Blocked.	莱恩：堵住了。	
LA_POWER.TXT	19	voice	a1s0_Rayne13b.wav	$	Rayne: Won't budge.	莱恩：纹丝不动。	
LA_POWER.TXT	20	voice	a1s0_Rayne14b.wav	$	Rayne: It won't open from this side.	莱恩：这边打不开。	
LA_POWER.TXT	21	voice	a1s0_Rayne15.wav	$	Rayne: Nothing that way.	莱恩：那边没路。	
LA_POWER.TXT	22	voice	a1s0_Rayne16a.wav	$	Rayne: Wrong way.	莱恩：走错了。	
LA_POWER.TXT	23	voice	a1s0_Rayne17c.wav	$	Rayne: Nope, not done here.	莱恩：不行，这里还没处理完。	
LA_POWER.TXT	24	voice	a1s0_Rayne18a.wav	$	Rayne: I'm done there.	莱恩：那边已经搞定了。	
LA_POWER.TXT	26	hud	ost_start		Find and destroy the nest.	找到并摧毁巢穴	
LA_POWER.TXT	27	hud	ost_finish		Objective Complete.	目标完成	
LA_POWER.TXT	28	voice	a4s0-rayne1.wav	$	Rayne: That's as good as it gets.  Looks like I'll have to get my feet wet.	莱恩：就这样了，看来非得下水不可了。	
LA_POWER.TXT	29	hud	Intro_VO1		Mortton, Louisiana, 1933. Mission briefing: A mysterious plague has devastated the quiet rural village of Mortton.	1933年，路易斯安那州莫顿。任务简报：一场神秘瘟疫摧毁了宁静的乡村小镇莫顿。	
LA_POWER.TXT	30	hud	Intro_VO2		This disease is 100% lethal, causing the brains of the infected to liquify, and seep through facial orifices in a thick, viscous fluid.  Prior to death, some cases mutate into mindless, disfigured monsters.  There is no known cure...	这种疾病的致死率为100%，会使感染者的大脑液化，\n变成浓稠黏液，从面部孔窍中渗出。\n有些患者在死亡前还会变成失去理智、面目全非的怪物。\n目前没有已知疗法……	
LA_POWER.TXT	31	hud	Intro_VO3		Even more disturbing are the plague's carriers: large insectoid creatures originating from the bayous surrounding Mortton.	更令人不安的是瘟疫的传播者：来自莫顿周边沼泽的大型昆虫状生物。	
LA_POWER.TXT	32	hud	Intro_VO4		BloodRayne, you must find and destroy the nests of the plague carriers before they can reproduce and spread the infestation to neighboring towns.	莱恩，\n你必须在这些瘟疫传播者繁殖并将灾害扩散至邻近城镇前，找到并摧毁它们的巢穴。	
LA_POWER.TXT	33	hud	Intro_VO5		The nests are usually hidden, though because of their large size, they're hard to miss.  Find them and destroy them.	巢穴通常藏得很隐蔽，不过体积庞大，很难错过。\n找到并摧毁它们。	
LA_POWER.TXT	35	voice	a1s9_rayne1.wav	$	Rayne: As good as it gets.  Is there no dry land anymore?	莱恩：只能这样了，这里就没有一块干地吗？	
LA_POWER.TXT	36	voice	a1s10_rayne1.wav	$	Rayne: That's the last of 'em.  Time to head back to the graveyard and meet up with Mynce.	莱恩：这是最后一个，该回墓地跟明斯会合了。	
LA_SWAMP.TXT	0	hud	MissionDescription		Queen of the Underworld	冥界女王	
LA_SWAMP.TXT	2	hud	ost_queen		Kill the Queen.	杀死女王	
LA_SWAMP.TXT	3	hud	ost_aura		Investigate the aura.	调查灵光	
LA_SWAMP.TXT	4	hud	bloodrage		You have gained the ability to perform a Level 3 Bloodrage attack!	你已获得施展3级血怒攻击的能力！	
LA_SWAMP.TXT	5	hud	ost_blank				
LA_SWAMP.TXT	7	voice	a1s0_Rayne12a.wav	$	Rayne: Blocked.	莱恩：堵住了。	
LA_SWAMP.TXT	8	voice	a1s0_Rayne13b.wav	$	Rayne: Won't budge.	莱恩：纹丝不动。	
LA_SWAMP.TXT	9	voice	a1s0_Rayne14b.wav	$	Rayne: It won't open from this side.	莱恩：这边打不开。	
LA_SWAMP.TXT	10	voice	a1s0_Rayne15.wav	$	Rayne: Nothing that way.	莱恩：那边没路。	
LA_SWAMP.TXT	11	voice	a1s0_Rayne16a.wav	$	Rayne: Wrong way.	莱恩：走错了。	
LA_SWAMP.TXT	12	voice	a1s0_Rayne17c.wav	$	Rayne: Nope, not done here.	莱恩：不行，这里还没处理完。	
LA_SWAMP.TXT	13	voice	a1s0_Rayne18a.wav	$	Rayne: I'm done there.	莱恩：那边已经搞定了。	
LA_SWAMP.TXT	15	voice	a1s14_rayne1.wav	$	Rayne: The aura's gone. But what's that?	莱恩：灵光消失了。可那是什么？	
LA_SWAMP.TXT	16	voice	a1s14_rayne2.wav	$	Rayne: A Voodoo ritual.	莱恩：巫毒仪式。	
LA_SWAMP.TXT	17	voice	a1s14_rayne4.wav	$	"Rayne: ...to awaken the ""mother of the underworld""?"	莱恩：……为了唤醒“冥界之母”？	
LA_SWAMP.TXT	18	voice	a1s14_rayne5.wav	$	Rayne: Either she's a smoker or someone was just here.	莱恩：要么她烟瘾很大，要么直到刚才这里还有人。	
LA_SWAMP.TXT	19	voice	a1s14_rayne7.wav	$	Rayne: Hello?	莱恩：有人吗？	
LA_SWAMP.TXT	20	voice	a1s14_rayne8.wav	$	Rayne: Aaaaaaaaaa!	莱恩：啊啊啊啊！	
LA_SWAMP.TXT	21	voice	a1s14_Rayne9.wav	$	Rayne: Big momma.	莱恩：好大一只母怪物。	
LA_SWAMP.TXT	22	voice	a1s14_rayne10.wav	$	Rayne: Back to sleep for you.	莱恩：滚回去睡觉吧。	
LA_SWAMP.TXT	23	voice	a1s14_Queen1.wav	Queen	Queen: Splooch.	女王：噗叽。	
LA_SWAMP.TXT	24	voice	a1s14_rayne11.wav	$	Rayne: Awww...did you eat something that isn't agreeing with your tummy?	莱恩：哎呀……是不是吃坏肚子了？	
LA_SWAMP.TXT	25	voice	a1s14_rayne12.wav	$	Rayne: Glowing ribs?	莱恩：发光的肋骨？	
LA_SWAMP.TXT	26	voice	a1s14_rayne13.wav	$			
LA_SWAMP.TXT	27	voice	a1s14_rayne14.wav	$	Rayne: Hghn...neeeaarrr!	莱恩：呃……啊啊！	
LA_SWAMP.TXT	28	voice	a1s14_rayne15.wav	$	Rayne: Neeeaaaaaaaaaggh!	莱恩：呃啊啊啊啊啊！	
LA_SWAMP.TXT	29	voice	a1s14_rayne16.wav	$	Rayne: It burns!  Oh god it burns!	莱恩：好烫！天啊，好烫！	
LA_SWAMP.TXT	30	voice	a1s14_wulf1.wav	Wulf	Wulf: I believe you have what I'm looking for.	沃尔夫：我想，你身上正好有我要找的东西。	
LA_SWAMP.TXT	31	voice	a1s14_wulf3.wav	Wulf	Wulf: You might say I'm a collector of these things.	沃尔夫：你可以认为我是这种东西的收藏家。	
LA_SWAMP.TXT	32	voice	a1s14_rayne17.wav	$	Rayne: Oh god...god...	莱恩：天啊……天……	
LA_SWAMP.TXT	33	voice	a1s14_wulf4.wav	Wulf	Wulf: Nothing personal, although I will enjoy this greatly.	沃尔夫：我无意针对你，不过我会非常享受这个过程。	
LA_SWAMP.TXT	35	voice	a1s13_rayne4.wav	$	Rayne: It's enormous.	莱恩：也太大了。	
LA_SWAMP.TXT	36	voice	a3s8_rayne16.wav	$	Rayne: What the fuck?	莱恩：什么鬼？	
LA_SWAMP.TXT	37	voice	a6s1_rayne154.wav	$	Rayne: No...can't control...neeeaargh!	莱恩：不……控制不住……啊啊啊啊！	
LA_TRAINING.TXT	0	hud	MissionDescription		Initiation	入会试炼	
LA_TRAINING.TXT	2	hud	ost_mynce		Follow Mynce.	跟随明斯	
LA_TRAINING.TXT	3	hud	ost_mortton		1933 - Mortton, Louisiana	1933年 - 路易斯安那州莫顿	
LA_TRAINING.TXT	4	hud	ost_blank				
LA_TRAINING.TXT	6	voice	a1s0_Rayne12a.wav	$	Rayne: Blocked.	莱恩：堵住了。	
LA_TRAINING.TXT	7	voice	a1s0_Rayne13b.wav	$	Rayne: Won't budge.	莱恩：纹丝不动。	
LA_TRAINING.TXT	8	voice	a1s0_Rayne14b.wav	$	Rayne: It won't open from this side.	莱恩：这边打不开。	
LA_TRAINING.TXT	9	voice	a1s0_Rayne15.wav	$	Rayne: Nothing that way.	莱恩：那边没路。	
LA_TRAINING.TXT	10	voice	a1s0_Rayne16a.wav	$	Rayne: Wrong way.	莱恩：走错了。	
LA_TRAINING.TXT	11	voice	a1s0_Rayne17c.wav	$	Rayne: Nope, not done here.	莱恩：不行，这里还没处理完。	
LA_TRAINING.TXT	12	voice	a1s0_Rayne18a.wav	$	Rayne: I'm done there.	莱恩：那边已经搞定了。	
LA_TRAINING.TXT	14	voice	a1s2_mynce1.wav	Mynce	Mynce: What are you doing Rayne!?	明斯：你在干什么，莱恩！？	
LA_TRAINING.TXT	15	voice	a1s2_mynce2.wav	Mynce	Mynce: Knock it off!	明斯：住手！	
LA_TRAINING.TXT	16	voice	a1s2_mynce3.wav	Mynce	Mynce: I wouldn't do that!	明斯：我劝你别这么做！	
LA_TRAINING.TXT	17	voice	a1s2_mynce4.wav	Mynce	Mynce: Bitch!	明斯：混蛋！	
LA_TRAINING.TXT	18	voice	a1s2_mynce5.wav	Mynce	Mynce: Quit!	明斯：停下！	
LA_TRAINING.TXT	20	voice	a1s2_mynce6.wav	Mynce	Mynce: Let's go then!	明斯：那就出发吧！	
LA_TRAINING.TXT	22	hud	ost_jump		Jump = press and hold @@jumpbuttonname@@	跳跃＝按住@@jumpbuttonname@@	
LA_TRAINING.TXT	24	hud	ost_right		"BloodRayne automatically ""tightropes"" when close enough to an appropriate object."	莱恩靠近合适的物体时，会自动在上面保持平衡行走。	
LA_TRAINING.TXT	25	hud	ost_balance		Press Left or Right on D-pad if BloodRayne begins to lose balance.  To turn around perform a quick-turn.	若莱恩开始失去平衡时，请按方向键左或右调整；需要转身时，请使用快速转身	
LA_TRAINING.TXT	26	hud	ost_avoid		To avoid obstacles, you may need to jump over them.  Press @@jumpbuttonname@@ to jump.	遇到障碍时可能需要跳过去，按@@jumpbuttonname@@跳跃	
LA_TRAINING.TXT	28	voice	a1s2_mynce16.wav	Mynce	Mynce: Let's check inside.	明斯：进去看看。	
LA_TRAINING.TXT	29	voice	a1s2_mynce17.wav	Mynce	Mynce: Locked.  And the windows are blocked.	明斯：锁住了，窗户也被封死了。	
LA_TRAINING.TXT	30	voice	a1s2_mynce18.wav	Mynce	Mynce: Let's hope they didn't barricade the door from the inside.	明斯：希望他们没有从里面把门堵上。	
LA_TRAINING.TXT	31	hud	ost_rebound		Rebound kick = Jump @@jumpbuttonname@@, then release and press again near any character or breakable environment piece.	反弹踢＝按@@jumpbuttonname@@跳跃，松开后在角色或可破坏场景物体附近再次按下	
LA_TRAINING.TXT	32	hud	ost_low		Often a double jump works the best for low objects.	面对较低的物体时，二段跳通常效果最好。	
LA_TRAINING.TXT	34	voice	a1s2_mynce19.wav	Mynce	Mynce: It's blocked from the other side.  But there seems to be a weak spot in the wall.	明斯：另一边堵住了，不过墙上似乎有个薄弱点。	
LA_TRAINING.TXT	35	voice	a1s2_mynce20.wav	Mynce	Mynce: Kindly make us a new door, Miss Rayne.  I'd like to investigate.	明斯：劳驾给我们开扇新门吧，莱恩小姐。我想进去调查。	
LA_TRAINING.TXT	36	hud	ost_door		Rebound kick can be used to break down weak spots in walls.	反弹踢可破坏墙壁的薄弱处	
LA_TRAINING.TXT	37	voice	a1s2_mynce22.wav	Mynce	Mynce: Tear it apart Rayne!	明斯：拆了它，莱恩！	
LA_TRAINING.TXT	38	hud	ost_blade		Blade/kick attack = @@action1buttonname@@	刀刃／踢击＝@@action1buttonname@@	
LA_TRAINING.TXT	39	voice	a1s3_mynce52.wav	Mynce	Mynce: Good girl.	明斯：好姑娘。	
LA_TRAINING.TXT	41	voice	a1s2_mynce26.wav	Mynce_StandIn	Mynce: Watch this!	明斯：看好了！	
LA_TRAINING.TXT	42	hud	ost_combo		Perform combos by hitting Blade/Kick @@action1buttonname@@ at the end of each attack.	每次攻击结束时按刀刃／踢击键@@action1buttonname@@，可发动连续技	
LA_TRAINING.TXT	43	hud	ost_swipe		Press @@action1buttonname@@ for level 1 - Quick swipe.	按@@action1buttonname@@发动1级攻击——快速挥砍	
LA_TRAINING.TXT	44	hud	ost_spin		Press now to trigger level 2 - Spin Kick.	现在按下可发动2级攻击 - 回旋踢	
LA_TRAINING.TXT	45	voice	a1s2_Rayne5.wav	$	Rayne: Showoff.  Bloodlust satisfied?	莱恩：真爱显摆，杀戮欲望满足了？	
LA_TRAINING.TXT	46	hud	ost_meter		Attacking enemies fills your Bloodlust meter.  More spectacular attacks fill the meter faster.	攻击敌人可填充杀戮欲望槽。攻击越华丽，填充速度越快	
LA_TRAINING.TXT	47	voice	a1s2_mynce27.wav	Mynce_StandIn	Mynce: Not bad...	明斯：还不错……	
LA_TRAINING.TXT	48	voice	a1s2_mynce28.wav	Mynce_StandIn	Mynce: ...but more to come.  And there's a volunteer.	明斯：……不过后面还有。正好来了个自愿陪练的。	
LA_TRAINING.TXT	49	hud	ost_bomb		"Fill your Bloodlust meter to earn a Blood Rage ""bomb""."	填满杀戮欲望槽，可获得一次血怒“爆发”	
LA_TRAINING.TXT	50	hud	ost_rage		Enter Blood Rage @@bloodragebuttonname@@ to gain a speed advantage, increase dismemberment, and perform new attacks.	按@@bloodragebuttonname@@进入血怒状态，可提高速度、增强肢解效果并施展新的攻击	
LA_TRAINING.TXT	51	hud	ost_brspin		Hit @@action1buttonname@@ for level 1 B.R. - Spinning blade.	按@@action1buttonname@@发动1级血怒攻击 - 旋转刀刃	
LA_TRAINING.TXT	52	hud	ost_scissor		Press @@action1buttonname@@ now to trigger level 2 Blood Rage - Scissor Kick.	现在按@@action1buttonname@@发动2级血怒攻击 - 剪刀腿	
LA_TRAINING.TXT	53	hud	ost_slave		Press @@visionNormalButtonName@@ to enter normal view and exit Blood Rage early.  This conserves Bloodlust.	按@@visionNormalButtonName@@切换至普通视野并提前退出血怒状态，可节省杀戮欲望能量	
LA_TRAINING.TXT	54	voice	a1s2_mynce29.wav	Mynce	Mynce: Next one's for you.	明斯：下一个交给你。	
LA_TRAINING.TXT	56	voice	a1s2_mynce30.wav	Mynce	Mynce: Shhh.  There's one.  Use your Aura Sense to see it in the dark.	明斯：嘘，那里有一个，用灵光感知在黑暗中看见他。	
LA_TRAINING.TXT	57	hud	ost_aura		Press @@visionAuraButtonName@@ to enter aura vision.  Aura vision works well as night vision.  But it also shows enemies' health and awareness.	按@@visionAuraButtonName@@进入灵光视野。灵光视野可充当夜视功能，也能显示敌人的生命值和警觉程度	
LA_TRAINING.TXT	58	hud	ost_green		Normally an enemies' health goes from green to yellow to orange to red.  Green is 100% healthy and aware of BloodRayne.	通常敌人的生命状态会依次显示为绿色、黄色、橙色和红色。\n绿色表示生命值为100%，并且已经察觉莱恩	
LA_TRAINING.TXT	59	voice	a1s2_mynce31.wav	Mynce	Mynce: Easy prey if you want it.	明斯：想动手的话，这个很好对付。	
LA_TRAINING.TXT	60	voice	a1s2_mynce32.wav	Mynce	Mynce: He's a big meal.  Look how bright his aura is.  He has no idea we're here.	明斯：这可是顿大餐。看他的灵光多亮，他完全不知道我们在这里。	
LA_TRAINING.TXT	62	voice	a1s2_Rayne6.wav	$	Rayne: He's not panicking or hurt...yet.	莱恩：他现在还没害怕，也没受伤。	
LA_TRAINING.TXT	63	hud	ost_red		There are three special instances when an enemy has a red aura. 1: he is caught off guard.  2: he is scared.  3: he is low in health.	敌人的灵光会在三种特殊情况下变红：1.毫无防备；2.受到惊吓；3.生命值较低	
LA_TRAINING.TXT	64	hud	ost_guage		If the aura is red you can gauge the health by the brightness of the glow.  The brighter it is, the healthier the enemy.	灵光变红时，可根据亮度判断敌人的生命值；光芒越亮，敌人越健康	
LA_TRAINING.TXT	65	voice	a1s2_mynce33.wav	Mynce	Mynce: This one's yours.  Take him down, or grab a bite to eat.	明斯：这个归你。干掉他，或者吃上一口。	
LA_TRAINING.TXT	66	hud	ost_bite		Bite = get close to a victim and tap @@harpoonbitebuttonname@@ quickly.	吸血＝靠近目标并快速轻按@@harpoonbitebuttonname@@	
LA_TRAINING.TXT	67	hud	ost_steer		"Steer standing victims to use as a ""human shield"" = @@turnAxis@@"	操纵站立的敌人，将其作为“人体盾牌”＝@@turnAxis@@	
LA_TRAINING.TXT	69	voice	a1s2_Rayne10.wav	$	Rayne: Where to now?	莱恩：接下来去哪儿？	
LA_TRAINING.TXT	70	voice	a1s2_mynce42.wav	Mynce	Mynce: You tell me.  Use your aura sense.	明斯：你来告诉我。用灵光感知。	
LA_TRAINING.TXT	71	hud	ost_go		If you don't know where to go, use your aura vision (@@visionAuraButtonName@@) and look for a bright glow.	不知道该往哪里走时，请使用灵光视野（@@visionAuraButtonName@@）并寻找明亮的光芒	
LA_TRAINING.TXT	72	hud	ost_objective		This glow is your immediate objective. This glow will even shine through walls.	该光芒表示当前任务目标，即使隔着墙壁也能看见	
LA_TRAINING.TXT	74	voice	a1s2_mynce41.wav	Mynce	Mynce: Guess we're done here.  Let's go to the church.	明斯：看来这里已经处理完了，去教堂吧。	
LA_TRAINING.TXT	75	voice	a5s1_Rayne34.wav	$	Let's use the boat.	我们坐船过去。	
LA_TRAINING.TXT	77	hud	ost_weapons		Weapons with ammo will flash.  These are automatically picked up by walking over them until inventory is full - two large guns, four small guns, two grenades, and one special gun.	有弹药的武器会闪光。\n走到武器上即可自动拾取，直至携带栏装满：\n两把大型枪械、四把小型枪械、两枚手榴弹和一把特殊枪械	
LA_TRAINING.TXT	78	hud	ost_cycle		Hit weapon button @@weaponmodeforwardbuttonname@@ and @@weaponmodereversebuttonname@@ to cycle through available weapons and view ammo counts.	按武器切换键@@weaponmodeforwardbuttonname@@和@@weaponmodereversebuttonname@@可循环切换武器并查看弹药数量	
LA_TRAINING.TXT	80	voice	a5s5_Rayne115.wav	$	Rayne: The piles of melted people obviously won't need them anymore.	莱恩：那些融成一摊的人显然也用不着了。	
LA_TRAINING.TXT	82	voice	a1s3_Rayne15.wav	$	Rayne: Guns are fine, but nothing beats blades in close combat.	莱恩：枪还不错，但近身战还是刀刃最好用。	
LA_TRAINING.TXT	83	voice	a1s3_mynce49.wav	Mynce	Mynce: Agreed.  But if you use a gun, be smart about it.	明斯：同意。不过既然用枪，就得用得聪明点。	
LA_TRAINING.TXT	85	hud	ost_blades		Blades are always better in close range than guns.	近距离作战时，刀刃永远比枪械更有效	
LA_TRAINING.TXT	87	voice	a5s5_Rayne141.wav	$	Rayne: I have a feeling you're going to give me some more training.	莱恩：我有种预感，你还要继续训练我。	
LA_TRAINING.TXT	88	voice	a5s5_Rayne142.wav	$	Rayne: Even though I said I didn't need it.	莱恩：虽然我已经说过，我根本不需要。	
LA_TRAINING.TXT	90	voice	a1s3_mynce50.wav	Mynce	Mynce: A loaded gun is a nice present, but I wouldn't waste my time fumbling with ammo clips during combat.  Toss the thing when it's empty.	明斯：装满子弹的枪是件不错的礼物。\n但战斗时我可不会浪费时间笨手笨脚地换弹匣，打空了就扔掉它。	
LA_TRAINING.TXT	91	voice	a1s3_Rayne16.wav	$	Rayne: I know.  I'm not a pack mule.	莱恩：我知道，我又不是驮东西的骡子。	
LA_TRAINING.TXT	93	hud	ost_discard		BloodRayne automatically discards empty guns and likewise will not pick up any.  Empty guns do not flash.	莱恩会自动丢弃空枪，也不会拾取没有弹药的枪械，空枪不会闪光。	
LA_TRAINING.TXT	95	voice	a1s3_Rayne18.wav	$	Rayne: I'm no gun collector either.  If I find something better, I'm trading.	莱恩：我也不收藏枪，找到更好的就会换掉。	
LA_TRAINING.TXT	97	hud	ost_inv		Rayne automatically keeps inventory optimal according to fire power versus ammo count; hit 'start' and go to options to adjust pickup settings.	莱恩会根据火力与弹药数量自动优化携带武器；按“开始”进入选项，可调整拾取设置	
LA_TRAINING.TXT	99	voice	a5s5_Rayne143.wav	$	Rayne: So... what's your favorite?	莱恩：所以……你最喜欢哪种？	
LA_TRAINING.TXT	100	voice	a1s3_mynce53.wav	Mynce	Mynce: Double barrel shotgun.	明斯：双管霰弹枪。	
LA_TRAINING.TXT	101	voice	a1s3_Rayne20.wav	$	Rayne: Good bye stealth, welcome brute strength.	莱恩：告别潜行，迎接蛮力。	
LA_TRAINING.TXT	103	hud	ost_special		"Some weapons are ""Special"" because they have unique properties like short range, wide damage cone, 100% accuracy, etc.  The last slot in BloodRayne's inventory is reserved for these."	部分武器因具备短射程、大范围伤害、100%命中率等独特性能而被归为“特殊”武器，\n莱恩携带栏的最后一个位置专门用于此类武器	
LA_TRAINING.TXT	105	voice	a1s3_mynce54.wav	Mynce	Mynce: What can I say.  I'm a proponent of the big-bang theory.	明斯：怎么说呢，我可是“大爆炸理论”的拥护者。	
LA_TRAINING.TXT	107	hud	ost_one		"BloodRayne can only carry one ""Special"" gun at a time, but can switch to another when she finds one."	莱恩一次只能携带一把“特殊”枪械，但找到另一把时可以进行替换	
LA_TRAINING.TXT	109	voice	a5s5_Rayne144.wav	$	Rayne: Shotgun philosophy of the half-vampire.	莱恩：半吸血鬼的霰弹枪哲学。	
MSGLIST.TXT	6	ui			There's a problem with the disc you're using.\nIt may be dirty or damaged.	你使用的光盘有问题。\n光盘可能脏污或损坏。	
MSGLIST.TXT	7	ui			Resolution\t%dx%d	分辨率\t%dx%d	
MSGLIST.TXT	8	ui			Color Depth\t%d	色深\t%d	
MSGLIST.TXT	9	ui			Renderer\t%s	渲染器\t%s	
MSGLIST.TXT	10	ui			3D Card\t(Software)	3D 显卡\t（软件）	
MSGLIST.TXT	11	ui			3D Card\t%s	3D 显卡\t%s	
MSGLIST.TXT	12	ui			3D Card\tDirectX 8.1 Not Detected	3D 显卡\t未检测到 DirectX 8.1	
MSGLIST.TXT	13	ui			Restore defaults	恢复默认设置	
MSGLIST.TXT	14	ui			Play	开始游戏	
MSGLIST.TXT	15	ui			BloodRayne(TM) Setup Options	吸血莱恩™设置选项	
MSGLIST.TXT	16	ui			BloodRayne requires 3D hardward acceleration.	《吸血莱恩》需要 3D 硬件加速	
MSGLIST.TXT	17	ui			This CPU does not have an MMX unit.	此 CPU 不支持 MMX 指令集	
MSGLIST.TXT	18	ui			Windows is reporting 	Windows 报告系统拥有 	
MSGLIST.TXT	19	ui			MB of system RAM.	MB 内存	
MSGLIST.TXT	20	ui			Nocturne requires at least 64MB of system RAM.	《夜曲》至少需要 64MB 系统内存	
MSGLIST.TXT	21	ui			If you think you have at least 64MB of system RAM	如果你认为系统至少有 64MB 内存，	
MSGLIST.TXT	22	ui			then ignore this message.	请忽略此消息。	
MSGLIST.TXT	23	ui			See README.TXT for more information.	详情请参阅 README.TXT	
MSGLIST.TXT	24	ui			MB of free swap disk space.	MB 可用交换磁盘空间。	
MSGLIST.TXT	25	ui			Nocturne runs best with at least 200MB free.	《夜曲》在至少有 200MB 可用空间时运行效果最佳。	
MSGLIST.TXT	26	ui			The door is locked.	门锁着	
MSGLIST.TXT	27	ui			Slew mode enabled	已启用自由移动模式	
MSGLIST.TXT	28	ui			Slew mode disabled	已禁用自由移动模式	
MSGLIST.TXT	29	ui			God mode enabled	已启用无敌模式	
MSGLIST.TXT	30	ui			God mode disabled	已禁用无敌模式	
MSGLIST.TXT	31	ui			Time factor = %.2f	时间倍率 = %.2f	
MSGLIST.TXT	32	ui			Gratuitous dismemberment enabled	已启用断肢效果	
MSGLIST.TXT	33	ui			Gratuitous dismemberment disabled	已禁用断肢效果	
MSGLIST.TXT	34	ui			Enter cheat code	输入作弊码	
MSGLIST.TXT	35	ui			Buy Nocturne today!	立即购买《夜曲》！	
MSGLIST.TXT	36	ui			Juggy Dance Squad!!!	Juggy 舞蹈队！！！	
MSGLIST.TXT	37	ui			Have a nice day	祝你愉快	
MSGLIST.TXT	38	ui			Enemies frozen	敌人已冻结	
MSGLIST.TXT	39	ui			Enemies thawed	敌人已解冻	
MSGLIST.TXT	40	ui			Health restored.	生命值已恢复	
MSGLIST.TXT	41	ui			Blade Attack	刀刃攻击	
MSGLIST.TXT	42	ui			Weapon Attack	武器攻击	
MSGLIST.TXT	43	ui			Center view	视角回正	
MSGLIST.TXT	44	ui			Jump	跳跃	
MSGLIST.TXT	45	ui			Harpoon/Bite	鱼叉／咬击	
MSGLIST.TXT	46	ui			Quick Turn	快速转身	
MSGLIST.TXT	47	ui			Blood Rage	血怒	
MSGLIST.TXT	48	ui			Normal Vision	普通视觉	
MSGLIST.TXT	49	ui			Aura Vision	灵气视觉	
MSGLIST.TXT	50	ui			Extruded Vision	穿透视觉	
MSGLIST.TXT	51	ui			Dilated Vision	延时视觉	
MSGLIST.TXT	52	ui			Weapon Mode Forward	向前切换武器模式	
MSGLIST.TXT	53	ui			Weapon Mode Reverse	向后切换武器模式	
MSGLIST.TXT	54	ui			Screen Shot	截图	
MSGLIST.TXT	55	ui			Debug	调试	
MSGLIST.TXT	56	ui			Move Forward	向前移动	
MSGLIST.TXT	57	ui			Move Backward	向后移动	
MSGLIST.TXT	58	ui			Strafe Left	向左平移	
MSGLIST.TXT	59	ui			Strafe Right	向右平移	
MSGLIST.TXT	60	ui			Look Up	向上看	
MSGLIST.TXT	61	ui			Look Down	向下看	
MSGLIST.TXT	62	ui			Turn Left	向左转	
MSGLIST.TXT	63	ui			Turn Right	向右转	
MSGLIST.TXT	64	ui			D-Pad Left	十字键左	
MSGLIST.TXT	65	ui			D-Pad Right	十字键右	
MSGLIST.TXT	66	ui			D-Pad Up	十字键上	
MSGLIST.TXT	67	ui			D-Pad Down	十字键下	
MSGLIST.TXT	68	ui			Button %d	按钮 %d	
MSGLIST.TXT	69	ui			High Engineer	高级工程师	
MSGLIST.TXT	70	ui			2nd Lieutenant	陆军少尉	
MSGLIST.TXT	71	ui			Garrison Captain	驻军上尉	
MSGLIST.TXT	72	ui			Naval Captain Kreigsmarine	德国海军上校	
MSGLIST.TXT	73	ui			Major	陆军少校	
MSGLIST.TXT	74	ui			Naval Lt. Colonel	海军中校	
MSGLIST.TXT	75	ui			Colonel	陆军上校	
MSGLIST.TXT	76	ui			Brigadier General	陆军准将	
MSGLIST.TXT	77	ui			Major General of Intelligence	情报部少将	
MSGLIST.TXT	78	ui			(Name unknown)	（姓名不详）	
MSGLIST.TXT	79	ui			Infantry Colonel, a.k.a. 'Kommando'	步兵上校，又名“突击队员”	
MSGLIST.TXT	80	ui			Infantry Brigadier General	步兵准将	
MSGLIST.TXT	81	ui			Death Head Leader, aka. 'The Butcheress'	骷髅团首领，又名“女屠夫”	
MSGLIST.TXT	82	ui			High Priest	大祭司	
MSGLIST.TXT	83	ui			Supreme Commander	最高统帅	
MSGLIST.TXT	84	ui			General Officer	将官	
MSGLIST.TXT	85	ui			2nd Lieutenant of Infantry	步兵少尉	
MSGLIST.TXT	86	ui			Airforce 1st Lieutenant	空军中尉	
MSGLIST.TXT	87	ui			1st Lieutenant	陆军中尉	
MSGLIST.TXT	88	ui			Captain	陆军上尉	
MSGLIST.TXT	89	ui			Lietenant-Col., Karstjager Gruppe	山地猎兵大队中校	
MSGLIST.TXT	90	ui			Lieutenant Colonel	陆军中校	
MSGLIST.TXT	91	ui			Major General	陆军少将	
MSGLIST.TXT	92	ui			Super Tank Lieutenant Gen.	超级坦克中将	
MSGLIST.TXT	93	ui			Senior Armed Forces Commanders	武装部队高级指挥官	
MSGLIST.TXT	94	ui			High Commander	最高指挥官	
MSGLIST.TXT	95	ui			Greaser SMG	油枪冲锋枪	
MSGLIST.TXT	96	ui			Mauz 9mm Pistol	毛兹 9 毫米手枪	
MSGLIST.TXT	97	ui			Leug P08 Pistol	洛伊格 P08 手枪	
MSGLIST.TXT	98	ui			SMP34 SMG	SMP34 冲锋枪	
MSGLIST.TXT	99	ui			ZZG33 SMG	ZZG33 冲锋枪	
MSGLIST.TXT	100	ui			G33 Rifle	G33 步枪	
MSGLIST.TXT	101	ui			Kaxik Mg08 MG	卡西克 MG08 机枪	
MSGLIST.TXT	102	ui			PumpShotgun	泵动式霰弹枪	
MSGLIST.TXT	103	ui			Doublebarreled Shotgun	双管霰弹枪	
MSGLIST.TXT	104	ui			FlameThrower	火焰喷射器	
MSGLIST.TXT	105	ui			Panzershreck	坦克杀手火箭筒	
MSGLIST.TXT	106	ui			MG32 MG	MG32 机枪	
MSGLIST.TXT	107	ui			Kennings Rifle	肯宁斯步枪	
MSGLIST.TXT	108	ui			Cole 44 Revolver	科尔 .44 左轮手枪	
MSGLIST.TXT	109	ui			Grenade	手榴弹	
MSGLIST.TXT	110	ui			W&S M1917 Revolver	W&S M1917 左轮手枪	
MSGLIST.TXT	111	ui			Blitzgewehr 32 SMG	闪电步枪 32 冲锋枪	
MSGLIST.TXT	112	ui			Winkesler Rifle	温克斯勒步枪	
MSGLIST.TXT	113	ui			W&S Double action revolver	W&S 双动式左轮手枪	
MSGLIST.TXT	114	ui			Deerhunter rifle	猎鹿步枪	
MSGLIST.TXT	115	ui			Dynamite	炸药	
MSGLIST.TXT	116	ui			Walthurm PP Pistol	瓦尔图姆 PP 手枪	
MSGLIST.TXT	117	ui			Springbrook Rifle	斯普林布鲁克步枪	
MSGLIST.TXT	118	ui			Breaning A5 Shotgun	布里宁 A5 霰弹枪	
MSGLIST.TXT	119	ui			Ethica 33 Shotgun	埃西卡 33 霰弹枪	
MSGLIST.TXT	120	ui			Leug P08 Artil Pistol	洛伊格 P08 炮兵型手枪	
MSGLIST.TXT	121	ui			Greaser Artil SMG	油枪炮兵型冲锋枪	
MSGLIST.TXT	122	ui			SMP34 Artil SMG	SMP34 炮兵型冲锋枪	
MSGLIST.TXT	123	ui			Bergstein MP28 SMG	伯格斯坦 MP28 冲锋枪	
MSGLIST.TXT	124	ui			MG06 MG	MG06 机枪	
MSGLIST.TXT	125	ui			Granatewurf	榴弹发射器	
MSGLIST.TXT	126	ui			Panzerfaust	铁拳反坦克火箭筒	
MSGLIST.TXT	127	ui			Head	头部	
MSGLIST.TXT	128	ui			M1918 GAR	M1918 GAR	
MSGLIST.TXT	129	ui			Gun	枪械	
MSGLIST.TXT	130	ui			Please install BloodRayne to your hard drive	请将《吸血莱恩》安装到硬盘	
MSGLIST.TXT	131	ui			Loading...	正在载入……	
MSGLIST.TXT	132	ui			You need to feed.	你需要吸血	
MSGLIST.TXT	133	ui			Press @@bloodragebuttonname@@ to activate Blood Rage.	按下 @@bloodragebuttonname@@ 激活血怒	
MSGLIST.TXT	134	ui			(none)	（无）	
MSGLIST.TXT	135	ui			Mouse X-Axis	鼠标 X 轴	
MSGLIST.TXT	136	ui			Mouse Y-Axis	鼠标 Y 轴	
MSGLIST.TXT	137	ui			Mouse B1	鼠标按键 1	
MSGLIST.TXT	138	ui			Mouse B2	鼠标按键 2	
MSGLIST.TXT	139	ui			Mouse B3	鼠标按键 3	
MSGLIST.TXT	140	ui			Axis %d	轴 %d	
MSGLIST.TXT	141	ui			Traditional 3rd Person	传统第三人称	
MSGLIST.TXT	142	ui			3rd person with strafe	可平移的第三人称	
MSGLIST.TXT	143	ui			1st person	第一人称	
MSGLIST.TXT	144	ui			Traditional 3rd person LH	传统第三人称（左手）	
MSGLIST.TXT	145	ui			3rd person with strafe LH	可平移的第三人称（左手）	
MSGLIST.TXT	146	ui			1st person LH	第一人称（左手）	
MSGLIST.TXT	147	ui			Can't read the gamepad.  Make sure a gamepad is plugged in and try again.	无法读取游戏手柄，请确认手柄已连接，然后重试。	
MSGLIST.TXT	148	ui			Your gamepad hasn't been properly calibrated.  Please calibrate your gamepad.	游戏手柄未正确校准，请校准游戏手柄。	
MSGLIST.TXT	149	ui			Unable to load saved game.	无法载入存档	
MSGLIST.TXT	150	ui			%s\nLoad failed.	%s\n载入失败	
MSGLIST.TXT	151	ui			%s\nSave failed.	%s\n保存失败	
MSGLIST.TXT	152	ui			There's a problem with the disc you're using.  It is damaged or dirty.	你使用的光盘有问题，光盘已损坏或脏污。	
MSGLIST.TXT	153	ui			Please wait while BloodRayne game data is copied to your Xbox hard disk.  This is only necessary the first time you play BloodRayne.	正在将《吸血莱恩》游戏数据复制到 Xbox 硬盘，请稍候。\n仅在首次游玩时需要执行此操作。	
MSGLIST.TXT	154	ui			Feeding not only restores Rayne's health, it also eliminates an enemy, and you can rotate the victim to block bullets.	吸血不仅能恢复莱恩的生命值，还能消灭一名敌人；\n你还可以转动受害者，用其身体阻挡子弹。	
MSGLIST.TXT	155	ui			Use Dilated perception when encountering large numbers of enemies. This gives you ample time to plan each attack.	遭遇大批敌人时使用延时视觉，这能让你有充足时间规划每次攻击。	
MSGLIST.TXT	156	ui			Strafe back and forth while fighting. Enemies have difficulty aiming at a moving target.	战斗时来回平移，敌人很难瞄准移动中的目标。	
MSGLIST.TXT	157	ui			If Rayne is hurt and outnumbered, don't be afraid to retreat.	如果莱恩受伤且寡不敌众，不要害怕撤退。	
MSGLIST.TXT	158	ui			Use the harpoon with care. It leaves Rayne exposed and does not work on powerful characters.	谨慎使用鱼叉，使用鱼叉时莱恩会暴露在攻击下，而且鱼叉对强大的角色无效。	
MSGLIST.TXT	159	ui			When there are no doors to open, look for cracks in the walls. 	没有门可以打开时，试着找找墙上的裂缝。	
MSGLIST.TXT	160	ui			Some vehicles have heavy mounted weapons that you can take with you.	有些载具装有重型固定武器，你可以将其拆下带走。	
MSGLIST.TXT	161	ui			Use Aura Vision and your compass if you ever get lost.	迷路时使用灵气视觉和指南针。	
MSGLIST.TXT	162	ui			If Rayne runs out of guns, return to dead bodies for weapons she may have left behind.	如果莱恩用光了枪械，可以回到尸体旁，捡取她先前丢下的武器。	
MSGLIST.TXT	163	ui			If Rayne is at full health and a soldier is running away, you might want to let him go. You never know when Rayne might need a light snack later.	如果莱恩的生命值已满，而一名士兵正在逃跑，或许可以放他一马，\n谁知道莱恩之后会不会需要一份小点心呢。	
MSGLIST.TXT	164	ui			If Rayne is in an elevated position with a good view of her enemies, she can use Extruded View to place her bullets accurately and pick off her opponents one at a time.	如果莱恩身处高处，能清楚地俯瞰敌人，\n她可以使用穿透视觉进行精确射击，逐个消灭对手。	
MSGLIST.TXT	165	ui			Rayne has many foes. Sometimes her enemies are more interested in fighting each other than fighting Rayne. Let conflicting sides weaken each other before jumping into the fray.	莱恩树敌众多，有时敌人更热衷于互相厮杀，而不是攻莱恩。\n先让敌对双方彼此削弱，再加入战斗。	
MSGLIST.TXT	166	ui			Rayne not only runs fast; she also jumps high. She can quickly get out of trouble if she needs to. Remember to think about leaping up, not just running away.	莱恩不仅跑得快，跳得也高。\n必要时，她可以迅速脱离险境。\n别只想着逃跑，也要记得向上跳。	
MSGLIST.TXT	167	ui			Deep water rapidly damages Rayne. Stay high and dry as often as possible. Don't run through it if you can jump over it.	深水会迅速伤害莱恩，尽量待在高处和干燥地带。\n能跳过去时，就不要直接从水里跑过。	
MSGLIST.TXT	168	ui			When Rayne fights soldiers, the rebound kick (double-tap the Jump button) will often disarm them. Rayne can snatch his gun out of the air before it hits the ground.	莱恩与士兵战斗时，反弹踢（连续按两次跳跃键）通常能使对方缴械。\n枪落地前，莱恩可以在空中将其夺走。	
MSGLIST.TXT	169	ui			%d%% complete.	已完成 %d%%。	
MSGLIST.TXT	170	ui			Checking saved games and unlocking levels...	正在检查存档并解锁关卡……	
MSGLIST.TXT	171	ui			Cheat already unlocked	作弊项已解锁	
MSGLIST.TXT	172	ui			Cheat unlocked!	作弊项解锁成功！	
MSGLIST.TXT	173	ui			Try again later	请稍后再试	
MSGLIST.TXT	174	ui			Game unlocked!	游戏已解锁！	
MSGLIST.TXT	175	ui			Have a nice day!	祝你愉快！	
MSGLIST.TXT	176	ui			Secret Louisiana level unlocked	路易斯安那秘密关卡已解锁	
MSGLIST.TXT	177	ui			Level select enabled	关卡选择已启用	
MSGLIST.TXT	178	ui			Cheat Invalid	无效作弊码	
MSGLIST.TXT	179	ui			Start	开始	
MSGLIST.TXT	180	ui			New	新建	
MSGLIST.TXT	181	ui			Load	载入	
MSGLIST.TXT	182	ui			Options	选项	
MSGLIST.TXT	183	ui			Quit	退出	
MSGLIST.TXT	184	ui			New Game	新游戏	
MSGLIST.TXT	185	ui			Argentina 1 - Nazi Sub Bay	阿根廷 1 - 纳粹潜艇基地	
MSGLIST.TXT	186	ui			Prelude	序幕	
MSGLIST.TXT	187	ui			Training	训练	
MSGLIST.TXT	188	ui			Act 1 - Louisiana	第一幕 - 路易斯安那	
MSGLIST.TXT	189	ui			Act 2 - Argentina	第二幕 - 阿根廷	
MSGLIST.TXT	190	ui			Act 3 - Germany	第三幕 - 德国	
MSGLIST.TXT	191	ui			Choose difficulty level	选择难度	
MSGLIST.TXT	192	ui			Easy	简单	
MSGLIST.TXT	193	ui			Normal	普通	
MSGLIST.TXT	194	ui			Hard	困难	
MSGLIST.TXT	195	ui			Control scheme	操作方案	
MSGLIST.TXT	196	ui			Next, select a 1st- or 3rd-person control scheme.	接下来，请选择第一人称或第三人称操作方案。	
MSGLIST.TXT	197	ui			'1st person' control provides the most control.  It requires the use of both the left and right analog sticks.	“第一人称”操作能提供最强的操控性，但需要同时使用左右模拟摇杆。	
MSGLIST.TXT	198	ui			'3rd person' control is easier for many players.  It uses a single stick to turn and run forward/backward.	“第三人称”操作对许多玩家来说更容易，只需一根摇杆即可转向和前后移动。	
MSGLIST.TXT	199	ui			Choose control scheme	选择操作方案	
MSGLIST.TXT	200	ui			Control style	操作方式	
MSGLIST.TXT	201	ui			Look up/down style	上下观察方式	
MSGLIST.TXT	202	ui			Aviation	飞行式	
MSGLIST.TXT	203	ui			Start Game	开始游戏	
MSGLIST.TXT	204	ui			Load Game - Select Memory Card	载入游戏——选择记忆卡	
MSGLIST.TXT	205	ui			Save Game - Select Memory Card	保存游戏——选择记忆卡	
MSGLIST.TXT	206	ui			Load Game - Select memory card (for PS2).	载入游戏——选择记忆卡（PS2）	
MSGLIST.TXT	207	ui			Save Game - Select memory card (for PS2).	保存游戏——选择记忆卡（PS2）	
MSGLIST.TXT	208	ui			Load Game - Select Storage Device	载入游戏——选择存储设备	
MSGLIST.TXT	209	ui			Save Game - Select Storage Device	保存游戏——选择存储设备	
MSGLIST.TXT	210	ui			(Unformatted)	（未格式化）	
MSGLIST.TXT	211	ui			 free	 可用	
MSGLIST.TXT	212	ui			Please insert a Memory card (for PS2)\ninto Memory Card slot 1	请将记忆卡（PS2）\n插入记忆卡插槽 1	
MSGLIST.TXT	213	ui			Please insert a memory unit	请插入记忆单元	
MSGLIST.TXT	214	ui			Load Game - Select Save Game	载入游戏——选择存档	
MSGLIST.TXT	215	ui			Save Game - Select Save Game	保存游戏——选择存档	
MSGLIST.TXT	216	ui			Checking memory unit...	正在检查记忆单元……	
MSGLIST.TXT	217	ui			Checking memory card (for PS2)...	正在检查记忆卡（PS2）……	
MSGLIST.TXT	218	ui			Checking memory card...	正在检查记忆卡……	
MSGLIST.TXT	219	ui			No save games found	未找到存档	
MSGLIST.TXT	220	ui			(New save game)	（新建存档）	
MSGLIST.TXT	221	ui			Game saved.	游戏已保存	
MSGLIST.TXT	222	ui			OK	确定	
MSGLIST.TXT	223	ui			Resume game	继续游戏	
MSGLIST.TXT	224	ui			Back to pause menu	返回暂停菜单	
MSGLIST.TXT	225	ui			The memory card (for PS2) is unformatted.	记忆卡（PS2）尚未格式化	
MSGLIST.TXT	226	ui			Select a different memory card (for PS2).\n\n	请选择其他记忆卡（PS2）\n\n	
MSGLIST.TXT	227	ui			Format memory card (for PS2) \nin MEMORY CARD slot %d.	格式化记忆卡（PS2）\n插槽 %d 中的记忆卡	
MSGLIST.TXT	228	ui			Memory unit not formatted	记忆单元尚未格式化	
MSGLIST.TXT	229	ui			Quit game and go to Xbox Dashboard	退出游戏并前往 Xbox 控制面板	
MSGLIST.TXT	230	ui			Select a different memory unit	选择其他记忆单元	
MSGLIST.TXT	231	ui			Memory card not formatted	记忆卡尚未格式化	
MSGLIST.TXT	232	ui			Format memory card	格式化记忆卡	
MSGLIST.TXT	233	ui			Select a different memory card	选择其他记忆卡	
MSGLIST.TXT	234	ui			Save Game?	保存游戏？	
MSGLIST.TXT	235	ui			Quick save	快速保存	
MSGLIST.TXT	236	ui			Save game	保存游戏	
MSGLIST.TXT	237	ui			Don't save game	不保存游戏	
MSGLIST.TXT	238	ui			Controller Disconnected!	控制器已断开连接！	
MSGLIST.TXT	239	ui			\nPlease reconnect the controller\nand press START to continue.	\n请重新连接控制器，\n然后按 START 键继续。	
MSGLIST.TXT	240	ui			\nPlease insert a Controller\nand press START to continue.	\n请插入控制器，\n然后按 START 键继续。	
MSGLIST.TXT	241	ui			Continue	继续	
MSGLIST.TXT	242	ui			Control options	操作选项	
MSGLIST.TXT	243	ui			\nPlease insert a controller\nand press START to continue.	\n请插入控制器，\n然后按 START 键继续。	
MSGLIST.TXT	244	ui			Pause	暂停	
MSGLIST.TXT	245	ui			Skip scene	跳过过场动画	
MSGLIST.TXT	246	ui			Resume	继续	
MSGLIST.TXT	247	ui			Map of Mortton	莫顿地图	
MSGLIST.TXT	248	ui			Target List	目标列表	
MSGLIST.TXT	249	ui			Restart level	重新开始关卡	
MSGLIST.TXT	250	ui			Save	保存	
MSGLIST.TXT	251	ui			Cheats	作弊	
MSGLIST.TXT	252	ui			Quit game and load another game?	退出游戏并载入另一个存档？	
MSGLIST.TXT	253	ui			Yes	是	
MSGLIST.TXT	254	ui			No	否	
MSGLIST.TXT	255	ui			Overwrite save game?	覆盖存档？	
MSGLIST.TXT	256	ui			Quit game?	退出游戏？	
MSGLIST.TXT	257	ui			Restart level?	重新开始关卡？	
MSGLIST.TXT	258	ui			Game Over	游戏结束	
MSGLIST.TXT	259	ui			Control Options	操作选项	
MSGLIST.TXT	260	ui			Effects Volume	音效音量	
MSGLIST.TXT	261	ui			Music Volume	音乐音量	
MSGLIST.TXT	262	ui			Sound Options	声音选项	
MSGLIST.TXT	263	ui			Brightness	亮度	
MSGLIST.TXT	264	ui			Enter Cheat	输入作弊码	
MSGLIST.TXT	265	ui			Help	帮助	
MSGLIST.TXT	266	ui			Controller	控制器	
MSGLIST.TXT	267	ui			Attacking	攻击	
MSGLIST.TXT	268	ui			Feeding	吸血	
MSGLIST.TXT	269	ui			HUD	界面	
MSGLIST.TXT	270	ui			Aura Sense	灵气感知	
MSGLIST.TXT	271	ui			Dilated Perception	延时感知	
MSGLIST.TXT	272	ui			Extruded View	穿透视觉	
MSGLIST.TXT	273	ui			Objectives	任务目标	
MSGLIST.TXT	274	ui			Controls	操作	
MSGLIST.TXT	275	ui			Keyboard/mouse	键盘／鼠标	
MSGLIST.TXT	276	ui			Gamepad	游戏手柄	
MSGLIST.TXT	277	ui			Customize keys	自定义按键	
MSGLIST.TXT	278	ui			Mouse X sensitivity	鼠标 X 轴灵敏度	
MSGLIST.TXT	279	ui			Mouse Y sensitivity	鼠标 Y 轴灵敏度	
MSGLIST.TXT	280	ui			Rumble Feature	震动功能	
MSGLIST.TXT	281	ui			Off	关	
MSGLIST.TXT	282	ui			On	开	
MSGLIST.TXT	283	ui			Vibration	震动	
MSGLIST.TXT	284	ui			Customize gamepad controls	自定义游戏手柄操作	
MSGLIST.TXT	285	ui			Calibrate gamepad	校准游戏手柄	
MSGLIST.TXT	286	ui			Look up/down speed	上下观察速度	
MSGLIST.TXT	287	ui			Turn left/right speed	左右转向速度	
MSGLIST.TXT	288	ui			Look up/down autocenter	上下观察自动回正	
MSGLIST.TXT	289	ui			Restore default controls	恢复默认操作	
MSGLIST.TXT	290	ui			No sound devices.	未检测到声音设备	
MSGLIST.TXT	291	ui			Mute	静音	
MSGLIST.TXT	292	ui			Select Device	选择设备	
MSGLIST.TXT	293	ui			Quality (Bits)	质量（位）	
MSGLIST.TXT	294	ui			8-bit	8 位	
MSGLIST.TXT	295	ui			16-bit	16 位	
MSGLIST.TXT	296	ui			Quality (Hz)	质量（Hz）	
MSGLIST.TXT	297	ui			22 Khz	22 kHz	
MSGLIST.TXT	298	ui			44 Khz	44 kHz	
MSGLIST.TXT	299	ui			Acceleration	加速	
MSGLIST.TXT	300	ui			2D	2D	
MSGLIST.TXT	301	ui			3D	3D	
MSGLIST.TXT	302	ui			Display Options	显示选项	
MSGLIST.TXT	303	ui			Customize Keys	自定义按键	
MSGLIST.TXT	304	ui			Customize Gamepad	自定义游戏手柄	
MSGLIST.TXT	305	ui			Move forward/back	前后移动	
MSGLIST.TXT	306	ui			Strafe left/right	左右平移	
MSGLIST.TXT	307	ui			Turn left/right	左右转向	
MSGLIST.TXT	308	ui			Look up/down	上下观察	
MSGLIST.TXT	309	ui			Customize Gamepad Button	自定义游戏手柄按钮	
MSGLIST.TXT	310	ui			Customize Gamepad Axis	自定义游戏手柄轴	
MSGLIST.TXT	311	ui			Gamepad calibration: Step 1	游戏手柄校准：步骤 1	
MSGLIST.TXT	312	ui			Move all gamepad axes in all directions, then press ENTER.	将游戏手柄的所有轴朝各个方向移动，然后按 ENTER。	
MSGLIST.TXT	313	ui			Gamepad calibration: Step 2	游戏手柄校准：步骤 2	
MSGLIST.TXT	314	ui			Center gamepad on all axes, then press ENTER	将游戏手柄的所有轴置于中央，然后按 ENTER。	
MSGLIST.TXT	315	ui			Select sound device	选择声音设备	
MSGLIST.TXT	316	ui			Warning	警告	
MSGLIST.TXT	317	ui			Save Game	保存游戏	
MSGLIST.TXT	318	ui			Your game will be saved at the start of the current level.  Continue with save?	游戏将保存至当前关卡的起点，要继续保存吗？	
MSGLIST.TXT	319	ui			Don't save	不保存	
MSGLIST.TXT	320	ui			Message	消息	
MSGLIST.TXT	321	ui			Try again	重试	
MSGLIST.TXT	322	ui			Back	返回	
MSGLIST.TXT	323	ui			God mode	无敌模式	
MSGLIST.TXT	324	ui			Time factor	时间倍率	
MSGLIST.TXT	325	ui			Enemies	敌人	
MSGLIST.TXT	326	ui			Thawed	已解冻	
MSGLIST.TXT	327	ui			Frozen	已冻结	
MSGLIST.TXT	328	ui			Restore health	恢复生命值	
MSGLIST.TXT	329	ui			Fill bloodlust	填满血怒槽	
MSGLIST.TXT	330	ui			Show weapons on body	在身体上显示武器	
MSGLIST.TXT	331	ui			Juggy mode	Juggy 模式	
MSGLIST.TXT	332	ui			Gratuitous dismemberment	残肢效果	
MSGLIST.TXT	333	ui			Enter Cheat Code	输入作弊码	
MSGLIST.TXT	334	ui			Your Xbox has %s free.  You need at least 9 blocks free to save games.	你的 Xbox 有 %s 可用空间，保存游戏至少需要 9 个区块。	
MSGLIST.TXT	335	ui			Launch Xbox Dashboard to free blocks	启动 Xbox 控制面板以释放区块	
MSGLIST.TXT	336	ui			You have reached the maximum number of saved games.	存档数量已达到上限	
MSGLIST.TXT	337	ui			Unable to save to the hard disk.	无法保存到硬盘	
MSGLIST.TXT	338	ui			Start game without saving	不保存并开始游戏	
MSGLIST.TXT	339	ui			Are you sure?	确定吗？	
MSGLIST.TXT	340	ui			Launch Xbox Dashboard without saving	不保存并启动 Xbox 控制面板	
MSGLIST.TXT	341	ui			Warning!	警告！	
MSGLIST.TXT	342	ui			You will not be able to save your game	你将无法保存游戏	
MSGLIST.TXT	343	ui			Retry	重试	
MSGLIST.TXT	344	ui			Continue without loading	不载入并继续	
MSGLIST.TXT	345	ui			Continue without saving	不保存并继续	
MSGLIST.TXT	346	ui			Format	格式化	
MSGLIST.TXT	347	ui			Delete	删除	
MSGLIST.TXT	348	ui			Warning!\nSome Actions have been left unmapped.	警告！\n部分操作尚未分配按键	
MSGLIST.TXT	349	ui			%s\nFormat failed.	%s\n格式化失败	
MSGLIST.TXT	350	ui			Push a new key for 	请为以下操作按下新按键：	
MSGLIST.TXT	351	ui			Push gamepad button for 	请为以下操作按下游戏手柄按钮：	
MSGLIST.TXT	352	ui			Push gamepad axis for 	请为以下操作推动游戏手柄轴：	
MSGLIST.TXT	353	ui			Move forward	向前移动	
MSGLIST.TXT	354	ui			Strafe right	向右平移	
MSGLIST.TXT	355	ui			Look up	向上看	
MSGLIST.TXT	356	ui			Turn right	向右转	
MSGLIST.TXT	357	ui			All nests destroyed	所有巢穴均已摧毁	
MSGLIST.TXT	358	ui			1 nest remaining	剩余 1 个巢穴	
MSGLIST.TXT	359	ui			%d nests remaining	剩余 %d 个巢穴	
MSGLIST.TXT	360	ui			Ghetto	贫民区	
MSGLIST.TXT	361	ui			Town Hall	市政厅	
MSGLIST.TXT	362	ui			The Hill	山丘	
MSGLIST.TXT	363	ui			The Beauregard House	博勒加德宅邸	
MSGLIST.TXT	364	ui			Colonial Power	殖民地发电站	
MSGLIST.TXT	365	ui			Target eliminated	目标已消灭	
MSGLIST.TXT	366	ui			A memory card (for PS2) is not\ninserted. At least %d KB is needed\nto save your game data.	未插入记忆卡（PS2）\n保存游戏数据至少需要 %d KB 空间	
MSGLIST.TXT	367	ui			There is insufficient space on\nthe memory card (for PS2).\nAt least %d KB is needed\nto save your game data.	记忆卡（PS2）\n空间不足\n保存游戏数据至少需要 %d KB 空间	
MSGLIST.TXT	368	ui			@@okButtonName@@ Continue	@@okButtonName@@ 继续	
MSGLIST.TXT	369	ui			Formatting the Memory Card will erase\nall previously saved data.\n\nDo you wish to proceed with formatting?	格式化记忆卡将清除\n所有已保存的数据\n\n是否继续格式化？	
MSGLIST.TXT	370	ui			@@okButtonName@@ Insert   @@cancelButtonName@@ Back   @@startButtonName@@ Accept	@@okButtonName@@ 插入   @@cancelButtonName@@ 返回   @@startButtonName@@ 接受	
MSGLIST.TXT	371	ui			@@okButtonName@@ Accept   @@cancelButtonName@@ Cancel   @@startButtonName@@ Accept & Resume	@@okButtonName@@ 接受   @@cancelButtonName@@ 取消   @@startButtonName@@ 接受并继续	
MSGLIST.TXT	372	ui			@@okButtonName@@ Accept    @@cancelButtonName@@ Cancel	@@okButtonName@@ 接受    @@cancelButtonName@@ 取消	
MSGLIST.TXT	373	ui			@@okButtonName@@ Select	@@okButtonName@@ 选择	
MSGLIST.TXT	374	ui			@@okButtonName@@ Continue    @@cancelButtonName@@ Back	@@okButtonName@@ 继续    @@cancelButtonName@@ 返回	
MSGLIST.TXT	375	ui			@@okButtonName@@ Select    @@cancelButtonName@@ Back    @@startButtonName@@ Resume	@@okButtonName@@ 选择    @@cancelButtonName@@ 返回    @@startButtonName@@ 继续	
MSGLIST.TXT	376	ui			@@okButtonName@@ OK	@@okButtonName@@ 确定	
MSGLIST.TXT	377	ui			@@okButtonName@@ Select    @@cancelButtonName@@ Back	@@okButtonName@@ 选择    @@cancelButtonName@@ 返回	
MSGLIST.TXT	378	ui			Loading common package	正在载入通用包	
MSGLIST.TXT	379	ui			Loading mission package	正在载入任务包	
MSGLIST.TXT	380	ui			Setting up actors	正在设置角色	
MSGLIST.TXT	381	ui			Loading script	正在载入脚本	
MSGLIST.TXT	382	ui			Lightest Guns	最轻型枪械	
MSGLIST.TXT	383	ui			Heaviest Guns	最重型枪械	
MSGLIST.TXT	384	ui			Grenades	手榴弹	
MSGLIST.TXT	385	ui			Special	特殊	
MSGLIST.TXT	386	ui			Weapon Mode: 	武器模式：	
MSGLIST.TXT	387	ui			ESC	ESC	
MSGLIST.TXT	388	ui			Select	选择	
MSGLIST.TXT	389	ui			Analog	模拟	
MSGLIST.TXT	390	ui			Mouse	鼠标	
MSGLIST.TXT	391	ui			Loading set geometry	正在载入场景几何体	
MSGLIST.TXT	392	ui			File not found	未找到文件	
MSGLIST.TXT	393	ui			Unable to open file '%s'	无法打开文件“%s”	
MSGLIST.TXT	394	ui			I/O Error accessing file, or file is corrupt	访问文件时发生 I/O 错误，或文件已损坏	
MSGLIST.TXT	395	ui			File is corrupt	文件已损坏	
MSGLIST.TXT	396	ui			Out of memory	内存不足	
MSGLIST.TXT	397	ui			Too many PODs already mounted	已挂载的 POD 数量过多	
MSGLIST.TXT	398	ui			Memory Unit %d%c	记忆单元 %d%c	
MSGLIST.TXT	399	ui			 (full)	（已满）	
MSGLIST.TXT	400	ui			Hard disk	硬盘	
MSGLIST.TXT	401	ui			50,000+ blocks	50,000+ 个区块	
MSGLIST.TXT	402	ui			%d,%03d blocks	%d,%03d 个区块	
MSGLIST.TXT	403	ui			%d blocks	%d 个区块	
MSGLIST.TXT	404	ui			Loading	正在载入	
MSGLIST.TXT	405	ui			Saving	正在保存	
MSGLIST.TXT	406	ui			The Xbox memory unit %s was removed during use.	使用过程中，Xbox 记忆单元 %s 已被移除。	
MSGLIST.TXT	407	ui			Hard disk error.	硬盘错误	
MSGLIST.TXT	408	ui			Memory unit changed.	记忆单元已更换	
MSGLIST.TXT	409	ui			Not enough free blocks on hard disk.	硬盘可用区块不足	
MSGLIST.TXT	410	ui			Not enough free blocks on memory unit.	记忆单元可用区块不足	
MSGLIST.TXT	411	ui			Too many save games on hard disk.	硬盘上的存档过多	
MSGLIST.TXT	412	ui			Too many saved games on memory unit.	记忆单元上的存档过多	
MSGLIST.TXT	413	ui			Invalid memory unit.	无效的记忆单元	
MSGLIST.TXT	414	ui			Memory unit not formatted.	记忆单元尚未格式化	
MSGLIST.TXT	415	ui			Memory unit not ready.	记忆单元未就绪	
MSGLIST.TXT	416	ui			Unable to load.	无法载入	
MSGLIST.TXT	417	ui			Unknown error	未知错误	
MSGLIST.TXT	418	ui			None	无	
MSGLIST.TXT	419	ui			MEMORY CARD slot 1	记忆卡插槽 1	
MSGLIST.TXT	420	ui			MEMORY CARD slot 2	记忆卡插槽 2	
MSGLIST.TXT	421	ui			%d KB	%d KB	
MSGLIST.TXT	422	ui			Loading data from %s.  Please don't remove the memory card (for PS2), reset or switch off the console.	正在从 %s 载入数据。请勿移除记忆卡（PS2）、重置或关闭主机。	
MSGLIST.TXT	423	ui			Saving data to %s.  Please don't remove the memory card (for PS2), reset or switch off the console.	正在向 %s 保存数据。请勿移除记忆卡（PS2）、重置或关闭主机。	
MSGLIST.TXT	424	ui			Formatting memoy card (for PS2) in %s.  Please don't remove the memory card (for PS2), reset or switch off the console.	正在格式化 %s 中的记忆卡（PS2）。请勿移除记忆卡（PS2）、重置或关闭主机。	
MSGLIST.TXT	425	ui			The memory card (for PS2)\nwas removed.	记忆卡（PS2）\n已被移除	
MSGLIST.TXT	426	ui			There is insufficient space.\nAt least %d KB is needed\nto save this game data.	空间不足\n保存此游戏数据至少需要 %d KB 空间	
MSGLIST.TXT	427	ui			The inserted device is not \na valid memory card (for PS2).	插入的设备不是\n有效的记忆卡（PS2）	
MSGLIST.TXT	428	ui			The memory card (for PS2)\nis unformatted.	记忆卡（PS2）\n尚未格式化	
MSGLIST.TXT	429	ui			The memory card (for PS2)\nis not ready.	记忆卡（PS2）\n未就绪	
MSGLIST.TXT	430	ui			Unable to load!	无法载入！	
MSGLIST.TXT	431	ui			Memory Card Slot A	记忆卡插槽 A	
MSGLIST.TXT	432	ui			Memory Card Slot B	记忆卡插槽 B	
MSGLIST.TXT	433	ui			Loading.\nDO NOT TOUCH the Memory Card.\nDo not turn off the power to the console.	正在载入\n请勿触碰记忆卡\n请勿关闭主机电源	
MSGLIST.TXT	434	ui			Saving.\nDO NOT TOUCH the Memory Card.\nDo not turn off the power to the console.	正在保存\n请勿触碰记忆卡\n请勿关闭主机电源	
MSGLIST.TXT	435	ui			Formatting.\nDO NOT TOUCH the Memory Card.\nDo not turn off the power to the console.	正在格式化\n请勿触碰记忆卡\n请勿关闭主机电源	
MSGLIST.TXT	436	ui			Deleting.\nDO NOT TOUCH the Memory Card.\nDo not turn off the power to the console.	正在删除\n请勿触碰记忆卡\n请勿关闭主机电源	
MSGLIST.TXT	437	ui			No Memory Card found in Slot	插槽中未找到记忆卡	
MSGLIST.TXT	438	ui			\n\nYou MUST have a Memory Card\nin Slot A to save your progress.	\n\n必须在插槽 A 中插入记忆卡，\n才能保存游戏进度。	
MSGLIST.TXT	439	ui			blocks	个区块	
MSGLIST.TXT	440	ui			block	个区块	
MSGLIST.TXT	441	ui			There is not enough free space or the number\nof files will exceed the limit	可用空间不足，\n或文件数量将超过上限	
MSGLIST.TXT	442	ui			on the Memory\nCard in Slot	插槽中的\n记忆卡。	
MSGLIST.TXT	443	ui			.\n\nIn order to save this game, 1 free file and	\n\n要保存此游戏，需要 1 个可用文件和	
MSGLIST.TXT	444	ui			free	个可用区块	
MSGLIST.TXT	445	ui			are required.  Once you start the\ngame, you won't be able to save.	。游戏开始后，\n你将无法保存。	
MSGLIST.TXT	446	ui			There is insufficient space on the Memory\nCard in Slot	插槽中的记忆\n卡空间不足，	
MSGLIST.TXT	447	ui			to save new files.	无法保存新文件。	
MSGLIST.TXT	448	ui			Requires: 1 file and	需要：1 个文件和	
MSGLIST.TXT	449	ui			to save.	才能保存。	
MSGLIST.TXT	450	ui			\nExisting files may be loaded and overwritten.	\n可以载入并覆盖现有文件。	
MSGLIST.TXT	451	ui			\n\nTo manage the contents of\nyour Memory Card, use\nthe Memory Card Screen.	\n\n要管理记忆卡中的内容，\n请使用\n记忆卡管理画面。	
MSGLIST.TXT	452	ui			Something other than a Memory Card is\ninserted in Slot	插槽中插入的设备\n并非记忆卡	
MSGLIST.TXT	453	ui			Replace with a Memory Card.	请更换为记忆卡。	
MSGLIST.TXT	454	ui			The device in Slot	插槽中的设备	
MSGLIST.TXT	455	ui			is not supported.	不受支持	
MSGLIST.TXT	456	ui			The Memory Card in Slot	插槽中的记忆卡	
MSGLIST.TXT	457	ui			is formatted for another market.\nTo save a	已按其他地区的制式格式化。\n要保存	
MSGLIST.TXT	458	ui			file,\nyou will need to format the Memory Card.	文件，\n必须格式化记忆卡。	
MSGLIST.TXT	459	ui			is corrupted\nand needs to be formatted.	已损坏，\n需要格式化。	
MSGLIST.TXT	460	ui			The Memory Card (or device) in Slot	插槽中的记忆卡（或设备）	
MSGLIST.TXT	461	ui			\nis damaged and cannot be used.	\n已损坏，无法使用。	
MSGLIST.TXT	462	ui			is damaged\nand cannot be used.	已损坏，\n无法使用。	
MSGLIST.TXT	463	ui			is not compatible with the	与以下内容不兼容：	
MSGLIST.TXT	464	ui			save file.	存档文件。	
MSGLIST.TXT	465	ui			The	记忆卡中	
MSGLIST.TXT	466	ui			file on the Memory Card\nin Slot	插槽里的文件	
MSGLIST.TXT	467	ui			is corrupt.\n\nThis file needs to be deleted.	已损坏。\n\n需要删除此文件。	
MSGLIST.TXT	468	ui			No MEMORY CARD found in either Slot A (or B).	插槽 A（或 B）中均未找到记忆卡。	
MSGLIST.TXT	469	ui			You will not be able to save your game or progress.	你将无法保存游戏或进度。	
MSGLIST.TXT	470	ui			requires 1 free file and 3 free blocks	需要 1 个可用文件和 3 个可用区块	
MSGLIST.TXT	471	ui			for each saved game.	给每个存档。	
MSGLIST.TXT	472	ui			The MEMORY CARD in Slot	插槽中的记忆卡	
MSGLIST.TXT	473	ui			is incompatible	不兼容	
MSGLIST.TXT	474	ui			with the	：	
MSGLIST.TXT	475	ui			You will not be able to save your profile or progress.	你将无法保存个人资料或进度。	
MSGLIST.TXT	476	ui			is formatted	已按	
MSGLIST.TXT	477	ui			for another market and needs to be formatted.	其他地区的制式格式化，需要重新格式化。	
MSGLIST.TXT	478	ui			Replace with a MEMORY CARD.	请更换为记忆卡。	
MSGLIST.TXT	479	ui			is corrupt	已损坏	
MSGLIST.TXT	480	ui			and needs to be formatted.	，需要格式化。	
MSGLIST.TXT	481	ui			is damaged	已损坏	
MSGLIST.TXT	482	ui			and can not be used.	，无法使用。	
MSGLIST.TXT	483	ui			Warning there is not enough free space on the	警告：以下设备可用空间不足：	
MSGLIST.TXT	484	ui			MEMORY CARD in either Slot A (or B).	插槽 A（或 B）中的记忆卡。	
MSGLIST.TXT	485	ui			requires 1 free file and	每个存档需要 1 个可用文件和	
MSGLIST.TXT	486	ui			free blocks for each saved game.	个可用区块。	
MSGLIST.TXT	487	ui			Existing games may be loaded and overwritten.	可以载入并覆盖现有游戏。	
MSGLIST.TXT	488	ui			To manage the contents of your MEMORY CARD,	要管理记忆卡中的内容，	
MSGLIST.TXT	489	ui			use the MEMORY CARD screen.	请使用记忆卡管理画面。	
MSGLIST.TXT	490	ui			Warning there is not enough free space on	警告：以下设备可用空间不足：	
MSGLIST.TXT	491	ui			the MEMORY CARD in Slot	插槽中的记忆卡	
MSGLIST.TXT	492	ui			Not enough free disk space.	可用磁盘空间不足。	
MSGLIST.TXT	493	ui			Error reading hard disk.	读取硬盘时出错。	
MSGLIST.TXT	494	ui			No files found	未找到文件	
MSGLIST.TXT	495	ui			Directory: 	目录：	
MSGLIST.TXT	496	ui			Filename: 	文件名：	
MSGLIST.TXT	497	ui			Cancel	取消	
MSGLIST.TXT	498	ui			Canceled	已取消	
MSGLIST.TXT	499	ui			Invalid login response	无效的登录响应	
MSGLIST.TXT	500	ui			Invalid key response	无效的密钥响应	
MSGLIST.TXT	501	ui			Press @@weaponModeForwardButtonName@@ to pick up the %s	按下 @@weaponModeForwardButtonName@@ 拾取 %s	
MSGLIST.TXT	+	ui-exe			Language\tEnglish	语言\t英语	exe 硬编码界面串
MSGLIST.TXT	+	ui-exe			Language\tJapanese	语言\t简体中文	exe 硬编码界面串
MSGLIST.TXT	+	ui-exe			Language\tRussian	语言\t俄语	exe 硬编码界面串
MSGLIST.TXT	+	ui-exe			Water reflections\tSimple (Slower)	水面反射\t简单（较慢）	exe 硬编码界面串
MSGLIST.TXT	+	ui-exe			Water reflections\tComplex (Slowest)	水面反射\t复杂（最慢）	exe 硬编码界面串
MSGLIST.TXT	+	ui-exe			Water reflections\tCustom	水面反射\t自定义	exe 硬编码界面串
MSGLIST.TXT	+	ui-exe			Water reflections\tOff (Fastest)	水面反射\t关闭（最快）	exe 硬编码界面串
MSGLIST.TXT	+	ui-exe			Dynamic shadows\t%s	动态阴影\t%s	exe 硬编码界面串
MSGLIST.TXT	+	ui-exe			Bump mapping\t%s	凹凸贴图\t%s	exe 硬编码界面串
MSGLIST.TXT	+	ui-exe			Off (Faster)	关闭（较快）	exe 硬编码界面串
MSGLIST.TXT	+	ui-exe			On (Slower)	开启（较慢）	exe 硬编码界面串
MSGLIST.TXT	+	ui-exe			Texture detail\t%s	纹理细节\t%s	exe 硬编码界面串
MSGLIST.TXT	+	ui-exe			Normal (Faster)	普通（较快）	exe 硬编码界面串
MSGLIST.TXT	+	ui-exe			High (Slower)	高（较慢）	exe 硬编码界面串
MSGLIST.TXT	+	ui-exe			Antialiasing\t%s	抗锯齿\t%s	exe 硬编码界面串
MSGLIST.TXT	+	ui-exe			Monitor\t%d	显示器\t%d	exe 硬编码界面串
MSGLIST.TXT	+	ui-exe			Always Run	始终奔跑	exe 硬编码界面串
MSGLIST.TXT	+	ui-exe			Language	语言	exe 硬编码界面串
MSGLIST.TXT	+	ui-exe			English	英语	exe 硬编码界面串
MSGLIST.TXT	+	ui-exe			Japanese	简体中文	exe 硬编码界面串
MSGLIST.TXT	+	ui-exe			Russian	俄语	exe 硬编码界面串
MSGLIST.TXT	+	ui-exe			Italiano	意大利语	exe 硬编码界面串
MSGLIST.TXT	+	ui-exe			Walk	行走	exe 硬编码，经 0x4E7840 查表
MSGLIST.TXT	+	ui-exe			Run	奔跑	exe 硬编码，经 0x4E7840 查表
MSGLIST.TXT	+	ui-exe			(invalid key)	（无效按键）	exe 硬编码，经 0x4E7840 查表
MSGLIST.TXT	+	ui-exe			BloodRayne(R) Setup Options	吸血莱恩(R) 设置选项	exe 硬编码，经 0x4E7840 查表
MSGLIST.TXT	+	ui-exe			Default control settings restored.	已恢复默认操作设置	exe 硬编码，经 0x4E7840 查表
MSGLIST.TXT	+	ui-exe			MWheel back	滚轮后滚	exe 硬编码，经 0x4E7840 查表
MSGLIST.TXT	+	ui-exe			MWheel fwd	滚轮前滚	exe 硬编码，经 0x4E7840 查表
MSGLIST.TXT	+	ui-exe			MouseB1	鼠标键 1	exe 硬编码，经 0x4E7840 查表
MSGLIST.TXT	+	ui-exe			MouseB2	鼠标键 2	exe 硬编码，经 0x4E7840 查表
MSGLIST.TXT	+	ui-exe			MouseB3	鼠标键 3	exe 硬编码，经 0x4E7840 查表
MSGLIST.TXT	+	ui-exe			MouseB4	鼠标键 4	exe 硬编码，经 0x4E7840 查表
MSGLIST.TXT	+	ui-exe			MouseB5	鼠标键 5	exe 硬编码，经 0x4E7840 查表
MSGLIST.TXT	+	ui			Otto Gottleib	奥托·戈特利布	target-list exe string
MSGLIST.TXT	+	ui			Stefan Gustafson	斯特凡·古斯塔夫森	target-list exe string
MSGLIST.TXT	+	ui			J. Becker	J·贝克尔	target-list exe string
MSGLIST.TXT	+	ui			Ruprecht Reiner	鲁普雷希特·莱纳	target-list exe string
MSGLIST.TXT	+	ui			Timitheus Tischler	蒂莫特乌斯·蒂施勒	target-list exe string
MSGLIST.TXT	+	ui			P. Eckstein	P·埃克施泰因	target-list exe string
MSGLIST.TXT	+	ui			Nicholaus Reinhardt	尼古劳斯·莱因哈特	target-list exe string
MSGLIST.TXT	+	ui			Braun Mekay	布劳恩·米凯	target-list exe string
MSGLIST.TXT	+	ui			R. Wauher	R·瓦乌赫	target-list exe string
MSGLIST.TXT	+	ui			J. A. Cotter	J·A·卡特	target-list exe string
MSGLIST.TXT	+	ui			D. Mauler	D·穆勒	target-list exe string
MSGLIST.TXT	+	ui			Dr. Bathory Mengele	巴托里·门格勒博士	target-list exe string
MSGLIST.TXT	+	ui			Von Blut	冯·布鲁特	target-list exe string
MSGLIST.TXT	+	ui			Jurgen Wulf	尤尔根·沃尔夫	target-list exe string
MSGLIST.TXT	+	ui			K. Kephardt	K·凯哈特	target-list exe string
MSGLIST.TXT	+	ui			C. Reichard	C·莱哈德	target-list exe string
MSGLIST.TXT	+	ui			D. Von Haber	D·冯·赫伯	target-list exe string
MSGLIST.TXT	+	ui			G. Saxon	G·萨克森	target-list exe string
MSGLIST.TXT	+	ui			C. Bogue	C·博格	target-list exe string
MSGLIST.TXT	+	ui			Arno Samsa	阿尔诺·萨姆萨	target-list exe string
MSGLIST.TXT	+	ui			N. Rausch	N·劳舍	target-list exe string
MSGLIST.TXT	+	ui			Hans Eldrich	汉茨·埃尔德里希	target-list exe string
MSGLIST.TXT	+	ui			Andreas Zahl	安德烈亚斯·扎希	target-list exe string
MSGLIST.TXT	+	ui			Heinrich Eberhard	海因里希·埃伯哈德	target-list exe string
MSGLIST.TXT	+	ui			Demetrius Klaus	德米特里乌斯·克劳斯	target-list exe string
MSGLIST.TXT	+	ui			D. Traugott	D·特劳戈特	target-list exe string
MSGLIST.TXT	+	ui			G. Gosler	G·戈斯勒	target-list exe string
MSGLIST.TXT	+	ui			Simon/Sigmund Krieger	西蒙／西格蒙德·克鲁格	target-list exe string
MSGLIST.TXT	+	ui			Name unknown	（身份不明）	target-list exe string
MSGLIST.TXT	+	ui			Oberinspekteur	高级监察官	target-list exe string
MSGLIST.TXT	+	ui			Leutnant	少尉	target-list exe string
MSGLIST.TXT	+	ui			Standortfuhrer	基地指挥官	target-list exe string
MSGLIST.TXT	+	ui			Korvettenkapitan	海军少校	target-list exe string
MSGLIST.TXT	+	ui			Major.	少校	target-list exe string
MSGLIST.TXT	+	ui			Korvettenoberstleutnant	海军中校	target-list exe string
MSGLIST.TXT	+	ui			Oberst	上校	target-list exe string
MSGLIST.TXT	+	ui			General Major	少将	target-list exe string
MSGLIST.TXT	+	ui			Generalstabsinformationen	总参谋部情报官	target-list exe string
MSGLIST.TXT	+	ui			Infanterie-Kommandeur	步兵指挥官	target-list exe string
MSGLIST.TXT	+	ui			Totenkopfverbandefuhrer	骷髅部队指挥官	target-list exe string
MSGLIST.TXT	+	ui			Oberpriester	大祭司	target-list exe string
MSGLIST.TXT	+	ui			Gegengrupenfuhrer	反幽灵小组指挥官	target-list exe string
MSGLIST.TXT	+	ui			Hauptstumfuhrer	突击队长	target-list exe string
MSGLIST.TXT	+	ui			Assistenzinfanterie	步兵副官	target-list exe string
MSGLIST.TXT	+	ui			Luftwaffe-Oberleutnant	空军中尉	target-list exe string
MSGLIST.TXT	+	ui			Oberleutnant	中尉	target-list exe string
MSGLIST.TXT	+	ui			Hauptmann	上尉	target-list exe string
MSGLIST.TXT	+	ui			Obersturmbannfuhrer	党卫队中校	target-list exe string
MSGLIST.TXT	+	ui			Oberstleutnant	中校	target-list exe string
MSGLIST.TXT	+	ui			Generaloberst	大将	target-list exe string
MSGLIST.TXT	+	ui			Generalleutnant	中将	target-list exe string
MSGLIST.TXT	+	ui			Generalstabsuberpanzer	装甲总参谋官	target-list exe string
MSGLIST.TXT	+	ui			Wehrmachtbefelshaber	国防军指挥官	target-list exe string
MSGLIST.TXT	+	ui			Oberscharfuhrer	党卫队高级小队长	target-list exe string
