file	line	kind	key	speaker	english	japanese	chinese	note
AR_DE_SUBBAY.TXT	0	hud	MissionDescription		Emden U-Boat Station	Emden U-Boat Station	埃姆登U型潜艇基地	
AR_DE_SUBBAY.TXT	2	voice	a2s18_soldier1_1.wav	Soldier1	Soldier: Mein Gott! Sir! Everyone's dead!	クソッ! 基地は 全滅しました！	该死！基地已经全军覆没了！	
AR_DE_SUBBAY.TXT	3	voice	a2s18_Soldier2_1.wav	Soldier2	Soldier: Order from G.G.G. Oberscharfuhrer. Unload the crates.	G・G・G上級指揮官殿の命令だ\nただちに積荷を降ろせ	这是反幽灵小组高级指挥官的命令。\n立刻卸下货物！	
AR_DE_SUBBAY.TXT	4	voice	a2s18_soldier1_2.wav	Soldier1	Soldier: Yes sir!	わかりました！	明白！	
AR_DE_SUBBAY.TXT	5	voice	a2s18_rayne1.wav	$	Rayne: How did this...?!			
AR_DE_SUBBAY.TXT	6	voice	a2s18_rayne2.wav	$	Rayne: New objectives and another target list.	新しい任務が追加されたようね	看来又有新任务了。	
AR_DE_SUBBAY.TXT	7	voice	a2s18_rayne3.wav	$	"Rayne: ""In the preliminary G.G.G. headquarters at Falkenburg a Nazi officer has your next target list..."	「フォーケンバーグ城に設営された仮指令所のナチス将校が\n暗殺リストを所持...	“设在福肯堡城临时指挥所的一名纳粹军官，\n持有暗杀名单……	
AR_DE_SUBBAY.TXT	8	voice	a2s18_rayne4.wav	$	"Rayne: ...terminate him and obtain the file."""	始末した後 リストを入手せよ」	干掉他后，拿到名单。”	
AR_DE_SUBBAY.TXT	10	hud	OST_Emden		1938 - Emden U-boat Shipyard, Germany.	1938年 ドイツ軍エムデンUボート基地	1938年，德军埃姆登U型潜艇基地	
AR_DE_SUBBAY.TXT	12	hud	ObjectiveFindExit		Find the exit.	出口に向え	前往出口	
AR_GH_BARRACKS.TXT	0	hud	MissionDescription		The Barracks	The Barracks	兵营	
AR_GH_BARRACKS.TXT	2	voice	a2s2_rayne7.wav	$	Rayne: Can't leave yet.	まだ行けないわ	现在还不能走。	
AR_GH_BARRACKS.TXT	3	voice	a2s2_rayne8.wav	$	Rayne: I haven't met all the objectives.	まだ任務が残ってる	任务还没完成。	
AR_GH_BARRACKS.TXT	4	voice	a2s2_rayne9.wav	$	Rayne: There are still targets in this area.	やり残していることがあるはずよ	我应该还有事没做完。	
AR_GH_BARRACKS.TXT	5	voice	a2s2_rayne10.wav	$	Rayne: No, I've got things to do first.	他にやることがあるはずよ	我应该还有别的事要办。	
AR_GH_BARRACKS.TXT	6	voice	a2s2_rayne11.wav	$	Rayne: No, I'm not done here.	まだやることがある	这里的事还没结束。	
AR_GH_BARRACKS.TXT	8	voice	a2s7_PAVoice2.wav	PAVoice	P.A. Voice: Code Zeus! Repeat: Code Zeus!	コード・ゼウス！ 繰り返す\nコード・ゼウス！	宙斯警报！\n重复，宙斯警报！	
AR_GH_BARRACKS.TXT	9	voice	a2s7_PAVoice3.wav	PAVoice	P.A. Voice: Science lab security breach!  All personnel, abandon pursuit!  Report to the science lab immediately!	研究所で問題が発生！\n総員 作業を中止しただちに研究施設に直行せよ！	研究所发生事故！\n全员立刻停止作业，赶往研究设施！	
AR_GH_BARRACKS.TXT	10	voice	a2s7_PAVoice4.wav	PAVoice	P.A. Voice: Get over here now!  They're loose!  The Daem- aargh!	すぐ来てくれ！ 封鎖を破られた！\nデアマイツが...！	快来帮忙！封锁被突破了！\n魔蛭……！	
AR_GH_BARRACKS.TXT	11	voice	a2s7_Daemite2.wav	Daemite	Daemite: Hehehehehe.			
AR_GH_BARRACKS.TXT	12	voice	a2s7_rayne5.wav	$	Rayne: Sounds like they have their own problems.  I'm done here.	レリックを発見しても持ち出せない理由があるようだし	看来他们发现了圣物却没能带走，肯定有什么原因。	
AR_GH_BARRACKS.TXT	13	voice	a2s7_rayne6.wav	$	Rayne: I need to get into the basement.  An officer should have what I need.	地下に潜入して\n調べる必要がありそうだわ	我得潜入地下，\n把事情查清楚。	
AR_GH_BARRACKS.TXT	14	voice	a2s7_rayne7.wav	$	Rayne: I should search an officer's body before I go.	ここには将校がもう一人残っていたわね	这里还剩一个军官没解决。	
AR_GH_BARRACKS.TXT	16	voice	a2s7_subofficer4.wav	TargetOfficerKitchen	Officer: What's wrong with you? Kill her! Kill her goddammit!	お前ここで何してるんだ？　女を始末しろ！	你们在这里干什么？快干掉那个女人！	
AR_GH_BARRACKS.TXT	18	voice	a2s8_rayne1.wav	$	Rayne: I need a control turnkey for the basement.  I'll worry about that later.	コントロールキーが要る 先にキーを見つけなきゃ	我需要控制钥匙，得先把钥匙找出来。	
AR_GH_BARRACKS.TXT	19	voice	a2s8_rayne2.wav	$	Rayne: The turnkey I found should work...	このキーで開けられるはず...	这把钥匙应该能打开……	
AR_GH_BARRACKS.TXT	21	voice	a2s8_soldier1_1.wav	SoldierTrapped1	Soldier: There's the intruder!	侵入者だ！	有入侵者！	
AR_GH_BARRACKS.TXT	22	voice	a2s8_soldier2_1.wav	SoldierTrapped2	Soldier: Open the door!	シャッターを開けろ！	快打开闸门！	
AR_GH_BARRACKS.TXT	23	voice	a2s8_soldier3_1.wav	SoldierTrapped3	Soldier: I'm trying!  It's jammed.	やってるが故障してるぞ	我正在开，可它出故障了！	
AR_GH_BARRACKS.TXT	24	voice	a2s8_soldier2_2.wav	SoldierTrapped2	Soldier: You stay right there Weib!	お前はそこにいろ	你待在那里别动！	
AR_GH_BARRACKS.TXT	25	voice	a2s8_soldier3_2.wav	SoldierTrapped3	Soldier: It's not working!	動かないぞ！	它动不了！	
AR_GH_BARRACKS.TXT	26	voice	a2s8_soldier3_3.wav	SoldierTrapped3	Soldier: What are you doing!?	お前何してる！？	你在干什么！？	
AR_GH_BARRACKS.TXT	27	voice	a2s8_rayne3.wav	$	Rayne: What does it look like? I'm lowering the lift.	見たまんまよ リフトを下ろしてる	你看不出来吗？我在把升降机降下来。	
AR_GH_BARRACKS.TXT	28	voice	a2s8_soldier2_3.wav	SoldierTrapped2	Soldier: Turn it off!	止めるんだ	快停下！	
AR_GH_BARRACKS.TXT	29	voice	a2s8_soldier3_4.wav	SoldierTrapped3	Soldier: I can't!	だめだ！	停不下来！	
AR_GH_BARRACKS.TXT	30	voice	a2s8_soldier2_4.wav	SoldierTrapped2	Soldier: Stop the lift!  Please!	リフトを止めて お願いです	求你了，快停下升降机！	
AR_GH_BARRACKS.TXT	31	voice	a2s8_soldier3_5.wav	SoldierTrapped3	Soldier: You can't do this!	まさか そんなことを！	你怎么能这么做！	
AR_GH_BARRACKS.TXT	32	voice	a2s8_rayne4.wav	$	Rayne: You really should pay more attention to safety.  As you know, most accidents in the workplace can be prevented.	もっと安全に心掛けるべきだったわね\n事故というのはちょっとした心掛けで防げるの	你们平时应该更注意安全。\n事故这种东西，只要稍微留心就能避免。	
AR_GH_BARRACKS.TXT	34	voice	a2s8_soldier1_2.wav	Soldier1	Soldier: Sir!  With all due respect, this is a bad-	状況は 非常に悪化しております	长官，情况已经非常糟糕了。	
AR_GH_BARRACKS.TXT	35	voice	a2s8_JeepOff1.wav	JeepOff	Officer: No one asked you soldier.  Drive!	お前には何も聞いとらん\nだまってろ！	我没问你！\n闭嘴！	
AR_GH_BARRACKS.TXT	36	voice	a2s8_soldier1_3.wav	Soldier1	Soldier: Sir!  We're being shot at!	攻撃を受けております！	我们正在遭受攻击！	
AR_GH_BARRACKS.TXT	37	voice	a2s8_JeepOff2.wav	JeepOff	Officer: Stop talking and keep driving!  Go, go, go!	黙って運転するんだ！\n行け 行けー！	闭嘴开车！\n快！快！	
AR_GH_BARRACKS.TXT	39	hud	ost_alarm		The alarm has been sounded!	警報が鳴らされました！	警报已经拉响！	
AR_GH_BARRACKS.TXT	40	hud	ost_kitchenofficerisdead		Garrison Commander Ruprecht Reiner Eliminated.	指揮官ルプレクト・ライナーを抹殺した	指挥官鲁普雷希特·莱纳已被消灭	
AR_GH_BARRACKS.TXT	41	hud	ost_Barracks		Barracks	"""Barracks"""	“兵营”	
AR_GH_BARRACKS.TXT	42	hud	ost_WarRoom		War Room	"""War Room"""	“作战室”	
AR_GH_BARRACKS.TXT	43	hud	ost_Storage		Storage	"""Storage"""	“仓库”	
AR_GH_BARRACKS.TXT	44	hud	ost_Armory		Armory	"""Armory"""	“军械库”	
AR_GH_BARRACKS.TXT	45	hud	ost_Mess Hall		Mess Hall	"""Mess Hall"""	“食堂”	
AR_GH_BARRACKS.TXT	46	hud	ost_Kitchen		Kitchen	"""Kitchen"""	“厨房”	
AR_GH_BARRACKS.TXT	47	hud	ost_Security		Security	"""Security"""	“警卫室”	
AR_GH_BARRACKS.TXT	48	hud	ost_Library		Library	"""Library"""	“图书室”	
AR_GH_BARRACKS.TXT	49	hud	ost_Elevator		Elevator	"""Elevator"""	“电梯”	
AR_GH_BARRACKS.TXT	50	hud	ost_Bathroom		Bathroom	"""Bathroom"""	“浴室”	
AR_GH_BARRACKS.TXT	51	hud	ost_Equipment		Equipment Room	"""Equipment Room"""	“装备室”	
AR_GH_BARRACKS.TXT	53	hud	ost_key		Found an officer turnkey.	キーを入手した	获得钥匙	
AR_GH_BARRACKS.TXT	55	hud	ObjectiveBarracks		Eliminate Officer	G.G.G将校を抹殺せよ	消灭反幽灵小组军官	
AR_GH_BARRACKS.TXT	56	hud	ObjectiveToScienceLab		Go to the Science Lab through the Basement.	地下施設に潜入せよ	潜入地下设施	
AR_GH_BARRACKS.TXT	57	hud	ObjectiveSearch		Seek out targets in other areas.	次の任務に向え	前往下一个任务区域	
AR_GH_BARRACKS.TXT	58	hud	ObjectiveFindTurnkey		Search an officer to find a basement turnkey.	G.G.G将校の死体からキーを入手せよ	从反幽灵小组军官的尸体上取得钥匙	
AR_GH_CHAPEL.TXT	0	hud	MissionDescription		Thule Chapel	Thule Chapel	图勒礼拜堂	
AR_GH_CHAPEL.TXT	2	voice	a2s2_rayne7.wav	$	Rayne: Can't leave yet.	まだ行けないわ	现在还不能走。	
AR_GH_CHAPEL.TXT	3	voice	a2s2_rayne8.wav	$	Rayne: I haven't met all the objectives.	まだ任務が残ってる	任务还没完成。	
AR_GH_CHAPEL.TXT	4	voice	a2s2_rayne9.wav	$	Rayne: There are still targets in this area.	やり残していることがあるはずよ	我应该还有事没做完。	
AR_GH_CHAPEL.TXT	5	voice	a2s2_rayne10.wav	$	Rayne: No, I've got things to do first.	他にやることがあるはずよ	我应该还有别的事要办。	
AR_GH_CHAPEL.TXT	6	voice	a2s2_rayne11.wav	$	Rayne: No, I'm not done here.	まだやることがある	这里的事还没结束。	
AR_GH_CHAPEL.TXT	8	voice	a2s7_PAVoice2.wav	PAVoice	P.A. Voice: Code Zeus!  Repeat: Code Zeus!	コード・ゼウス！ 繰り返す\nコード・ゼウス！	宙斯警报！\n重复，宙斯警报！	
AR_GH_CHAPEL.TXT	9	voice	a2s7_PAVoice3.wav	PAVoice	P.A. Voice: Science lab security breach!  All personnel, abandon pursuit!  Report to the science lab immediately!	研究所で問題が発生！\n総員 作業を中止しただちに研究施設に直行せよ！	研究所发生事故！\n全员立刻停止作业，赶往研究设施！	
AR_GH_CHAPEL.TXT	10	voice	a2s7_PAVoice4.wav	PAVoice	P.A. Voice: Get over here NOW!  They're loose!  The Daem- aargh!	すぐ来てくれ！ 封鎖を破られた！\nデアマイツが...！	快来帮忙！封锁被突破了！\n魔蛭……！	
AR_GH_CHAPEL.TXT	11	voice	a2s7_Daemite2.wav	Daemite	Daemite: Hehehehehe.			
AR_GH_CHAPEL.TXT	12	voice	a2s7_rayne5.wav	$	Rayne: Sounds like they have their own problems.  I'm done here.	レリックを発見しても持ち出せない理由があるようだし	看来他们发现了圣物却没能带走，肯定有什么原因。	
AR_GH_CHAPEL.TXT	13	voice	a2s7_rayne6.wav	$	Rayne: I need to get into the basement.  An officer should have what I need.	地下に侵入して 調べる必要がありそうだわ	我得潜入地下查清楚。	
AR_GH_CHAPEL.TXT	14	voice	a2s7_rayne7.wav	$	Rayne: I should search an officer's body before I go.	ここには将校がもう一人残っていたわね	这里还剩一个军官没解决。	
AR_GH_CHAPEL.TXT	16	voice	a2s4_rayne1.wav	$	Rayne: What's the shovel for, Von Blut?	スコップを何に使うの フォン・ブルト？	冯·布鲁特，你拿铲子干什么？	
AR_GH_CHAPEL.TXT	17	voice	a2s4_Priest1.wav	Priest	Priest: How-?  Oh, just taking care of a collection from this morning's service.	何？\nああ これは朝の礼拝に必要なものを探そうかと思ってな	什么？\n哦，我正打算找找晨祷需要的东西。	
AR_GH_CHAPEL.TXT	18	voice	a2s4_Priest2.wav	Priest	Priest: But I might find more uses for it.	こんなものでも使い道はいろいろあるんだ	别看只是一把铲子，用处可多着呢。	
AR_GH_CHAPEL.TXT	19	voice	a2s4_rayne2.wav	$	Rayne: I can think of some myself, but they have mostly to do with your backside, preacher.	確かに\nありふれたスコップも牧師の裏の仕事には欠かせないわ	确实。\n一把普通铲子，也是牧师干脏活时少不了的工具。	
AR_GH_CHAPEL.TXT	20	voice	a2s4_Priest3.wav	Priest	Priest: You ignorant...I am a Thule High priest, not a preacher.	なんたる無知 私は牧師ではなく 大司教だぞ	真是无知！我不是普通牧师，而是大主教！	
AR_GH_CHAPEL.TXT	21	voice	a2s4_rayne4.wav	$	Rayne: Oversight on my part.  Do forgive me.  And tell me about the relic.	失礼ついでに レリックのお話などは聞かせていただけますか？	既然已经失礼了，能不能顺便给我讲讲圣物？	
AR_GH_CHAPEL.TXT	22	voice	a2s4_Priest6.wav	Priest	Priest: Ahhh, the relic...	あぁ レリックか	啊，圣物啊……	
AR_GH_CHAPEL.TXT	23	voice	a2s4_Priest7.wav	Priest	Priest: Have a seat, child.  I'll let the light shine on you.	幼子よ そこに掛けよ 光を与えん	孩子，坐下吧，我来赐予你光明。	
AR_GH_CHAPEL.TXT	24	voice	a2s4_Priest8.wav	Priest	Priest: Atlantis...	アトランティス...	亚特兰蒂斯……	
AR_GH_CHAPEL.TXT	25	voice	a2s4_Priest9.wav	Priest	Priest: ...a legendary kingdom.  A superior race with powers beyond our imagination.  An Aryan race.  Pure of blood.  Pristine.	かの地は我々の想像をはるかに超える力を持った伝説の王国で\n我ら誇り高く聖なる人種の故郷だ	那是一个拥有远超我们想象之力的传说王国，\n也是我们高贵神圣种族的故乡。	
AR_GH_CHAPEL.TXT	26	voice	a2s4_Priest10.wav	Priest	Priest: Then the kingdom was lost.  The sea reclaimed it's right.	しかしながら 王国は海に沈んだ	然而，那个王国最终沉入了海底。	
AR_GH_CHAPEL.TXT	27	voice	a2s4_Priest11.wav	Priest	Priest: Alas, we have strayed.  Over the centuries, our Aryan race has mixed with those that are impure of blood.	我が種族は 彷徨い人に身をやつし\n数世紀にも渡り 汚れし種族と血を通わせた	我族沦为四处漂泊的流浪者，\n数百年来，不得不与污秽的种族混血。	
AR_GH_CHAPEL.TXT	28	voice	a2s4_Priest12.wav	Priest	Priest: But not all is lost.  The greatest Atlantean leader, Beliar, was immortal.  His body scattered in pieces in the destruction of Atlantis.	都市は崩壊し 人々は死に絶えた\nそのとき 大いなる主ベリアルの不死身の肉体は砕かれ\n世界に霧散した	城市崩塌，人民死绝。\n就在那时，伟大的贝利亚那不死的躯体被击碎，\n散落到了世界各地。	
AR_GH_CHAPEL.TXT	29	voice	a2s4_Priest13.wav	Priest	Priest: Finally, we have located our great leader's skull.  It is here, buried deep underground.	そして 我々はついに大いなる主の頭蓋骨を\nこの地の底に見い出したのだ	而我们终于在这片土地的深处，\n找到了伟大主人的头骨。	
AR_GH_CHAPEL.TXT	30	voice	a2s4_Priest14.wav	Priest	Priest: It is the rightful property of the Aryan race.	我が種族の約束されし地よ...	那就是我族的应许之地……	
AR_GH_CHAPEL.TXT	31	voice	a2s4_rayne5.wav	$	Rayne: I'm sure you believe that.  All of it.  Everybody makes mistakes.	おめでたいお頭をお持ちで\n本気でそんな世迷言を？	你这脑袋还真够天真的。\n这种疯话，你居然当真？	
AR_GH_CHAPEL.TXT	32	voice	a2s4_Priest18.wav	Priest	Priest: You have doubts?  You question providence?	神の思し召しに疑念を抱くことなかれ	不可怀疑神的旨意！	
AR_GH_CHAPEL.TXT	33	voice	a2s4_rayne6.wav	$	Rayne: I question harebrained ideas propagated by half-wits like you.	あんたのような博識ぶった野郎の考えになら疑念があるわ	我怀疑的是你这种装腔作势的蠢货说出来的话。	
AR_GH_CHAPEL.TXT	34	voice	a2s4_Priest19.wav	Priest	Priest: Enough of your insolence.  I will prove Aryan superiority to you.	怖れを知らぬ 大馬鹿め！\n我らが誇り 見せてやる	不知恐惧的蠢货！\n我会让你见识我族的荣耀！	
AR_GH_CHAPEL.TXT	35	voice	a2s4_rayne7.wav	$	Rayne: Ever heard of overcompensation?	「誇大妄想」って言葉はご存知？	你听说过“夸大妄想”吗？	
AR_GH_CHAPEL.TXT	36	voice	a2s4_Priest20.wav	Priest	Priest: I will put an end to your impudent prattle.	生意気な口をきけないようにしてやろう	我要让你再也说不出这种狂妄的话！	
AR_GH_CHAPEL.TXT	37	voice	a2s4_rayne8.wav	$	Rayne: I don't think so.  You just won't be around to hear it anymore.	最後に口がきけなくなるのは\nあなたのほうじゃない	最后说不出话的，\n恐怕是你吧。	
AR_GH_CHAPEL.TXT	38	voice	a2s4_Priest22.wav	Priest	Priest: I'm going to splatter your brains all over the walls.	お前の脳みそを壁にぶちまけたいものだ	我真想把你的脑浆泼满整面墙！	
AR_GH_CHAPEL.TXT	39	voice	a2s4_rayne9.wav	$	Rayne: Oh, you're all talk.	あら 口は達者ね	哎呀，你也就嘴上厉害。	
AR_GH_CHAPEL.TXT	40	voice	a2s4_Priest23.wav	Priest	Priest: Contemptuous bitch!	このメス豚！	你这母猪！	
AR_GH_CHAPEL.TXT	41	voice	a2s4_Priest24.wav	Priest	Priest: Return to hell, you demon!	悪魔め 地獄に退散せよ！	恶魔，滚回地狱去！	
AR_GH_CHAPEL.TXT	42	voice	a2s4_rayne11.wav	$	Rayne: You'll have to try a little harder.  I'm still not convinced.	ホントにありがたい説教をなさるのね	您这番布道还真让人受教。	
AR_GH_CHAPEL.TXT	44	voice	a2s4_rayne12.wav	$	Rayne: It will be very warm where you're headed.	きっと地獄が気に入るわよ	你一定会喜欢地狱的。	
AR_GH_CHAPEL.TXT	45	voice	a2s4_rayne13.wav	$	Rayne: Maybe there's some paperwork on all the hogwash he's been rattling on about.	フォン・ブルトは アトランティスかベリアルの資料を持っていたかも	冯·布鲁特身上说不定有亚特兰蒂斯或贝利亚的资料。	
AR_GH_CHAPEL.TXT	47	voice	a2s4_rayne14.wav	$	Rayne: I should search more thoroughly.	もっと部屋を探索しましょう	我得再仔细搜搜这个房间。	
AR_GH_CHAPEL.TXT	49	voice	a2s4_rayne15.wav	$	Rayne: Not bad.	悪くないわ	还不错。	
AR_GH_CHAPEL.TXT	50	voice	a2s4_rayne16.wav	$	Rayne: And what do we have here: occult writings on Atlantis and Beliar.  At least he was organized.	資料があった\n結局はあの男もだれかと組む必要があったようね	找到资料了。\n看来那家伙到头来也得找人合作。	
AR_GH_CHAPEL.TXT	51	voice	a2s4_rayne17.wav	$	Rayne: Time to radio Brimstone Society.	ダークマンに報告しましょう	该向达克曼报告了。	
AR_GH_CHAPEL.TXT	53	hud	ost_thulepriestisdead		Thule High Priest Von Blut Eliminated.	フォン・ブルト大司教を抹殺した	冯·布鲁特大主教已被消灭	
AR_GH_CHAPEL.TXT	54	hud	ost_Brig		Brig	"""Brig"""	“禁闭室”	
AR_GH_CHAPEL.TXT	55	hud	ost_Chapel		Chapel	"""Chapel"""	“礼拜堂”	
AR_GH_CHAPEL.TXT	56	hud	ost_key		Found an officer turnkey.	キーを入手した	获得钥匙	
AR_GH_CHAPEL.TXT	57	hud	ost_RageAttack1		You have gained Rage Attack. Press @@bloodRageButtonName@@ and @@action1ButtonName@@ to execute a powerful Rage Attack.	レイジアタックをマスターした\nレイジアタック:@@bloodRageButtonName@@+@@action1ButtonName@@	已掌握血怒攻击\n血怒攻击：@@bloodRageButtonName@@+@@action1ButtonName@@	
AR_GH_CHAPEL.TXT	58	hud	ost_RageAttack2		Rage Attacks consume roughly one-third of your Bloodlust energy.	強力なブレード攻撃だが\nブラッドラストゲージの1/3を消耗する	这是一种强力的刀刃攻击，\n但会消耗三分之一的杀戮欲望槽。	
AR_GH_CHAPEL.TXT	61	hud	ObjectiveChapel		Eliminate Officer	G.G.G将校を抹殺せよ	消灭反幽灵小组军官	
AR_GH_CHAPEL.TXT	62	hud	ObjectiveRadio		Transmit relic information to Brimstone Society.	レリックの情報をブリムストーン・ソサエティに報告せよ	向硫磺会报告圣物情报	
AR_GH_CHAPEL.TXT	63	hud	ObjectiveSearch		Seek out targets in other areas.	次の任務に向え	前往下一个任务区域	
AR_GH_CHAPEL.TXT	64	hud	ObjectiveFindDocuments		Search Thule priest for documents.	フォン・ブルトの死体から文書を入手せよ	从冯·布鲁特的尸体上取得文件	
AR_GH_CHAPEL.TXT	65	hud	ObjectiveFindTurnkey		Search an officer to find a basement turnkey.	G.G.G将校から地下のキーを入手せよ	从反幽灵小组军官身上取得地下钥匙	
AR_GH_EXTBASE.TXT	0	hud	MissionDescription		Dante's Inferno	Dante's Inferno	但丁地狱	
AR_GH_EXTBASE.TXT	2	voice	a2s15_rayne14.wav	$	Rayne: Follow the tracks Rayne!  And...don't...look...back!	逃げるわよ！ 決して振り返っては駄目！	快逃！绝对不要回头！	
AR_GH_EXTBASE.TXT	3	voice	a2s15_rayne15.wav	$	Rayne: Get up!  Get up!	上に！　跳ぶのよ！	往上！跳！	
AR_GH_EXTBASE.TXT	4	voice	a6s1_rayne185.wav	$	Rayne: Up! Better get up!	跳んで、脱出するの！	跳出去，快逃！	
AR_GH_EXTBASE.TXT	6	voice	a2s16_soldier1_1.wav	Soldier1	Soldier: What's that noise?	いったい何の音だ？	那到底是什么声音？	
AR_GH_EXTBASE.TXT	7	voice	a2s16_Soldier2_1.wav	Soldier2	Soldier: It's coming from the mineshaft.	鉱山の方から聞こえる	是从矿山那边传来的。	
AR_GH_EXTBASE.TXT	8	voice	a2s16_Soldier3_8.wav	Soldier3	Soldier: Ahhhhh!			
AR_GH_EXTBASE.TXT	9	voice	a2s16_Soldier2_2.wav	Soldier2	Soldier: Get the hell out of here!  Shnell, mach, schnell!	撤退する急げ！	撤退！快！	
AR_GH_EXTBASE.TXT	11	hud	ObjectiveFindExit		Escape to the excavation shaft.	爆発にまきこまれる前に脱出せよ	在被爆炸波及前逃出去	
AR_GH_INTEL.TXT	0	hud	MissionDescription		Communication Breakdown	Communication Breakdown	通信中断	
AR_GH_INTEL.TXT	2	voice	a2s2_rayne7.wav	$	Rayne: Can't leave yet.	まだ行けないわ	现在还不能走。	
AR_GH_INTEL.TXT	3	voice	a2s2_rayne8.wav	$	Rayne: I haven't met all the objectives.	まだ任務が残ってる	任务还没完成。	
AR_GH_INTEL.TXT	4	voice	a2s2_rayne9.wav	$	Rayne: There are still targets in this area.	やり残していることがあるはずよ	我应该还有事没做完。	
AR_GH_INTEL.TXT	5	voice	a2s2_rayne10.wav	$	Rayne: No, I've got things to do first.	他にやることがあるはずよ	我应该还有别的事要办。	
AR_GH_INTEL.TXT	6	voice	a2s2_rayne11.wav	$	Rayne: No, I'm not done here.	まだやることがある	这里的事还没结束。	
AR_GH_INTEL.TXT	8	voice	a2s7_PAVoice2.wav	PAVoice		コード・ゼウス！ 繰り返す\nコード・ゼウス！	宙斯警报！重复，\n宙斯警报！	missing matching English key
AR_GH_INTEL.TXT	9	voice	a2s7_PAVoice3.wav	PAVoice		研究所で問題が発生！\n総員 作業を中止しただちに研究施設に直行せよ！	研究所发生事故！\n全员立刻停止作业，赶往研究设施！	missing matching English key
AR_GH_INTEL.TXT	10	voice	a2s7_PAVoice4.wav	PAVoice		すぐ来てくれ！ 封鎖を破られた！\nデアマイツが...！	快来帮忙！封锁被突破了！\n魔蛭……！	missing matching English key
AR_GH_INTEL.TXT	11	voice	a2s7_rayne5.wav	$		レリックを発見しても持ち出せない理由があるようだし	看来他们发现了圣物却没能带走，肯定有什么原因。	missing matching English key
AR_GH_INTEL.TXT	12	voice	a2s7_rayne6.wav	$		地下に潜入して\n調べる必要がありそうだわ	我得潜入地下，\n把事情查清楚。	missing matching English key
AR_GH_INTEL.TXT	13	voice	a2s7_rayne7.wav	$		ここには将校がもう一人残っていたわね	这里还剩一个军官没解决。	missing matching English key
AR_GH_INTEL.TXT	15	hud	ost_alarm		The alarm has been sounded!	The alarm has been sounded!	警报已经拉响！	
AR_GH_INTEL.TXT	16	hud	ost_explosives		Found explosives.	爆薬を入手した	获得炸药	
AR_GH_INTEL.TXT	17	hud	ost_intelofficerisdead		Major General of Intelligence J. A. Cotter Eliminated.	J・A・カッタ－情報少将を抹殺した	J·A·卡特情报少将已被消灭	
AR_GH_INTEL.TXT	18	hud	ost_commofficerisdead		Target: Comm Officer Eliminated.	Target: Comm Officer Eliminated.	目标：通信军官已被消灭	
AR_GH_INTEL.TXT	19	hud	ost_Comm Room		Comm Room	"""Comm Room"""	“通信室”	
AR_GH_INTEL.TXT	20	hud	ost_Library		Library	"""Library"""	“图书室”	
AR_GH_INTEL.TXT	21	hud	ost_Elevator		Elevator	"""Elevator"""	“电梯”	
AR_GH_INTEL.TXT	23	voice	a5s5_rayne128.wav	$	He took the battery.	彼がバッテリーを持っていったわ	他把电池拿走了。	
AR_GH_INTEL.TXT	24	voice	a5s5_rayne129.wav	$	The battery's missing.	バッテリーが見当たらない	这里没有电池。	
AR_GH_INTEL.TXT	26	voice	a6s1_rayne156.wav	$	He took the battery.	奴がバッテリーを持っていった	那家伙把电池拿走了。	
AR_GH_INTEL.TXT	27	voice	a6s1_rayne157.wav	$	The battery's missing.	バッテリーが見当たらないわ	这里没有电池。	
AR_GH_INTEL.TXT	29	voice	a2s3_IntelOff1.wav	IntelOff	Officer: Generalstabsinformationen Cotter to Science lab.  Status Report.	私はカッター情報少将だ\n研究所 状況報告を	我是卡特情报少将。\n研究所，报告情况。	
AR_GH_INTEL.TXT	30	voice	a2s3_Radiovoice1.wav	IntelOff	Radio voice: Security issues in science lab still present.	研究所は未だ安全が確保できません	研究所目前仍未确保安全。	
AR_GH_INTEL.TXT	31	voice	a2s3_IntelOff2.wav	IntelOff	Officer: Why don't you do something about it?	いったい何をもたもたしておるのだ？	你们到底还在磨蹭什么？	
AR_GH_INTEL.TXT	32	voice	a2s3_Radiovoice2.wav	IntelOff	Radio voice: We're trying sir.  The...subjects seem to be...planning something.	最善は尽くしております\nしかし 奴らの行動には\n裏がありそうです	我们已经尽力了。\n但那些家伙的行动，\n似乎另有目的。	
AR_GH_INTEL.TXT	33	voice	a2s3_IntelOff3.wav	IntelOff	Officer: That's ridiculous.  Where's Schmitt?	何をたわけとるんだ！　シュミットは？	胡说八道！施密特呢？	
AR_GH_INTEL.TXT	34	voice	a2s3_Radiovoice3.wav	IntelOff	Radio voice: I can't tell you.	それは お答えできません	这个问题我无法回答。	
AR_GH_INTEL.TXT	35	voice	a2s3_IntelOff4.wav	IntelOff	Officer: I'm your superior officer.  You tell me right now where Schmitt is.	貴様 私が誰か判っておるのか？\nさっさとシュミットの居場所を言うんだ！	你知道我是谁吗？\n马上告诉我施密特在哪里！	
AR_GH_INTEL.TXT	36	voice	a2s3_Radiovoice4.wav	IntelOff	Radio voice: I'm sorry sir, but I can't tell you.  Not because I don't want to, but because I don't know.	申し訳ありませんが お答えすることは\nできません 正直にいいますと\n現在行方不明であります	很抱歉，我无法回答。\n老实说，\n他现在下落不明。	
AR_GH_INTEL.TXT	37	voice	a2s3_IntelOff5.wav	IntelOff	Officer: Stop babbling.  Is Gegengruppenfuhrer Wulf aware of the situation?	とぼけおって まあ良い\nG.G.Gのウルフは\nこのことを知っておるのか？	还敢跟我装傻。算了。\n反幽灵小组的沃尔夫，\n知道这里的情况了吗？	
AR_GH_INTEL.TXT	38	voice	a2s3_Radiovoice5.wav	IntelOff	Radio voice: He is.	はい	知道。	
AR_GH_INTEL.TXT	39	voice	a2s3_IntelOff6.wav	IntelOff	Officer: Does this man never leave?	あの男はいったいどうするつもりなんだ	那家伙究竟打算怎么办？	
AR_GH_INTEL.TXT	40	voice	a2s3_Radiovoice6.wav	IntelOff	Radio voice: I could ask him.	聞いておきます	我去问问。	
AR_GH_INTEL.TXT	41	voice	a2s3_IntelOff7.wav	IntelOff	Officer: Don't you...just be quiet.  Stay where you are.  Man the radio.  Make sure it doesn't walk away.	そのままそこに待機しておるんだ\nいいか くれぐれも奴らを\n外に出すんではないぞ	你们留在原地待命。\n听好了，绝不能让那些东西\n跑到外面去。	
AR_GH_INTEL.TXT	42	voice	a2s3_Radiovoice7.wav	IntelOff	Radio voice: Jawohl.	了解	明白。	
AR_GH_INTEL.TXT	43	voice	a2s3_IntelOff8.wav	IntelOff	Officer: That is all.  Over and out.	以上だ 通信終了	就这样，通信结束。	
AR_GH_INTEL.TXT	45	voice	a2s3_IntelOff9.wav	IntelOff	Officer: Status Report.	報告しろ	报告情况！	
AR_GH_INTEL.TXT	46	voice	a2s3_IntelOff10.wav	IntelOff	Officer: Generalstabsinformationen Cotter to Science lab: status report.	カッター情報少将だ\n研究所 状況を報告しろ	我是卡特情报少将。\n研究所，立刻报告情况！	
AR_GH_INTEL.TXT	47	voice	a2s3_IntelOff11.wav	IntelOff	Officer: Dammit, Kassel.  This is it.  I'm writing you up this time.	カッセルの奴め この件は報告書に記録するからな	卡塞尔这个混账！我会把这件事写进报告里！	
AR_GH_INTEL.TXT	49	voice	a2s3_IntelOff12.wav	IntelOff	Officer: You!  Who are you?!  What are you doing here?	誰だお前は？ ここで何をしとる？	你是谁？在这里干什么？	
AR_GH_INTEL.TXT	50	voice	a2s3_rayne1.wav	$	Rayne: I'm hungry.  Got a minute?	ちょっと食べ物を探してたの	我只是来找点吃的。	
AR_GH_INTEL.TXT	51	voice	a2s3_IntelOff13.wav	IntelOff	Officer: You impudent bitch.  You'll get yours.  Intruder!  Alarm!  Alarm!	このアマが ふざけおって\n捕まえて 絞り上げてやる\n泣くんじゃないぞ	你这臭娘们，竟敢耍我！\n抓住你以后，我会慢慢拷问。\n到时候可别哭！	
AR_GH_INTEL.TXT	53	voice	a2s5_rayne1.wav	$	Rayne: At least I found the radio.	少なくともラジオはあったわ	至少无线电还在。	
AR_GH_INTEL.TXT	54	voice	a2s5_rayne2.wav	$	Rayne: I should contact Brimstone and let 'em know what I found out.	ブリムストーン・ソサエティに\n報告したほうがいいわね	我最好向硫磺会\n报告一下。	
AR_GH_INTEL.TXT	55	voice	a2s5_rayne3.wav	$	Rayne: Rayne to DarkMan.  Come in.	レインです ダークマン応答を	我是莱恩。达克曼，请回答。	
AR_GH_INTEL.TXT	56	voice	a2s5_Darkman1.wav	$	DarkMan: Receiving.  Go ahead.	通信終了 行け	收到，莱恩。说吧。	
AR_GH_INTEL.TXT	57	voice	a2s5_rayne4.wav	$	Rayne: I found documentation on the relic.  You were right.  They're up to something big.	レリックの資料を入手しましたが\nやはり大きな計画が進行していそうです	我拿到了圣物的资料。\n看来他们果然在推进一个大计划。	
AR_GH_INTEL.TXT	58	voice	a2s5_Darkman2.wav	$	DarkMan: Well done.  Now continue with target termination.  And try to obtain the relic.  We can't let them get to it first.	よくやった 引き続き暗殺任務とレリックの奪取に専念するんだ\nあれをG.G.Gには渡せんぞ	干得好。继续专注于暗杀任务和夺取圣物。\n绝不能让反幽灵小组得到它。	
AR_GH_INTEL.TXT	59	voice	a2s5_rayne5.wav	$	Rayne: Roger.	了解	明白。	
AR_GH_INTEL.TXT	60	voice	a2s5_Darkman3.wav	$	DarkMan: One more thing.  Destroy the communications center.  We can't have them radioing for help.  Good luck.  Over and out.	この通信終了後に 今使用している通信機を\n爆破することを忘れないように 幸運を...通信終了	这次通信结束后，别忘了炸毁\n你正在使用的通信设备。祝你好运……通信结束。	
AR_GH_INTEL.TXT	61	voice	a2s5_rayne6.wav	$	Rayne: The armory should have some explosives.	弾薬庫に行けば爆薬があるわね	弹药库里应该有炸药。	
AR_GH_INTEL.TXT	62	voice	a2s5_rayne7.wav	$	Rayne: Explosives would be nice.	やはり爆薬ね	果然是炸药。	
AR_GH_INTEL.TXT	63	voice	a2s5_DaemiteVoice1.wav	DaemiteVoice	Daemite Voice: Science Lab to Guardhouse: I will eat your face.	お前の顔をむさぼり食ってやるぞ	我要把你的脸啃下来！	
AR_GH_INTEL.TXT	64	voice	a2s5_DaemiteVoice2.wav	DaemiteVoice	Daemite Voice: Hehehehehe.			
AR_GH_INTEL.TXT	65	voice	a2s5_rayne12.wav	$	Rayne: What the-?	何なの...？	什么东西……？	
AR_GH_INTEL.TXT	67	voice	a2s5_rayne13.wav	$	Rayne: Rise and shine beautiful!	もう朝が来たのね！	天已经亮了！	
AR_GH_INTEL.TXT	68	voice	a2s5_SleepOff1.wav	SleepOff	Officer: Ha?  Who?  Who goes there?!	誰があそこへ行くんだ？	谁在那里？	
AR_GH_INTEL.TXT	69	voice	a2s5_rayne14.wav	$	Rayne: Nighty night.	おやすみなさい	晚安。	
AR_GH_INTEL.TXT	71	voice	a2s14_rayne7.wav	$	Rayne: All set...better back up.	爆薬をセット 離れましょう	炸药已经设置好了，离远点。	
AR_GH_INTEL.TXT	73	voice	a5s5_rayne81.wav	$	Rayne: Not yet.	まだだわ	还不行。	
AR_GH_INTEL.TXT	74	voice	a6s1_rayne163.wav	$	Rayne: Still too many enemies nearby.	この付近にはまだ敵がいるわ	这附近还有敌人。	
AR_GH_INTEL.TXT	76	hud	ost_key		Found an officer turnkey.	キ－を入手した	获得钥匙	
AR_GH_INTEL.TXT	77	hud	ost_GotBattery		Found the elevator power supply.	リフトのバッテリ－を入手した	获得升降机电池	
AR_GH_INTEL.TXT	78	hud	ost_PowerUp		Gained Level 5 Normal Attack.	レベル5のノ－マルアタックをマスタ－した	已掌握5级普通攻击	
AR_GH_INTEL.TXT	80	hud	ObjectiveIntel		Eliminate Officer	G.G.G将校を抹殺せよ	消灭反幽灵小组军官	
AR_GH_INTEL.TXT	81	hud	ObjectiveRadio		Transmit relic information to Brimstone Society.	レリックの情報をブリムスト－ン・ソサエティに報告せよ	向硫磺会报告圣物情报	
AR_GH_INTEL.TXT	82	hud	ObjectiveBlow		Destroy the primary communications stack.	通信施設を爆破せよ	炸毁通信设施	
AR_GH_INTEL.TXT	83	hud	ObjectiveBatteryGuy		Find the power supply for the elevator.	リフトのバッテリ－を入手せよ	取得升降机电池	
AR_GH_INTEL.TXT	84	hud	ObjectiveActivateLift		Activate the elevator.	リフトに向え	前往升降机	
AR_GH_INTEL.TXT	86	hud	ObjectiveToScienceLab		Go to the Science Lab through the Basement.	地下から研究施設に侵入せよ	从地下潜入研究设施	
AR_GH_INTEL.TXT	87	hud	ObjectiveSearch		Seek out targets in other areas.	次の任務に向え	前往下一个任务区域	
AR_GH_INTEL.TXT	88	hud	ObjectiveFindTurnkey		Search an officer to find a basement turnkey.	G.G.G将校から地下のキ－を入手せよ	从反幽灵小组军官身上取得地下钥匙	
AR_GH_INTEL.TXT	91	voice	soldier-ambient-ggg-1-1.wav	Soldier1				
AR_GH_INTEL.TXT	92	voice	Soldier-Ambient-ggg-2-1.wav	Soldier2				
AR_GH_INTEL.TXT	93	voice	soldier-ambient-ggg-1-2.wav	Soldier1				
AR_GH_INTEL.TXT	94	voice	Soldier-Ambient-ggg-2-2.wav	Soldier2				
AR_GH_INTEL.TXT	95	voice	soldier-ambient-ggg-1-3.wav	Soldier1				
AR_GH_INTEL.TXT	96	voice	Soldier-Ambient-ggg-2-4.wav	Soldier2				
AR_GH_INTEL.TXT	97	voice	Soldier-Ambient-ggg-2-6.wav	Soldier2				
AR_GH_INTEL.TXT	98	voice	soldier-ambient-ggg-1-4.wav	Soldier1				
AR_GH_INTEL.TXT	99	voice	Soldier-Ambient-ggg-2-7.wav	Soldier2				
AR_GH_INTEL.TXT	100	voice	soldier-ambient-ggg-1-5.wav	Soldier1				
AR_GH_SLAVE.TXT	0	hud	MissionDescription		Infiltration and Execution	Infiltration and Execution	潜入与处决	
AR_GH_SLAVE.TXT	2	voice	a2s2_rayne7.wav	$	Rayne: Can't leave yet.	まだ行けないわ	现在还不能走。	
AR_GH_SLAVE.TXT	3	voice	a2s2_rayne8.wav	$	Rayne: I haven't met all the objectives.	まだ任務が残ってる	任务还没完成。	
AR_GH_SLAVE.TXT	4	voice	a2s2_rayne9.wav	$	Rayne: There are still targets in this area.	やり残していることがあるはずよ	我应该还有事没做完。	
AR_GH_SLAVE.TXT	5	voice	a2s2_rayne10.wav	$	Rayne: No, I've got things to do first.	他にやることがあるはずよ	我应该还有别的事要办。	
AR_GH_SLAVE.TXT	6	voice	a2s2_rayne11.wav	$	Rayne: No, I'm not done here.	まだやることがある	这里的事还没结束。	
AR_GH_SLAVE.TXT	8	hud	OST_Phoenix		1938 - Phoenix Hotel. Five years later.	5年後...フェニックス・ホテル	五年后……凤凰酒店	
AR_GH_SLAVE.TXT	9	hud	OST_Argentina		1938 - Somewhere on the coast of Argentina.	1938年 アルゼンチン 詳細不明の場所	1938年，阿根廷，具体地点不明	
AR_GH_SLAVE.TXT	11	hud	OST_Extruded		Extruded view = @@visionExtrudedButtonName@@	Extruded view = @@visionExtrudedButtonName@@	狙击视野 = @@visionExtrudedButtonName@@	
AR_GH_SLAVE.TXT	12	hud	OST_Extruded2		Press @@moveAxis@@ to zoom in and out.  This mode is great for sniping.  Press @@turnAxis@@ to turn/look.	Press @@moveAxis@@ to zoom in and out.  This mode is great for sniping.  Press @@turnAxis@@ to turn/look.	按@@moveAxis@@放大或缩小。这个模式很适合狙击。按@@turnAxis@@转向或观察。	
AR_GH_SLAVE.TXT	13	hud	OST_Normal		Normal vision = @@visionNormalButtonName@@	ノ－マルビュ－に戻す:@@visionNormalButtonName@@を押す	返回普通视野：按@@visionNormalButtonName@@	
AR_GH_SLAVE.TXT	14	hud	OST_Dilated		You now have Dilated Perception. Press @@visionDilatedButtonName@@ to activate.	ディレイトモ－ド:@@visionDilatedButtonName@@を押す	延缓模式：按@@visionDilatedButtonName@@	
AR_GH_SLAVE.TXT	15	hud	OST_Dilated2		This slows the entire world down, making it easier for Rayne to fight hand-to-hand and allowing her to literally dodge bullets.	時間の流れを遅くすることによって\n接近戦や敵の銃弾回避に有効	通过减慢时间流速，\n可以更轻松地进行近战或躲避敌人的子弹	
AR_GH_SLAVE.TXT	16	hud	OST_FeedStrong		Rayne can only feed on stronger victims when their aura is red.	Rayne can only feed on stronger victims when their aura is red.	面对强敌时，只有当目标的灵光呈红色，莱恩才能吸血	
AR_GH_SLAVE.TXT	17	hud	OST_FeedStrong2		The aura will be red if the victim is scared, low in health, or surprised.	The aura will be red if the victim is scared, low in health, or surprised.	当目标受到惊吓、生命值较低或毫无防备时，灵光会变红	
AR_GH_SLAVE.TXT	19	voice	a2s1_Darkman1.wav	$	DarkMan: Did you get the file?	ファイルは受け取ったかね？	文件收到了吗？	
AR_GH_SLAVE.TXT	20	voice	a2s1_rayne1.wav	$	Rayne: In my hands.	ここにあります	在这里。	
AR_GH_SLAVE.TXT	21	voice	a2s1_Darkman2.wav	$	Darkman : Our sources tell us that all of these targets are in one place right now.	君のターゲット達がある場所に集結している	你的目标全都聚集在同一个地方。	
AR_GH_SLAVE.TXT	22	voice	a2s1_Darkman3.wav	$	Darkman : A huge sub bay and mining facility on the coast of Argentina.	アルゼンチンの沿岸に存在する採掘施設だ	就在阿根廷沿岸的一处采掘设施。	
AR_GH_SLAVE.TXT	23	voice	a2s1_Darkman4.wav	$	DarkMan: The Nazis have been reinforcing the base for the last fifteen years.  It's almost impossible to get in.  But we have no choice.  You're the only one we've got that can breach their defenses.	15年前から ナチスが最大級の警備を置くこの施設への潜入は不可能であった\nしかし君ならば 唯一この施設へ潜入できる可能性がある	过去十五年里，纳粹一直以最高级别的警备守卫这座设施，没人能潜入。\n但你可能是唯一有机会进去的人。	
AR_GH_SLAVE.TXT	24	voice	a2s1_Darkman5.wav	$	DarkMan: We heard rumors the Nazis are closing in on a lost relic with immense powers.  We need more information.  We're sending you to South America.	情報では ナチスは南アメリカで強大な力を有する秘宝「レリック」の発掘を急いでいるが 未確認の部分も多い	情报显示，纳粹正在南美加紧发掘一种拥有强大力量的秘宝：“圣物”。\n但还有很多情况尚未查明。	
AR_GH_SLAVE.TXT	25	voice	a2s1_Darkman6.wav	$	DarkMan: Find out what you can about this relic and report back to us.	この「レリック」についての調査と報告を命ずる	你的任务是调查这件“圣物”，并向我报告。	
AR_GH_SLAVE.TXT	26	voice	a2s1_rayne5.wav	$	Rayne: How do I contact you?	報告の手段は？	我要怎么报告？	
AR_GH_SLAVE.TXT	27	voice	a2s1_Darkman19.wav	$	DarkMan: Use the Nazi's communications center.	敵の通信施設を使え	使用敌人的通信设施。	
AR_GH_SLAVE.TXT	28	voice	a2s1_rayne6.wav	$	Rayne: Understood.	了解しました	明白。	
AR_GH_SLAVE.TXT	29	voice	a2s1_Darkman20.wav	$	DarkMan: One more thing; the Nazis have organized a special task force...	是非注意してほしいのは ナチスの秘密組織の存在だ	你还必须特别留意纳粹的一个秘密组织。	
AR_GH_SLAVE.TXT	30	voice	a2s1_Darkman21.wav	$	DarkMan: ...called the G.G.G., or Gegengeist Gruppe.	G.G.G あるいはゲゲンガイスト・グループと呼ばれている	他们叫作G.G.G，也就是反幽灵小组。	
AR_GH_SLAVE.TXT	31	voice	a2s1_rayne7.wav	$	"Rayne: ""Anti-ghost group""?"	対バケモノ部隊？	专门对付怪物的部队？	
AR_GH_SLAVE.TXT	32	voice	a2s1_Darkman22.wav	$	DarkMan: Literally, yes.	ま そんなところだ	差不多就是这么回事。	
AR_GH_SLAVE.TXT	33	voice	a2s1_Darkman23.wav	$	DarkMan: The G.G.G. was established to experiment in the occult.  Anything that could help Hitler succeed.	G.G.Gはヒトラーの野望の実現を目指し\n実験的に創設された組織で	反幽灵小组是为了实现希特勒的野心，\n以实验性质成立的组织。	
AR_GH_SLAVE.TXT	34	voice	a2s1_Darkman24.wav	$	DarkMan: Their leader and founder is Jurgen Wulf.	ジャーゲン・ウルフという男が指揮している	指挥官是一个叫尤尔根·沃尔夫的男人。	
AR_GH_SLAVE.TXT	35	voice	a2s1_Darkman25.wav	$	DarkMan: The file you have lists many G.G.G. officers and their S.S. conspirators, including Jurgen Wulf.	ウルフとG.G.Gの将校達は\n君の暗殺ファイルにリストされているはずだ	沃尔夫和反幽灵小组的军官，\n应该都列在你的暗杀档案里。	
AR_GH_SLAVE.TXT	36	voice	a2s1_Darkman26.wav	$	DarkMan: You are to eliminate all of these targets to prevent further...supernatural ambitions.	リストにある全員を抹殺し 組織が目論む超自然的野望を砕くのだ	消灭名单上的所有人，粉碎这个组织的超自然野心。	
AR_GH_SLAVE.TXT	37	voice	a2s1_Darkman27.wav	$	DarkMan: But be careful.  Members of the G.G.G. have been experimentally enhanced and are particularly dangerous.	ただし 敵は高度な戦闘訓練を受けていて 非常に危険だ\n警戒して任務に当ってくれ	不过敌人受过高级战斗训练，非常危险。\n执行任务时务必提高警惕。	
AR_GH_SLAVE.TXT	38	voice	a2s1_Darkman28.wav	$	DarkMan: Some may even be surrounded by elite G.G.G. storm troopers.	G.G.Gの特殊突撃兵が厳重警戒に当たっていることが予想される	预计反幽灵小组的特殊突击兵会进行严密警戒。	
AR_GH_SLAVE.TXT	39	voice	a2s1_Darkman29.wav	$	DarkMan: We've noted these members with a G.G.G. symbol on your list.	G.G.Gのメンバーは 暗殺ファイルに含まれている	反幽灵小组的成员都已列入暗杀档案。	
AR_GH_SLAVE.TXT	40	voice	a2s1_Darkman30.wav	$	DarkMan: Good luck.  And Rayne?  Watch yourself.	幸運を ミスレイン\n以上だ	祝你好运，莱恩小姐。\n就这些。	
AR_GH_SLAVE.TXT	42	voice	a2s2_rayne1.wav	$	Rayne: It's built right into the mountain.	山をくり貫いて建てられているわ	整座设施都是把山体挖空后建成的。	
AR_GH_SLAVE.TXT	43	voice	a2s2_rayne2.wav	$	Rayne: Hard to tell how big the place really is.	なんて大きな建物なの...	真够大的……	
AR_GH_SLAVE.TXT	44	voice	a2s2_rayne3.wav	$	Rayne: Well father, finally an ability I can use.	お父様 やっと私の力が見せられる	父亲，终于能让你见识我的力量了。	
AR_GH_SLAVE.TXT	45	voice	a2s2_rayne4.wav	$	Rayne: Next time, you bastard, I'll steal your life.	次に会う時はその命 頂くわ	下次再见时，我就要你的命。	
AR_GH_SLAVE.TXT	46	voice	a2s2_rayne5.wav	$	Rayne: But not today.  Somebody else needs my attention.	別の機会にね 先に始末する奴がいる	父亲的事以后再说。我得先解决眼前这些家伙。	
AR_GH_SLAVE.TXT	47	voice	a2s2_rayne6.wav	$	Rayne: And there's my invitation.	獲物がいっぱいいそうだけど	这里的猎物似乎不少。	
AR_GH_SLAVE.TXT	49	voice	a2s6_rayne1.wav	$	Rayne: The natives are nothing but disposable labor to the Nazis.	ナチには民間人なんて 使い捨てなわけ...	在纳粹眼里，平民不过是随时可以丢掉的消耗品……	
AR_GH_SLAVE.TXT	50	voice	a2s6_rayne2.wav	$	Rayne: But why kill them?  Some sort of uprising?	でも 殺すことはない 反乱が怖いの？	可他们又没杀光这些人。是怕引发反抗吗？	
AR_GH_SLAVE.TXT	51	voice	a2s6_Daemite1.wav	Daemite	Daemite: Hehehehehe.			
AR_GH_SLAVE.TXT	55	voice	soldier-ambient-joke-1-1.wav	Soldier1	Did I ever tell you about my uncle, the farmer?	俺のおじきの話をしたことがあったっけ？	我以前跟你讲过我叔叔的事吗？	
AR_GH_SLAVE.TXT	56	voice	soldier-ambient-joke-2-1.wav	Soldier2	No, what about your uncle the farmer?	ないよ どんな話だ	没有。什么事？	
AR_GH_SLAVE.TXT	57	voice	soldier-ambient-joke-1-2.wav	Soldier1	"Well, my uncle's a farmer and has this bull named ""Big"".  Everything about it is perfect.  Except for one thing."	おじきの農場に「ビッグ」ていう名の牛がいるんだが\nこいつ一つの欠点を除けば完璧なんだ	我叔叔的农场里有头牛，名字叫“大个子”。\n除了一个毛病，它哪儿都好。	
AR_GH_SLAVE.TXT	58	voice	soldier-ambient-joke-2-2.wav	Soldier2	Ja, what's that?	どんな欠点なんだ？	什么毛病？	
AR_GH_SLAVE.TXT	59	voice	soldier-ambient-joke-1-3.wav	Soldier1	Its eyes.  They're crossed.  My uncle knew he could win first prize at the local fair if he could only fix the Bull's eyes.	目だよ\nあれさえなけりゃ村の品評会で\n優勝だって狙えるっていうのに	它的眼睛有问题。\n要不是这双眼睛，\n它说不定能在村里的牲畜展上拿冠军。	
AR_GH_SLAVE.TXT	60	voice	soldier-ambient-joke-1-4.wav	Soldier1	He tried everything to fix it; the vet, home remedies, you name it.	おじきもそりゃ色々試したもんだが\n結局 全部失敗した	我叔叔想过不少办法，\n结果一个都没用。	
AR_GH_SLAVE.TXT	61	voice	soldier-ambient-joke-2-3.wav	Soldier2	So what did he do?	それで あきらめたのか？	那他就放弃了？	
AR_GH_SLAVE.TXT	62	voice	soldier-ambient-joke-1-5.wav	Soldier1	One day a new farmhand, who wasn't too smart, saw Big and said to my uncle:	いやいや それが ある日農場で働いてる男が\nビッグを見ておじきに言ったのさ	哪能啊。有一天，农场里的一个工人\n看了看“大个子”，对我叔叔说：	
AR_GH_SLAVE.TXT	63	voice	soldier-ambient-joke-1-6.wav	Soldier1	You want I should fix that there bull's eyes for you?	「だんな 俺が治してあげましょうか？」\nってな	“老板，要不要让我来治治它？”\n就是这么回事。	
AR_GH_SLAVE.TXT	64	voice	soldier-ambient-joke-1-7.wav	Soldier1	"My uncle said, ""you can fix it?""  To which the farmhand said:"	おじきがえらく喜んで頼むと\n男はこういった	我叔叔一听，高兴坏了，马上请他动手。\n那工人便说：	
AR_GH_SLAVE.TXT	65	voice	soldier-ambient-joke-1-8.wav	Soldier1	Sure.  You got a lead pipe?	「なら パイプを用意してくれ」	“那就给我准备一根管子。”	
AR_GH_SLAVE.TXT	66	voice	soldier-ambient-joke-2-4.wav	Soldier2	A lead pipe you said?	なぜパイプなんか？	他要管子干什么？	
AR_GH_SLAVE.TXT	67	voice	soldier-ambient-joke-1-9.wav	Soldier1	"Yeah.  Being as my uncle he tried everything, he said, ""Yeah, I guess, there's one in the shed.  I'll go get it."""	ああ おじきも妙だとは思ったそうだが\nとにかく納屋にあったパイプを取ってきた	我叔叔也觉得奇怪，\n不过还是从谷仓里拿了根管子过来。	
AR_GH_SLAVE.TXT	68	voice	soldier-ambient-joke-1-10.wav	Soldier1	He came back and handed the pipe to the farmhand.  The farmhand took the pipe and shoved it right up Big's ass.	おじきがパイプを渡すと\n男はそいつをビッグのケツの穴に\n突っ込んだんだ	我叔叔把管子递给他，\n那工人竟然把管子\n插进了“大个子”的屁股眼里。	
AR_GH_SLAVE.TXT	69	voice	soldier-ambient-joke-2-5.wav	Soldier2	Up his ass?!	ケツの穴だ？	屁股眼？	
AR_GH_SLAVE.TXT	70	voice	soldier-ambient-joke-1-11.wav	Soldier1	Yeah.  But before my uncle could even say anything, the farmhand blew into the pipe as hard as he could.  Unbelievably, the bull's eyes uncrossed!	そうよ すると 男はパイプをくわえて\n一気に空気を送り込んだ！\nそうしたら何と とたんにビッグの目が\n治っちまったのさ	对。然后那工人含住管子的另一头，\n猛地往里面吹气！\n结果你猜怎么着？“大个子”的眼睛\n一下子就恢复正常了。	
AR_GH_SLAVE.TXT	71	voice	soldier-ambient-joke-2-6.wav	Soldier2	Scheisse!	そうかよ	这样啊。	
AR_GH_SLAVE.TXT	72	voice	soldier-ambient-joke-1-12.wav	Soldier1	Wait, wait, I'm not done.  So the next day my uncle wants to take the bull to the fair since its eyes are now fixed.	待て まだあるんだよ\n目が治ったんで おじきは\n品評会にビッグを出すことにしたのさ	等等，还没讲完。\n眼睛治好后，我叔叔决定\n带“大个子”去参加牲畜展。	
AR_GH_SLAVE.TXT	73	voice	soldier-ambient-joke-1-13.wav	Soldier1	But when he and the farmhand check the bull that morning, its eyes are crossed again.	だけど品評会の日の朝 ビッグの目は\n元に戻っちまった	可到了比赛当天早上，\n“大个子”的眼睛又恢复了原样。	
AR_GH_SLAVE.TXT	74	voice	soldier-ambient-joke-1-14.wav	Soldier1	"My uncle says, ""Let me try that trick."" He takes the lead pipe, shoves it in poor Big's rump, and blows.  Nothing happens.  He tries again.  Still nothing."	おじきは 男がやってたのと\n同じようにすればいいと考えた\n自分でパイプをビッグのケツに\n突っ込むと空気を送り込んだ\nしかし なにも起こらない	我叔叔心想，只要照那工人的做法来就行。\n于是他亲手把管子\n插进“大个子”的屁股，\n然后开始往里面吹气。\n可是什么也没发生。	
AR_GH_SLAVE.TXT	75	voice	soldier-ambient-joke-1-15.wav	Soldier1	He tries one more time.  The veins in his forehead and neck bulge, his face turns red, he's blowing that hard.	おじきはあせった 顔をビッグのケツに\n近づけ 真っ赤になって何度も\n頑張ったが ダメだ	我叔叔急坏了，把脸凑到“大个子”的屁股后面，\n憋得满脸通红，一次又一次地吹，\n可还是一点用都没有。	
AR_GH_SLAVE.TXT	76	voice	soldier-ambient-joke-2-7.wav	Soldier2	Let me guess: nothing.	それで どうなったんだよ	后来呢？	
AR_GH_SLAVE.TXT	77	voice	soldier-ambient-joke-1-16.wav	Soldier1	Yeah.  So the farmhand says:	それを見て男がいった	那工人看见以后便说：	
AR_GH_SLAVE.TXT	78	voice	soldier-ambient-joke-1-17.wav	Soldier1	Here.  Let me do it.  You're doin' it wrong.	「やり方が違ってる 俺に任せてくれ」	“你的方法不对，还是交给我吧。”	
AR_GH_SLAVE.TXT	79	voice	soldier-ambient-joke-1-18.wav	Soldier1	He then proceeds to pull the pipe out, turn it around and shove it back in.  The farmhands just about to put his mouth on the filthy pipe end-	男はいきなり パイプを引き抜くと\n逆の方を突っ込み 息を吹き込んだ\nわかるか? 牛のケツに入ってた方を\nくわえたんだ	那工人突然拔出管子，\n掉了个头，又把另一端插了进去，然后开始吹气。\n明白了吗？他嘴里含着的，\n正是刚才插在牛屁股里的那一头。	
AR_GH_SLAVE.TXT	80	voice	soldier-ambient-joke-2-8.wav	Soldier2	Ugh.	あぁ	啊……	
AR_GH_SLAVE.TXT	81	voice	soldier-ambient-joke-1-19.wav	Soldier1	"-when my uncle says, ""What the hell are you doing, boy?"" and the farmhand replies:"	おじきもたまげて 「お前さん正気かね？」\nそうしたら男は...	我叔叔吓了一跳，问他：“你疯了吗？”\n结果那工人说……	
AR_GH_SLAVE.TXT	82	voice	soldier-ambient-joke-1-20.wav	Soldier1	You don't think I want your germs do ya?	「だんなから病気をもらうのはご免だよ」	“我可不想染上老板的病。”	
AR_GH_SLAVE.TXT	83	voice	soldier-ambient-joke-2-9.wav	Soldier2	Oh, Christ!	そんな 馬鹿な	开什么玩笑。	
AR_GH_SLAVE.TXT	84	voice	soldier-ambient-joke-2-10.wav	Soldier2	That didn't really happen did it?	話しを作りやがったな	这故事是你现编的吧？	
AR_GH_SLAVE.TXT	85	voice	soldier-ambient-joke-1-21.wav	Soldier1	It's a joke.	まあな	算是吧。	
AR_GH_SLAVE.TXT	86	voice	soldier-ambient-joke-2-11.wav	Soldier2	Oh ja, I heard that one before.	前にも誰かに聞いた話だけどな	不过我以前也听别人讲过。	
AR_GH_SLAVE.TXT	87	voice	soldier-ambient-joke-1-22.wav	Soldier1	Wha-?	マジ...？	真的假的……？	
AR_GH_SLAVE.TXT	90	hud	ost_officerdown		Hauptmann Braun Mekay Eliminated.	ブラウン・ミケイ大佐を抹殺した	布劳恩·米凯上校已被消灭	
AR_GH_SLAVE.TXT	92	hud	ost_Elite1		Elite soldiers can block your blade and harpoon attacks. You can identify them by their uniforms. Weaken them or attack from behind to feed on them.	G.G.G下士官は攻撃を防御する\n後ろにまわりこんで攻撃せよ\nG.G.G下士官は軍服で判断可能だ	反幽灵小组士官会格挡正面攻击。\n绕到他们身后发动攻击。\n可通过军服识别反幽灵小组士官	
AR_GH_SLAVE.TXT	94	hud	ObjectiveRecOfficer		Eliminate Officer	G.G.G将校を抹殺せよ	消灭反幽灵小组军官	
AR_GH_SLAVE.TXT	95	hud	ObjectiveToScienceLab		Go to the Science Lab through the Basement.	地下から研究施設に侵入せよ	从地下潜入研究设施	
AR_GH_SLAVE.TXT	96	hud	ObjectiveSearch		Seek out targets in other areas.	G.G.G将校を抹殺せよ	消灭反幽灵小组军官	
AR_GH_SLAVE.TXT	97	hud	ObjectiveFindTurnkey		Search an officer to find a basement turnkey.	G.G.G将校から地下のキ－を入手せよ	从反幽灵小组军官身上取得地下钥匙	
AR_GH_SLAVE.TXT	98	hud	ObjectiveSearchSub		Seek out targets in the sub bay.	ドックに侵入せよ	潜入船坞	
AR_GH_SLAVE.TXT	99	hud	ObjectiveSearchIntel		Seek out targets in the Communication Center.	通信センタ－のG.G.G将校を抹殺せよ	消灭通信中心的反幽灵小组军官	
AR_GH_SLAVE.TXT	100	hud	ObjectiveSearchBarracks		Seek out targets in the barracks.	兵舎に侵入せよ	潜入兵营	
AR_GH_SUBBAY.TXT	0	hud	MissionDescription		The Dock	The Dock	船坞	
AR_GH_SUBBAY.TXT	2	voice	a2s2_rayne7.wav	$	Rayne: Can't leave yet.	まだ行けないわ	现在还不能走。	
AR_GH_SUBBAY.TXT	3	voice	a2s2_rayne8.wav	$	Rayne: I haven't met all the objectives.	まだ任務が残ってる	任务还没完成。	
AR_GH_SUBBAY.TXT	4	voice	a2s2_rayne9.wav	$	Rayne: There are still targets in this area.	やり残していることがあるはずよ	我应该还有事没做完。	
AR_GH_SUBBAY.TXT	5	voice	a2s2_rayne10.wav	$	Rayne: No, I've got things to do first.	他にやることがあるはずよ	我应该还有别的事要办。	
AR_GH_SUBBAY.TXT	6	voice	a2s2_rayne11.wav	$	Rayne: No, I'm not done here.	まだやることがある	这里的事还没结束。	
AR_GH_SUBBAY.TXT	8	voice	a2s7_PAVoice2.wav	PAVoice	P.A. Voice: Code Zeus! Repeat: Code Zeus!	コード・ゼウス！ 繰り返す\nコード・ゼウス！	宙斯警报！重复，\n宙斯警报！	
AR_GH_SUBBAY.TXT	9	voice	a2s7_PAVoice3.wav	PAVoice	P.A. Voice: Science lab security breach!  All personnel, abandon pursuit! Report to the science lab immediately!	研究所で問題が発生！\n総員 作業を中止しただちに研究施設に直行せよ！	研究所发生事故！\n全员立刻停止作业，赶往研究设施！	
AR_GH_SUBBAY.TXT	10	voice	a2s7_PAVoice4.wav	PAVoice	P.A. Voice: Get over here now!  They're loose!  The Daem- aargh!	すぐ来てくれ！ 封鎖を破られた！\nデアマイツが...	快来帮忙！封锁被突破了！\n魔蛭……	
AR_GH_SUBBAY.TXT	11	voice	a2s7_Daemite2.wav	Daemite	Daemite: Hehehehehe.			
AR_GH_SUBBAY.TXT	12	voice	a2s7_rayne5.wav	$	Rayne: Sounds like they have their own problems.  I'm done here.	レリックを発見しても\n持ち出せない理由があるようだし	看来他们发现了圣物，\n却因为某种原因没能把它带走。	
AR_GH_SUBBAY.TXT	13	voice	a2s7_rayne6.wav	$	Rayne: I need to get into the basement.  An officer should have what I need.	地下に潜入して\n調べる必要がありそうだわ	我得潜入地下，\n把事情查清楚。	
AR_GH_SUBBAY.TXT	14	voice	a2s7_rayne7.wav	$	Rayne: I should search an officer's body before I go.	ここには将校がもう一人残っていたわね	这里还剩一个军官没解决。	
AR_GH_SUBBAY.TXT	16	voice	a2s7_PAVoice1.wav	PAVoice	P.A. Voice: Code Artemis!  Intruder Alert!  Kill on sight.  Repeat: Kill intruder on sight.	コード・アルテミス！ 侵入者に警戒せよ！\n発見次第 始末せよ！ 直ちに始末せよ！	阿耳忒弥斯警报！所有人警戒入侵者！\n一经发现，立刻处决！立即处决！	
AR_GH_SUBBAY.TXT	18	voice	a2s7_rayne1.wav	$	Rayne: One down, two left in this area.	残りはあと二人...	还剩两个……	
AR_GH_SUBBAY.TXT	19	voice	a2s7_rayne2.wav	$	Rayne: Only one to go.	あと一人ね	只剩最后一个了。	
AR_GH_SUBBAY.TXT	21	voice	a2s7_subOfficer1.wav	SubOfficer	Officer: There!  The intruder is at the dock.  Do not allow her to escape!	あそこだ！ 侵入者はドックにいるぞ\nあの女を逃がすな！	在那里！入侵者就在船坞！\n别让那个女人跑了！	
AR_GH_SUBBAY.TXT	22	voice	a2s7_subOfficer3.wav	SubOfficer	Officer: I've got something for you, little girl.	お嬢さん 君には銃弾をプレゼントする	小姐，我送你几颗子弹当礼物。	
AR_GH_SUBBAY.TXT	23	voice	a2s7_subOfficer4.wav	SubOfficer	Officer: What's wrong with you?  Kill her!  Kill her goddammit!	お前 ここで何してるんだ？\n女を始末しろ！	你们在这里干什么？\n快干掉那个女人！	
AR_GH_SUBBAY.TXT	24	voice	a2s7_subOfficer5.wav	SubOfficer	Officer: What the hell are you!?	貴様 何者なんだ？	你到底是什么人？	
AR_GH_SUBBAY.TXT	26	voice	a2s7_subOfficer6.wav	BathroomOfficer	Officer: Heinz?  Have they caught the intruder yet?	ヘインズ 侵入者はもう捕まったか？	海因斯，入侵者抓到了吗？	
AR_GH_SUBBAY.TXT	27	voice	a2s7_subOfficer7.wav	BathroomOfficer	Officer: Who's there?  I asked a question, goddamnit!	誰かいるのか？\nクソッたれめ質問に答えろ！	有人吗？\n混账，回答我的问题！	
AR_GH_SUBBAY.TXT	28	voice	a2s7_subOfficer8.wav	BathroomOfficer	Officer: Mein Gott!	どういうことだ！	这到底是怎么回事！	
AR_GH_SUBBAY.TXT	29	voice	a2s7_rayne3.wav	$	Rayne: He won't help you here.	あなたは助からないわ	你已经没救了。	
AR_GH_SUBBAY.TXT	30	voice	a2s7_subOfficer9.wav	BathroomOfficer	Officer: Intruder!  Alarm!  Alarm!	侵入者だ！　警報を鳴らせ！	有入侵者！快拉响警报！	
AR_GH_SUBBAY.TXT	32	voice	a2s7_subOfficer10.wav	PlatformOfficer	Officer: Alarm!  Execute the ambush!	警報を！　奴を追い詰めろ！	拉警报！把她逼进死路！	
AR_GH_SUBBAY.TXT	33	voice	a2s7_subOfficer11.wav	PlatformOfficer	Officer: Don't let her get up here!	女をしとめろ！	干掉那个女人！	
AR_GH_SUBBAY.TXT	34	voice	a2s7_subOfficer12.wav	PlatformOfficer	Officer: Jansen, Hermann!  Cover the catwalk.	ヤンセン ヘルマン！\nキャットウォークから援護だ！	扬森！赫尔曼！\n从猫道上提供掩护！	
AR_GH_SUBBAY.TXT	35	voice	a2s7_subOfficer13.wav	PlatformOfficer	Officer: Ready the Panzershrek.	パンツァーシュレックを使え！	用坦克杀手火箭筒！	
AR_GH_SUBBAY.TXT	36	voice	a2s7_rayne4.wav	$	Rayne: That doesn't sound good.	どうしちゃったの？	你们这是怎么了？	
AR_GH_SUBBAY.TXT	37	voice	a2s7_subOfficer14.wav	PlatformOfficer	Officer: Get me some support on the ground!  Now!	下から援護するんだ！　急げ！	从下面掩护！快！	
AR_GH_SUBBAY.TXT	38	voice	a2s7_subOfficer15.wav	PlatformOfficer	Officer: It's only a girl!  Take her down!	たかが女一人だ！　やれ！	不就是一个女人吗？快杀了她！	
AR_GH_SUBBAY.TXT	40	hud	ost_alarm		The alarm has been sounded!	警報が鳴らされた!	警报已经拉响！	
AR_GH_SUBBAY.TXT	41	hud	ost_officer1down		High Engineer Stefan Gustafson eliminated.	ステファン・グスタフソン技術将校を抹殺した	斯特凡·古斯塔夫森技术军官已被消灭	
AR_GH_SUBBAY.TXT	42	hud	ost_officer2down		Naval Lieutenant-Commander Nicholaus Reinhardt eliminated.	ニコラウス・ラインハ－ト海軍中佐を抹殺した	尼古劳斯·莱因哈特海军中佐已被消灭	
AR_GH_SUBBAY.TXT	43	hud	ost_officer3down		Lieutenant-Commander Timitheus Tischler eliminated.	ティミテウス・ティシュラ－・クライグズマリ－ンを抹殺した	蒂莫特乌斯·蒂施勒海军军官已被消灭	
AR_GH_SUBBAY.TXT	45	hud	ost_demodoor		Double-jump (@@jumpButtonName@@ + @@jumpButtonName@@) to kick open locked doors.	ドリルキック(@@jumpButtonName@@ + @@jumpButtonName@@)でロックされたドアを粉砕せよ	使用钻头踢（@@jumpButtonName@@ + @@jumpButtonName@@）粉碎上锁的门	
AR_GH_SUBBAY.TXT	47	hud	ost_Security		Security	"""Security"""	“警卫室”	
AR_GH_SUBBAY.TXT	48	hud	ost_SubBay		Sub Bay	"""Sub Bay"""	“潜艇湾”	
AR_GH_SUBBAY.TXT	49	hud	ost_BoilerRoom		Boiler Room	"""Boiler Room"""	“锅炉房”	
AR_GH_SUBBAY.TXT	50	hud	ost_Cold Storage		Cold Storage	"""Cold Storage"""	“冷藏库”	
AR_GH_SUBBAY.TXT	51	hud	ost_MessHall		Mess Hall	"""Mess Hall"""	“食堂”	
AR_GH_SUBBAY.TXT	52	hud	ost_Kitchen		Kitchen	"""Kitchen"""	“厨房”	
AR_GH_SUBBAY.TXT	53	hud	ost_CommRoom		Comm Room	"""Comm Room"""	“通信室”	
AR_GH_SUBBAY.TXT	54	hud	ost_BathRoom		Bathroom	"""Bathroom"""	“浴室”	
AR_GH_SUBBAY.TXT	56	hud	ost_key		Found an officer turnkey.	キ－を入手した	获得钥匙	
AR_GH_SUBBAY.TXT	58	hud	ost_PowerUp		Gained Level 5 Normal Attack.	レベル5のノ－マルアタックをマスタ－した	已掌握5级普通攻击	
AR_GH_SUBBAY.TXT	60	hud	ObjectiveSub1		Eliminate Officers	G.G.G将校を抹殺せよ	消灭反幽灵小组军官	
AR_GH_SUBBAY.TXT	61	hud	ObjectiveSub2		Eliminate Naval Lieutenant-Commander Nicholaus Reinhardt.	ニコラウス・ラインハ－ト海軍中佐を抹殺せよ	消灭尼古劳斯·莱因哈特海军中佐	
AR_GH_SUBBAY.TXT	62	hud	ObjectiveSub3		Eliminate Lieutenant-Commander Timitheus Tischler.	ティミテウス・ティシュラ－・クライグズマリ－ンを抹殺せよ	消灭蒂莫特乌斯·蒂施勒海军军官	
AR_GH_SUBBAY.TXT	63	hud	ObjectiveToScienceLab		Go to the Science Lab through the Basement.	地下から研究施設に潜入せよ	从地下潜入研究设施	
AR_GH_SUBBAY.TXT	64	hud	ObjectiveSearch		Seek out targets in other areas.	タ－ゲットを捜索せよ	搜寻目标	
AR_GH_SUBBAY.TXT	65	hud	ObjectiveFindTurnkey		Search an officer to find a basement turnkey.	将校からキ－を入手せよ	从军官身上取得钥匙	
AR_GH_SUBBAY.TXT	67	hud	introVo1		Argentina Coast, 1938 - Mission briefing: A splinter group of Germany's Nationalist party, the Nazis, has become obsessed with retrieving legendary artifacts of great power, in particular, the skull of a fabled and ancient demon, Beliar.	１９３８年、アルゼンチン沿岸　－　 任務概要：　ドイツ国家主義党分派のナチ党員らは、強国における伝説の由来となった秘宝の数々を収集している。とりわけかの有名な古代悪魔ベリアルの頭蓋骨へ執着をみせている。	1938年，阿根廷沿岸\n任务概要：\n德国民族主义政党的纳粹分支正在收集各种传说中的强大秘宝。\n他们尤其执着于著名古代恶魔贝利亚的头骨。	
AR_GH_SUBBAY.TXT	68	hud	introVo2		They believe the Skull lies buried deep in Argentina, and have constructed a fortress there, complete with a U-boat station and mining facility. BloodRayne, we cannot allow the Nazis to gain possession of the Skull of Beliar.	その頭蓋骨がアルゼンチンの地下深くに眠っていると確信した彼らは、Uボート・ドックと採掘場を備えた要塞を建設した。　ブラッドレイン、彼らはUボート・ドックと採掘場を備えた要塞を建設したのだ。ブラッドレイン、	他们确信那颗头骨沉睡在阿根廷地下深处，\n因此修建了一座同时配备U型潜艇船坞和采掘场的要塞。\n莱恩，你的目标就在这座要塞里。	
AR_GH_SUBBAY.TXT	69	hud	introVo3		There are three officers in command of the Nazi U-boat station. You can identify them by their uniforms. Infiltrate the station and execute them.	ナチスUボート・ドックの指揮をとっている将校３人は、制服から身元判別が可能だ。　ドックへ侵入し、彼らを抹殺しろ。	负责指挥纳粹U型潜艇船坞的三名军官，可以通过制服辨认。潜入船坞，消灭他们。	
AR_GH_WRECKED.TXT	0	hud	MissionDescription		Walls of Jericho	Walls of Jericho	耶利哥之墙	
AR_GH_WRECKED.TXT	2	voice	a2s16_soldier1_2.wav	Soldier1				
AR_GH_WRECKED.TXT	3	voice	a2s16_Soldier2_3.wav	Soldier2	Soldier: Oh God!  It hurts!  It hurts!	神様 痛いよ助けてくれ！	神啊，好痛！救救我！	
AR_GH_WRECKED.TXT	4	voice	a2s16_Soldier3_9.wav	Soldier3	Soldier: Oh...my back...	ああ！ 背中が～！	啊！我的背！	
AR_GH_WRECKED.TXT	5	voice	a2s16_rayne1.wav	$	Rayne: Ungh...I should be dead.  I wish I was.	あああ...もう死ぬわ\n死にたい...	啊啊……我要死了。\n让我死吧……	
AR_GH_WRECKED.TXT	6	voice	a2s16_soldier1_3.wav	Soldier1				
AR_GH_WRECKED.TXT	7	voice	a2s16_Soldier2_4.wav	Soldier2	Soldier: My legs!  They're broken!  Aaaaargggh!  My legs!	俺の足！ 足が折れた！ あああああ！ 足がぁ！	我的腿！我的腿断了！啊啊啊啊！我的腿！	
AR_GH_WRECKED.TXT	8	voice	a2s16_Soldier3_10.wav	Soldier3	Soldier: ...can't move...can't feel anything...	動けない...もう何も感じない...	我动不了了……已经什么都感觉不到了……	
AR_GH_WRECKED.TXT	9	voice	a2s16_rayne2.wav	$	Rayne: Hey sweetie, let me help you ease your pain.	ねえ、あなた、痛みを和らげてほしい？	喂，想让我帮你减轻痛苦吗？	
AR_GH_WRECKED.TXT	10	voice	a2s17_rayne1.wav	$	Rayne: My, you're a big one.  Mauler, I presume?	たくましい体...たしかミュラーさんね？	这身板挺结实的……你是穆勒，对吧？	
AR_GH_WRECKED.TXT	11	voice	a2s17_Mauler1.wav	Brute	Mauler: GegenGruppenFuhrer Wulf said you might come this way.	お前のことはG.G.Gのウルフから聞いていた	我从反幽灵小组的沃尔夫那里听说过你。	
AR_GH_WRECKED.TXT	12	voice	a2s17_rayne2.wav	$	Rayne: Where is that elusive jackal?  I always seem to miss him.	あの逃げ足の速いナチ野郎はどこにいるの？	那个逃得比谁都快的纳粹混账在哪里？	
AR_GH_WRECKED.TXT	13	voice	a2s17_Mauler2.wav	Brute	Mauler: Headed back to the Fatherland.	ボスはドイツに戻った	老大已经回德国了。	
AR_GH_WRECKED.TXT	14	voice	a2s17_rayne3.wav	$	Rayne: He's given up on the relic?	レリックは諦めたって？	这么说，他放弃圣物了？	
AR_GH_WRECKED.TXT	15	voice	a2s17_Mauler3.wav	Brute	Mauler: What you have is not the only relic.  Foolish little girl.  You know nothing.	レリックを諦めただと？\n馬鹿娘 何も分かっとらん	放弃圣物？\n蠢丫头，你什么都不懂。	
AR_GH_WRECKED.TXT	16	voice	a2s17_Mauler4.wav	Brute	Mauler: Just like that stupid priest.  He knows nothing but lies.	殺された変態司祭並みに分かっとらん	你跟那个被杀掉的变态祭司一样无知。	
AR_GH_WRECKED.TXT	17	voice	a2s17_Mauler5.wav	Brute	Mauler: The great Beliar is the original devil.  When Mephisto fell from heaven, he usurped Beliar.  When he couldn't destroy him, Mephisto ripped Beliar into a thousand pieces and scattered him in all directions.	冥土の土産に真実を教えてやる ベリアルは英雄じゃなく悪魔だ\nある日 天から降りたメフィストにより 殺されはしなかったが\n切り刻まれ 世界中にばら撒かれた	我就把真相当作临终礼物告诉你。贝利亚不是英雄，而是恶魔。\n有一天，从天而降的梅菲斯特虽然没能杀死他，\n却把他切成碎片，撒到了世界各地。	
AR_GH_WRECKED.TXT	18	voice	a2s17_Mauler6.wav	Brute	Mauler: No one would dare seek them out.	誰にも見つけられんだろう	没人能找到那些碎片。	
AR_GH_WRECKED.TXT	19	voice	a2s17_Mauler7.wav	Brute	Mauler: No one, that is, except Jurgen Wulf and us, his Gegengheist Gruppe.	誰にもだ ジャーゲン・ウルフと我々G・G・Gのメンバーにしか分からん	除了尤尔根·沃尔夫和我们反幽灵小组，谁都找不到。	
AR_GH_WRECKED.TXT	20	voice	a2s17_Mauler8.wav	Brute	Mauler: Do you know which relic Wulf is unearthing in castle Gaustadt right now?	ウルフは ガウスタッド城で 他のレリックを発掘してる	沃尔夫正在高施塔特城堡发掘其他圣物。	
AR_GH_WRECKED.TXT	21	voice	a2s17_Mauler9.wav	Brute	Mauler: Beliar's black seething heart.  The key to ruling the world is in our own country, and Wulf will control it.	それはベリアルの心臓だ\nもし見つかればこの世界を我々の手で治めることが出来る	那就是贝利亚的心脏。\n只要找到它，我们就能统治整个世界。	
AR_GH_WRECKED.TXT	22	voice	a2s17_rayne8.wav	$	Rayne: Yeah, we'll see about that.	そうなれば すごいわね	那可真了不起。	
AR_GH_WRECKED.TXT	23	voice	a2s17_Mauler17.wav	Brute	Mauler: Come down from there!	そこから降りて来い！	从那里给我下来！	
AR_GH_WRECKED.TXT	24	voice	a2s17_Mauler18.wav	Brute	Mauler: Scared of me?  Come and fight!	俺が怖いか？ 降りてきて戦え！	你怕我吗？下来跟我打！	
AR_GH_WRECKED.TXT	25	voice	a2s17_Mauler19.wav	Brute	Mauler: Come down so I can squash you like a bug!	降りて来い！\n虫けらのように踏み潰してやる	下来！\n我要像踩虫子一样碾死你！	
AR_GH_WRECKED.TXT	26	voice	a2s17_Mauler20.wav	Brute	Mauler: I will break you into little pieces.	お前を微塵斬りにしてやる	我要把你剁成碎片！	
AR_GH_WRECKED.TXT	27	voice	a2s17_rayne9.wav	$	Rayne: Now you did it.  You really scared me.	この人ったら 本当に恐いわね	哎呀，这位先生可真吓人。	
AR_GH_WRECKED.TXT	28	voice	a2s17_Mauler21.wav	Brute	Mauler: You can't stay up there forever!	いつまで逃げまわる気だ！	你还想逃到什么时候！	
AR_GH_WRECKED.TXT	29	voice	a2s17_rayne10.wav	$	Rayne: You're a conversational genius.  Keep it up and  you'll bore me to death.	あなたって結構お喋りなのね 退屈しなくていいわ	你还真能说。至少我不会觉得无聊。	
AR_GH_WRECKED.TXT	30	voice	a2s17_Mauler22.wav	Brute	Mauler: The time for talk is past.	お喋りはそろそろおしまいだ	闲聊到此为止！	
AR_GH_WRECKED.TXT	31	voice	a2s17_rayne11.wav	$	Rayne: Boy you're tiresome.  Guess I have no choice but to kick you till you're dead.	もう退屈しちゃったわ そろそろあんたを蹴り殺してあげましょうか	我已经开始无聊了。差不多该一脚踢死你了吧。	
AR_GH_WRECKED.TXT	32	voice	a2s17_Mauler23.wav	Brute	Mauler: Hgggh.  Ugnh.			
AR_GH_WRECKED.TXT	33	voice	a2s17_Mauler24.wav	Brute	Mauler: I can't be beat that easily.	こんな小娘ごときに...	我竟然会输给这种小丫头……	
AR_GH_WRECKED.TXT	34	voice	a2s17_rayne12.wav	$	Rayne: And wrong again.	おあいにくね	真遗憾。	
AR_GH_WRECKED.TXT	35	voice	a2s17_rayne13.wav	$	Rayne: There you are.  Payback time.	逃げる気ね 借りは返すわ	想逃是吧？这笔账我会讨回来的。	
AR_GH_WRECKED.TXT	36	voice	a2s17_rayne14.wav	$				
AR_GH_WRECKED.TXT	37	voice	a2s17_rayne15.wav	$	Rayne: That other sub's my only chance.  I've gotta sneak aboard.	あのUボートに潜り込むしかなさそうね	看来我只能潜进那艘U型潜艇了。	
AR_GH_WRECKED.TXT	38	voice	a2s17_soldier1_1.wav	Soldier1	Soldier: Christ!  What happened?	いったい どうしました？	到底出什么事了？	
AR_GH_WRECKED.TXT	39	voice	a2s17_Soldier2_1.wav	Soldier2	Soldier: Let's get the hell out of here.  Go get the others.  We'll finish loading the crates.  Now!  Hurry!	さっさと荷物を運ぶんだ 出航することになった 急げ！	赶紧把货物搬上去！我们马上就要出航，快！	
AR_GH_WRECKED.TXT	40	voice	a2s17_soldier1_2.wav	Soldier1	Soldier: Yes sir!  Right away sir!	了解！	明白！	
AR_GH_WRECKED.TXT	41	voice	a2s18_soldier1_1.wav	Soldier1	Soldier: Mein Gott! Sir!  Everyone's dead!	くそっ！　基地は 全滅しました！	该死！基地已经全军覆没了！	
AR_GH_WRECKED.TXT	42	voice	a2s18_Soldier2_1.wav	Soldier2	Soldier: Order from G.G.G. Oberscharfuhrer: unload the crates.	G・G・G上級指揮官殿の命令だ ただちに積荷を降ろせ	这是反幽灵小组高级指挥官的命令。立刻卸下货物！	
AR_GH_WRECKED.TXT	43	voice	a2s18_soldier1_2.wav	Soldier1	Soldier: Yes sir!	わかりました！	明白！	
AR_GH_WRECKED.TXT	44	voice	a2s18_rayne1.wav	$	Rayne: How did this...?!			
AR_GH_WRECKED.TXT	45	voice	a2s18_rayne2.wav	$	Rayne: New objectives and another target list.	新しい任務が追加されたようね	看来又有新任务了。	
AR_GH_WRECKED.TXT	46	voice	a2s18_rayne3.wav	$	"Rayne: ""In the preliminary G.G.G. headquarters at Falkenburg a Nazi officer has your next target list..."	「フォーケンバーグ城に 設営された仮指令所のナチス将校が\n暗殺リストを所持...	“设在福肯堡城临时指挥所的一名纳粹军官，\n持有暗杀名单……	
AR_GH_WRECKED.TXT	47	voice	a2s18_rayne4.wav	$	"Rayne: ...terminate him and obtain the file."""	...始末した後 リストを入手せよ」	……干掉他后，拿到名单。”	
AR_GH_WRECKED.TXT	49	hud	ObjectiveFindExit		Find the exit.	G.G.G採掘施設から脱出せよ	逃离反幽灵小组采掘设施	
AR_MB_BARRACKS.TXT	0	hud	MissionDescription		Death's Quarters	Death's Quarters	死亡舱室	
AR_MB_BARRACKS.TXT	2	voice	a2s9_Daemite4.wav	Daemite	Daemite: Hello?	おーい	喂——！	
AR_MB_BARRACKS.TXT	3	voice	a2s9_Daemite5.wav	Daemite	Daemite: Nazis want to come out and play?	ナチスさん 出てらっしゃい 遊びましょ	纳粹先生们，出来陪我玩啊。	
AR_MB_BARRACKS.TXT	4	voice	a2s9_Daemite6.wav	Daemite	Daemite: I'll bite.	そうしたら食べてやる	玩完以后，我再把你们吃掉。	
AR_MB_BARRACKS.TXT	5	voice	a2s9_Daemite7.wav	Daemite	Daemite: Heheheheh.			
AR_MB_BARRACKS.TXT	6	voice	a2s9_rayne6.wav	$	Rayne: Very attractive.	楽しそうじゃない	看起来挺开心嘛。	
AR_MB_BARRACKS.TXT	7	voice	a2s9_DaemiteOff1.wav	DaemiteOff	Officer: I'll wear you like lederhosen.	お前もこうしてやろうか？	要不要我也把你弄成这样？	
AR_MB_BARRACKS.TXT	8	voice	a2s9_rayne7.wav	$	Rayne: Whatever you are, you just said the wrong words.	やれるもんならやってみれば	有本事就试试看。	
AR_MB_BARRACKS.TXT	9	voice	a2s9_rayne8.wav	$	Rayne: There must be a way through.	ここは通り抜けられそう	这里好像可以穿过去。	
AR_MB_BARRACKS.TXT	10	voice	a2s9_rayne9.wav	$	Rayne: Aaaah!	ああっ！	啊！	
AR_MB_BARRACKS.TXT	11	voice	a2s9_rayne10.wav	$	Rayne: Ugly bastards.  Where'd they come from?	醜い連中ね どこから沸いたの	真丑。这些东西到底是从哪儿冒出来的？	
AR_MB_BARRACKS.TXT	12	voice	a2s9_rayne11.wav	$	Rayne: Salt water.  Of course.	海水ね 間違いない	是海水，肯定没错。	
AR_MB_BARRACKS.TXT	13	voice	a2s9_rayne12.wav	$	Rayne: The guns are useless.	銃は使えないわ	枪在这里用不了。	
AR_MB_BARRACKS.TXT	15	voice	a6s1_rayne195.wav	$	Rayne: I don't know what they were storing down there, but it gunked up my guns.	水浸し...どうしていつもこうなの？	又是一片水……为什么每次都这样？	
AR_MB_BARRACKS.TXT	16	voice	a6s1_rayne196.wav	$	Rayne: They're useless.	銃は使えないわ	枪在这里用不了。	
AR_MB_BARRACKS.TXT	18	hud	ost_daemiteofficerisdead		Brigadier General Major R. Wauher Eliminated	R・ワウハー准将を抹殺した	R·瓦乌赫准将已被消灭	
AR_MB_BARRACKS.TXT	20	hud	objectiveOfficer		Eliminate Target	G.G.G将校を抹殺せよ	消灭反幽灵小组军官	
AR_MB_BARRACKS.TXT	21	hud	objectiveToRooftop		Find East elevator and exit the Barracks.	次の任務に向え	前往下一个任务区域	
AR_MB_BARRACKS.TXT	23	hud	ost_doorcantopen		This door cannot be opened.	ここは開かない	这里打不开。	
AR_MB_BARRACKS.TXT	24	hud	ost_doorislocked		This door is locked.	カギがかかっている	门锁着。	
AR_MB_BARRACKS.TXT	25	hud	ost_blank					
AR_MB_BARRACKS.TXT	27	hud	ost_jumpharpoon		Press @@harpoonbitebuttonname@@ while jumping to execute a jump-harpoon attack.	空中からのハープーン攻撃をマスターした\n(ジャンプ中に@@harpoonbitebuttonname@@)	已掌握空中鱼叉攻击\n（跳跃时按@@harpoonbitebuttonname@@）	
AR_MB_BOILER.TXT	0	hud	MissionDescription		The Laboratory	The Laboratory	实验室	
AR_MB_BOILER.TXT	2	voice	a2s11_Daemite9.wav	Daemite	Daemite: Breathe!  Breathe!	吸いこめ！　吸い込め！	吸进去！快吸进去！	
AR_MB_BOILER.TXT	3	voice	a2s11_Daemite10.wav	Daemite	Daemite: Breathe!  Breathe!	吸え！　吸え！	吸！快吸！	
AR_MB_BOILER.TXT	4	voice	a2s11_Rayne1.wav	$				
AR_MB_BOILER.TXT	5	voice	a2s11_Daemite11.wav	Daemite	Daemite: Breathe!  Breathe!  BREATHE!	吸え！　吸え！　吸い込め！	吸！吸！把它吸进去！	
AR_MB_BOILER.TXT	6	voice	a2s11_Daemite12.wav	Daemite	Daemite: Take deep breaths.  Breathe!	深く吸うんだ！　吸え！	深吸一口！快吸！	
AR_MB_BOILER.TXT	7	voice	a2s11_Daemite13.wav	Daemite	Daemite: Take deep breaths.  TAKE DEEP BREATHS!	深く息をしろ！　深く吸い込め！	深呼吸！给我使劲吸进去！	
AR_MB_BOILER.TXT	8	voice	a2s11_Daemite14.wav	Daemite	Daemite: Work or shower.  Work or shower!  Hahahahahaha!	どうだ　シャワーは好きか？	怎么样，喜欢这场淋浴吗？	
AR_MB_BOILER.TXT	9	voice	a2s11_Rayne2.wav	$				
AR_MB_BOILER.TXT	10	voice	a2s11_Rayne3.wav	$				
AR_MB_BOILER.TXT	11	voice	a2s11_Daemite15.wav	Daemite	Daemite: Heheheh.			
AR_MB_BOILER.TXT	12	voice	a2s11_Rayne4.wav	$	Rayne: Asshole.  Time to get out of here.	クソッたれ　そっちも吸い込みな	该死，你也给我吸进去！	
AR_MB_BOILER.TXT	13	voice	a2s11_Rayne5.wav	$	Rayne: Holy shit.  What are they doing down here?	奴ら　ここで何をしてるの...	他们到底在这里干什么……	
AR_MB_BOILER.TXT	14	voice	a2s11_Rayne6.wav	$	"Rayne: You must be the mysterious ""Kommando""."	あなたが噂の変態コマンドーさんね？	你就是传闻中的变态突击队员？	
AR_MB_BOILER.TXT	15	voice	a2s11_Rayne7.wav	$	Rayne: I'm sorry.  Was I talking too fast?  Can't keep the words apart?	ひょっとして 私の喋るのが早すぎて 言葉が理解できない？	怎么，我说得太快，你听不懂吗？	
AR_MB_BOILER.TXT	16	voice	a2s11_Rayne8.wav	$	Rayne: Still thinking about the first thing I said?	変態って言われたんで怒ってるわけ？	被我叫作变态，所以生气了？	
AR_MB_BOILER.TXT	17	voice	a2s11_Rayne9.wav	$	Rayne: I'll talk slower.  Read my lips: you're dead.  Any last words?	ゆっくり話すから唇の動きを見てて\n「ぶっ殺す」返事は？	我慢点说，你看清我的嘴型。\n“宰、了、你。”听懂了吗？	
AR_MB_BOILER.TXT	18	voice	a2s11_Rayne10.wav	$	Rayne: I tried.	やってみたけど	我刚才已经试过了。	
AR_MB_BOILER.TXT	19	voice	a2s11_butcheress1.wav	none	Butcheress: Kommando, Hauptmann Eckstein, rendezvous on the roof!  Our transport will be arriving shortly.	コマンドー エクスタイン\n屋上に急行して\n移送部隊が到着するわよ	突击队员埃克施泰因，\n立刻赶往屋顶。\n转移部队即将抵达。	
AR_MB_BOILER.TXT	20	voice	a2s11_butcheress2.wav	none	Butcheress: Repeat: meet on the roof immediately.	屋上に急行し 我々と合流して	立刻赶往屋顶，与我们会合。	
AR_MB_BOILER.TXT	21	voice	a2s11_RoofOff1.wav	RoofOff	Officer: I got you now, bitch!  Prepare for a painful death.	罠に掛かったな アマ じわじわ痛めつけてやる	你中计了，臭娘们！我要慢慢折磨你！	
AR_MB_BOILER.TXT	22	voice	a2s11_Rayne11.wav	$	Rayne: Sure.  I'm ready.  Just tell me one thing.  What the hell were you guys thinking when you made those things downstairs?	死ぬ前に教えてくれる？\nあんた達は何のためにあんな煮干のバケモノを造ってるのかしら？	在我死之前，能不能告诉我？\n你们到底为什么要造出那种干瘪的怪物？	
AR_MB_BOILER.TXT	23	voice	a2s11_RoofOff2.wav	RoofOff	Officer: What's it to you?	おまえはなんだ？	你到底是什么人？	
AR_MB_BOILER.TXT	24	voice	a2s11_Rayne13.wav	$	Rayne: I'm just curious.	好奇心旺盛なの	我只是好奇心比较旺盛。	
AR_MB_BOILER.TXT	25	voice	a2s11_RoofOff3.wav	RoofOff	Officer: Well, you can't say that I don't have a heart.  We didn't make them.  We woke them up when we searched for the skull of Beliar.	造ったと言われると少しばかり語弊がある\nあれは造ったのではなく\nベリアルの頭蓋骨を捜索中に 偶然に発見した	说是“造出来的”并不准确。\n那东西不是我们制造的，\n而是我们寻找贝利亚头骨时偶然发现的。	
AR_MB_BOILER.TXT	26	voice	a2s11_RoofOff4.wav	RoofOff	Officer: The Butcher-	お嬢さん	小姐……	
AR_MB_BOILER.TXT	27	voice	a2s11_RoofOff5.wav	RoofOff	Officer: I mean the Doctor, took a special interest in them.	いや ドクター・メンゲールがその後研究を続けた	不，后来是门格勒博士继续进行了研究。	
AR_MB_BOILER.TXT	28	voice	a2s11_RoofOff6.wav	RoofOff	Officer: But everything went wrong.  We can't control them.	しかし研究は逸脱し すでに制御を失った	可研究逐渐失控，现在已经无法控制那些东西了。	
AR_MB_BOILER.TXT	29	voice	a2s11_RoofOff7.wav	RoofOff	Officer: But this is inconsequential to you.  Aufwiedersehen fraulein.	まぁ もうすぐ死んでしまうお前には 関係のない話だろうがな	不过，对马上就要死的你来说，这些也无所谓了。	
AR_MB_BOILER.TXT	30	voice	a2s11_Rayne14.wav	$				
AR_MB_BOILER.TXT	31	voice	a2s11_Rayne15.wav	$	Rayne: After you.	悪いわね	不好意思。	
AR_MB_BOILER.TXT	32	voice	a2s11_butcheress3.wav	Butcheress	Butcheress: Who the hell are you!?	あんた誰なの？	你是什么人？	
AR_MB_BOILER.TXT	33	voice	a5s1_rayne6.wav	$	Rayne: And these must be the infamous G.G.G. Elite.	悪名高いG.G.Gのエリートね	原来你就是臭名昭著的反幽灵小组精英。	
AR_MB_BOILER.TXT	34	voice	a5s1_rayne7.wav	$	Rayne: Nope, I need a control turnkey.	コントロールキーが必要ね	我需要一把控制钥匙。	
AR_MB_BOILER.TXT	35	voice	a5s1_rayne8.wav	$	Rayne: Hmmm, Kommando's sure to have a control turnkey.	うむ コマンドーがコントロールキーを\n持ってるのね	嗯……看来那个突击队员\n拿着控制钥匙。	
AR_MB_BOILER.TXT	36	voice	a5s1_rayne9.wav	$	Rayne: Kommando's turnkey should do the trick.	このキーで扉が開くはず...	这把钥匙应该能打开门……	
AR_MB_BOILER.TXT	40	hud	ost_kommandoisdead		Kommando Eliminated	コマンド－歩兵大佐を抹殺した	突击队步兵上校已被消灭	
AR_MB_BOILER.TXT	41	hud	ost_officerisdead		Major P. Eckstein Eliminated	P・エクスタイン陸軍少将	P·埃克施泰因陆军少将	
AR_MB_BOILER.TXT	42	hud	objectiveOfficer		Eliminate Officer	G.G.G将校を抹殺せよ	消灭反幽灵小组军官	
AR_MB_BOILER.TXT	43	hud	objectiveToRooftop		Find a route to the Rooftop.	屋上に向え	前往屋顶	
AR_MB_BOILER.TXT	44	hud	objectiveGas		Deactivate the alarm and poison gas.	毒ガスを排気せよ	排出毒气	
AR_MB_BOILER.TXT	45	hud	objectiveTurnkey		Find a control turnkey.	コントロ－ルキ－を入手せよ	取得控制钥匙	
AR_MB_BOILER.TXT	46	hud	objectiveBoilerDoor		Use the Kommando's control turnkey to open the door on the 3rd floor.	コントロ－ルキ－で3階のシャッタ－を開放せよ	使用控制钥匙打开三楼闸门	
AR_MB_BOILER.TXT	47	hud	objectiveKommando		Eliminate Officer	G.G.G将校を抹殺せよ	消灭反幽灵小组军官	
AR_MB_BOILER.TXT	49	hud	ost_doorcantopen		This door cannot be opened.	ここは開かない	这里打不开。	
AR_MB_BOILER.TXT	50	hud	ost_doorislocked		This door is locked.	カギがかかっている	门锁着。	
AR_MB_BOILER.TXT	51	hud	ost_blank					
AR_MB_EXCAVATION.TXT	0	hud	MissionDescription		The Mill Mile	The Mill Mile	磨坊大道	
AR_MB_EXCAVATION.TXT	2	voice	a2s13_rayne1.wav	$	Rayne: Aww, now what the hell is that!?	何なの このバケモノは？	这是什么怪物？	
AR_MB_EXCAVATION.TXT	3	voice	a2s13_rayne2.wav	$	Rayne: This way to the mine.	採掘場はこの下ね	采掘场就在下面。	
AR_MB_EXCAVATION.TXT	5	hud	objectiveToMine		Find a route to the Mine.	採掘場に侵入せよ	潜入采掘场	
AR_MB_EXCAVATION.TXT	6	hud	objectiveTurnOnCrushers		Activate Crushers.	クラッシャーを作動させろ	启动粉碎机	
AR_MB_EXCAVATION.TXT	7	hud	objectiveDestroy		Destroy all opposition.	デアマイツ・ウォーリアーを始末せよ	消灭魔蛭战士	
AR_MB_EXCAVATION.TXT	9	voice	a5s5_Rayne127.wav	$	Rayne: The battery's dead.  I need another one.	バッテリーが見当たらないわ	这里没有电池。	
AR_MB_EXCAVATION.TXT	10	voice	a5s5_Rayne130.wav	$	Rayne: Ah!  A battery.	あら バッテリーだわ	啊，找到电池了。	
AR_MB_EXCAVATION.TXT	12	hud	ost_doorcantopen		This door cannot be opened.	ここは開かない	这里打不开。	
AR_MB_EXCAVATION.TXT	13	hud	ost_doorislocked		This door is locked.	鍵がかかっている	门锁着。	
AR_MB_EXCAVATION.TXT	14	hud	ost_blank					
AR_MB_GARAGE.TXT	0	hud	MissionDescription		Lurking Underground	Lurking Underground	地下潜伏	
AR_MB_GARAGE.TXT	2	voice	a2s9_soldier1_1.wav	Soldier1	Soldier: What the hell is that!?	ありゃいったい何だ？！	那到底是什么东西！？	
AR_MB_GARAGE.TXT	3	voice	a2s9_JeepOff3.wav	JeepOff	Officer: Get away from me!	そばに来るな！	别靠近我！	
AR_MB_GARAGE.TXT	4	voice	a2s9_Daemite3.wav	Daemite	Daemite: Hehehehehehahahaha.			
AR_MB_GARAGE.TXT	5	voice	a2s9_rayne1.wav	$	Rayne: Wow, that was unexpected.	思ってたより楽に来れたわ	比我想象中顺利多了。	
AR_MB_GARAGE.TXT	6	voice	a2s9_rayne2.wav	$	Rayne: What...happened here...?	何か...おかしいわ	有什么地方……不对劲。	
AR_MB_GARAGE.TXT	7	voice	a2s9_rayne3.wav	$	Rayne: Hello?	だれかいる？	有人吗？	
AR_MB_GARAGE.TXT	8	voice	a2s9_rayne4.wav	$	Rayne: Nazis wanna come out and play?	ナチのみなさん 遊ばない？	各位纳粹，不出来陪我玩吗？	
AR_MB_GARAGE.TXT	9	voice	a2s9_rayne5.wav	$	Rayne: Come on now.  I promise I'll bite.	絶対噛まないと約束するわ	我保证绝对不咬你们。	
AR_MB_GARAGE.TXT	11	hud	objectiveToBarracks		Make your way to the Barracks.	地下兵舎に侵入せよ	潜入地下兵营	
AR_MB_GARAGE.TXT	12	hud	objectiveTurnOffAlarm		Deactivate Alarm.	警報を解除せよ	解除警报	
AR_MB_GARAGE.TXT	14	hud	ost_doorcantopen		This door cannot be opened.	ここは開かない	这里打不开。	
AR_MB_GARAGE.TXT	15	hud	ost_doorislocked		This door is locked.	鍵がかかっている	门锁着。	
AR_MB_GARAGE.TXT	16	hud	ost_blank					
AR_MB_ROOFTOP.TXT	0	hud	MissionDescription		Hell Hall	Hell Hall	地狱大厅	
AR_MB_ROOFTOP.TXT	1	hud	MissionDescription2		The Butcheress	The Butcheress	屠夫女	
AR_MB_ROOFTOP.TXT	3	voice	a2s10_native1.wav	Native	Native: Aarrgh!	ああああ！	啊啊啊啊！	
AR_MB_ROOFTOP.TXT	4	voice	a2s10_Native21.wav	Native2	Native2: No!  No!  No!  Please!  Anything but this!  Have mercy!  I beg you!	お願いだ！　やめてくれ！	求求你！住手！	
AR_MB_ROOFTOP.TXT	5	voice	a2s10_Native22.wav	Native2	Native2: Ak!	ああっ！	啊！	
AR_MB_ROOFTOP.TXT	6	voice	a2s10_native2.wav	Native	Native: Aarrgh!	ああああ！	啊啊啊啊！	
AR_MB_ROOFTOP.TXT	7	voice	a2s10_rayne1.wav	$	Rayne: That big blond bitch is one of my targets.  I wish I could get to her now.	あの巨乳のメス豚がターゲットなんて\nなんだかムカツクわね	那个大胸贱人竟然也是目标，\n真让人不爽。	
AR_MB_ROOFTOP.TXT	8	voice	a2s10_rayne2.wav	$	Rayne: Not good.	これはヤバいわ...	这下麻烦了……	
AR_MB_ROOFTOP.TXT	9	voice	a2s10_rayne3.wav	$	Rayne: This is not going to hold.  Time to run!	ここも時間の問題ね 一旦逃げましょう	这里撑不了多久了，我们先撤。	
AR_MB_ROOFTOP.TXT	10	voice	a2s10_rayne4.wav	$	Rayne: As if it wasn't bad enough.	ああ ヤバイ方向に向かってるみたい	情况好像越来越糟了。	
AR_MB_ROOFTOP.TXT	11	voice	a2s10_rayne5.wav	$	Rayne: Close one.  Run, Rayne, run!	まずいわ 急いで逃げなきゃ！	不妙，得赶快逃出去！	
AR_MB_ROOFTOP.TXT	12	voice	a2s10_Rayne6.wav	$	Rayne: I know that face...	この顔は知ってる...	这张脸我见过……	
AR_MB_ROOFTOP.TXT	13	voice	a2s10_Rayne7.wav	$	Rayne: Time to deal with that machine gunner.	いいじゃない 続けて	不错，继续。	
AR_MB_ROOFTOP.TXT	14	voice	a2s10_Rayne8.wav	$	Rayne: Think before you act, Rayne.  Long range weapons.	考えてから行動して これは長距離攻撃用よ	动手前先想清楚。这是远程攻击用的武器。	
AR_MB_ROOFTOP.TXT	15	voice	a6s1_rayne190.wav	$	Rayne: Let's see. Bad guys plus big guns and a long, narrow hall... Fuck.	大きな銃を持った悪人がいる 狭くて長い廊下ってことね...最悪	拿着重火力的坏蛋，再加上一条狭长走廊……糟透了。	
AR_MB_ROOFTOP.TXT	16	voice	a6s1_rayne191.wav	$	Rayne: I'm going to need a ranged weapon, preferably one that shoots around corners.	隅の部分も攻撃できる武器が必要だわ	我需要一把能轰到拐角后面的武器。	
AR_MB_ROOFTOP.TXT	19	voice	a2s12_butcheress4.wav	Butcheress	Butcheress: Eckstein, finally!  Where's Kommando?	エクスタイン コマンドーはどこなの？	埃克施泰因突击队员在哪里？	
AR_MB_ROOFTOP.TXT	20	voice	a2s12_Rayne1.wav	Rayne	"Rayne: Eckstein won't be answering any questions, ""Butcheress""."	エクスタインは 質問には答えられそうもないわ	看来埃克施泰因已经回答不了问题了。	
AR_MB_ROOFTOP.TXT	21	voice	a2s12_butcheress5.wav	Butcheress	Butcheress: We have something in common, you and I.  I am a direct descendant of Erzsebet Bathory.  You know the name?	私たちには共通点があるのをご存知？\n二人ともエリザベス・バスリーの子孫なの 聞いてたかしら？	你知道吗？我们其实有一个共同点。\n我们都是伊丽莎白·巴托里的后裔。你听说过她吧？	
AR_MB_ROOFTOP.TXT	22	voice	a2s12_Rayne2.wav	Rayne	"Rayne: The ""Blood Countess""."	吸血伯爵夫人の...？	血腥伯爵夫人……？	
AR_MB_ROOFTOP.TXT	23	voice	a2s12_butcheress6.wav	Butcheress	Butcheress: I had a feeling you'd recognize the name.  You should appreciate the lust for blood.	やっぱりあなたも知ってたわね だから私たち 血に飢えてるのよ	果然，你也知道她。所以我们才会如此渴望鲜血。	
AR_MB_ROOFTOP.TXT	24	voice	a2s12_Rayne3.wav	Rayne	Rayne: I don't appreciate senseless killing.  You're a monster, like those creatures down below.	一緒にしないでくれる\nあなたはここの生き物と同じ 汚いバケモノよ	别把我跟你相提并论。\n你和这里那些生物一样，都是肮脏的怪物。	
AR_MB_ROOFTOP.TXT	25	voice	a2s12_butcheress9.wav	Butcheress	"Butcheress: The natives call them ""Daemites."""	あれはデアマイツっていうのよ	它们叫魔蛭。	
AR_MB_ROOFTOP.TXT	26	voice	a2s12_soldier1_1.wav	Soldier1	Soldier: No, please doctor, not me!	お願いです やめてください ドクター！	求求您，住手吧，博士！	
AR_MB_ROOFTOP.TXT	27	voice	a2s12_soldier1_2.wav	Soldier1	Soldier: Neeeeeeeeeiiiiiiiiiinnnnnnnn!			
AR_MB_ROOFTOP.TXT	28	voice	a2s12_butcheress10.wav	Butcheress	Butcheress: This is fascinating.	素敵な響き...	真是悦耳的声音……	
AR_MB_ROOFTOP.TXT	29	voice	a2s12_butcheress11.wav	Butcheress	Butcheress: First they squeeze their soft bodies into the mouth.  They secrete digestive enzymes from their skin to eat the brain.	あの坊やたちだけど 口から人間の体に入り込み\n皮膚から消化酵素を分泌して脳を食い散らしてしまう	那些小家伙会从嘴里钻进人体，\n再从皮肤分泌消化酶，把宿主的大脑啃得一干二净。	
AR_MB_ROOFTOP.TXT	30	voice	a2s12_butcheress12.wav	Butcheress	Butcheress: The tail is inserted, rather forcefully, into the spinal column, tapping directly into the host's nervous system.	坊やたちの尻尾が宿主に納まる頃には\n完全にその神経系統を乗っ取ってしまうというわけ	等它们的尾巴完全收进宿主体内，\n宿主的神经系统也就彻底落入它们的控制了。	
AR_MB_ROOFTOP.TXT	31	voice	a2s12_butcheress13.wav	Butcheress	Butcheress: They control the host body like a puppet, seeking extremes of pleasure and pain.  Mostly the easier sensation wins out: pain.	そして 乗っ取った人間を操り 殺戮の喜びを求めて活動する\n欲望が満たされることは永遠に...ない	之后，它们会操纵宿主，四处追寻杀戮的快感。\n可那份欲望永远……都不会得到满足。	
AR_MB_ROOFTOP.TXT	32	voice	a2s12_butcheress14.wav	Butcheress	Butcheress: They also reproduce asexually in the chest cavity.	坊やたちは肺の中で 更に更に繁殖するのよ	那些小家伙还会在宿主的肺里不断繁殖。	
AR_MB_ROOFTOP.TXT	33	voice	a2s12_butcheress15.wav	Butcheress	Butcheress: Quite remarkable, really.	本当にすばらしいわ	真是太美妙了。	
AR_MB_ROOFTOP.TXT	34	voice	a2s12_Rayne4.wav	Rayne	Rayne: If you say so.  What are you going to do with them?	その坊やたちで いったい何がしたいの？	你到底想用这些小家伙干什么？	
AR_MB_ROOFTOP.TXT	35	voice	a2s12_butcheress17.wav	Butcheress	Butcheress: Let me see.  I could keep them here and feed them with my men, or I could unleash them on your country.  Tough choice.	そうね 私の忠実な僕として\nここで飼うのも\n世界中にばら撒くのもいいかも	让我想想。可以把它们养在这里，\n当作我忠实的仆人；\n也可以把它们散布到全世界。	
AR_MB_ROOFTOP.TXT	36	voice	a2s12_butcheress18.wav	Butcheress	Butcheress: Watch your step!	足元に気をつけな！	小心脚下！	
AR_MB_ROOFTOP.TXT	37	voice	a2s12_butcheress19.wav	Butcheress	Butcheress: Ha ha ha ha ha.			
AR_MB_ROOFTOP.TXT	38	voice	a2s12_butcheress20.wav	Butcheress	Butcheress: Somebody wants to meet you!	坊やたちと 仲良くおし！	跟我的小家伙们好好相处吧！	
AR_MB_ROOFTOP.TXT	39	voice	a2s12_Rayne5.wav	$	Rayne: You know, you're right.  Fascinating creatures.  I could watch them for hours.	大好きな坊やたちと仲良く暮らしていけるかしら？	不知道你能不能和自己最爱的宠物好好过日子？	
AR_MB_ROOFTOP.TXT	40	voice	a2s12_rayne6.wav	$	"Rayne: I need to find that relic and destroy these ""Daemites""."	レリックを見つけ デアマイツを一掃しなきゃ	我得找到圣物，再把魔蛭全部清掉。	
AR_MB_ROOFTOP.TXT	41	voice	a2s12_rayne7.wav	$	"Rayne: ""Feuer"" ...fire.  Nazis can be so helpful."	この焼却っていうボタンを押せばどうなる...？	按下这个写着“焚化”的按钮，会发生什么呢……？	
AR_MB_ROOFTOP.TXT	42	voice	a2s12_rayne8.wav	$	Rayne: That's more like it.	片付いたわ	全都收拾干净了。	
AR_MB_ROOFTOP.TXT	43	voice	a2s12_rayne9.wav	$	Rayne: I've gotta find a way into the mine so I can access the temple.	寺院の向こうに行くには 採掘場を抜けなきゃ	要去神庙另一边，就得先穿过采掘场。	
AR_MB_ROOFTOP.TXT	44	voice	a5s5_rayne94.wav	$	Rayne: I'm gonna feed you to your pets, bitch!	自分のペットの餌になりな バカ女！	去给你自己的宠物当饲料吧，蠢货！	
AR_MB_ROOFTOP.TXT	45	voice	a5s5_rayne95.wav	$	Rayne: You've got some nice moves.  Too bad they won't save you!	なかなかやるじゃない\nでも それじゃ私は倒せないわよ	你还挺能打的嘛。\n不过，光凭这点本事可打不倒我。	
AR_MB_ROOFTOP.TXT	46	voice	a5s5_rayne96.wav	$	Rayne: Ow!  You bitch!	ああ この馬鹿！	啊，你这个蠢货！	
AR_MB_ROOFTOP.TXT	49	hud	ost_butcheressisdead		Dr. Bathory Mengele eliminated.	Dr.バスリー・メンゲールを抹殺した	巴托里·门格勒博士已被消灭	
AR_MB_ROOFTOP.TXT	51	hud	objectiveBunker		Explore the Bunker.	監視塔に侵入せよ	潜入瞭望塔	
AR_MB_ROOFTOP.TXT	52	hud	objectiveToRooftop		Find way onto Rooftop.	屋上に向え	前往屋顶	
AR_MB_ROOFTOP.TXT	53	hud	objectiveMG		Destroy machine gun nest.	マシンガン陣地を始末せよ	摧毁机枪阵地	
AR_MB_ROOFTOP.TXT	54	hud	objectiveGrenadier		Destroy the machinegun nest.	グレネードランチャーを入手せよ	取得榴弹发射器	
AR_MB_ROOFTOP.TXT	55	hud	objectiveButcheress		Eliminate Target	Dr.バスリー・メンゲールを抹殺せよ	消灭巴托里·门格勒博士	
AR_MB_ROOFTOP.TXT	56	hud	objectiveToMine		Find route to Mine.	採掘場に向え	前往采掘场	
AR_MB_ROOFTOP.TXT	57	hud	objectiveRun		Run!	走れ!	快跑！	
AR_MB_ROOFTOP.TXT	58	hud	objectiveEnemies		Eliminate Enemy presence.	デアマイツを全て始末せよ	消灭所有魔蛭	
AR_MB_ROOFTOP.TXT	60	hud	menuforintro		Options	オプション	选项	
AR_MB_ROOFTOP.TXT	61	hud	menugotraining		Training	トレーニング	训练	
AR_MB_ROOFTOP.TXT	62	hud	menuskiptraining		Skip Training	トレーニングをスキップ	跳过训练	
AR_MB_ROOFTOP.TXT	63	hud	level4bloodrage		You have gained the ability to perform a Level 4 Bloodrage attack!	レベル4のブラッドレイジコンボをマスターした	已掌握4级血怒连击	
AR_MB_ROOFTOP.TXT	65	hud	ost_PreludeDate		1938 - Argentina	1938年アルゼンチン	1938年，阿根廷	
AR_MB_ROOFTOP.TXT	66	hud	ost_doorcantopen		This door cannot be opened.	ここは開かない	这里打不开。	
AR_MB_ROOFTOP.TXT	67	hud	ost_doorislocked		This door is locked.	鍵がかかっている	门锁着。	
AR_MB_ROOFTOP.TXT	68	hud	ost_blank					
AR_MINE_NORTH.TXT	0	hud	MissionDescription		Deep	Deep	深处	
AR_MINE_NORTH.TXT	2	hud	ost_detonate1		Picked up: Detonator.	起爆装置を入手した	已取得起爆装置	
AR_MINE_NORTH.TXT	3	hud	ost_explosive1		Picked up: Explosives.	爆薬を入手した	已取得炸药	
AR_MINE_NORTH.TXT	4	hud	ost_needExplosive		You need explosives to blast through here.	ここを爆破して通るために爆薬が必要です	需要炸药才能炸开这里并继续前进	
AR_MINE_NORTH.TXT	5	hud	ost_needDetonator		You need a detonator to set off the explosives.	爆薬をセットするために起爆装置が必要です	需要起爆装置才能设置炸药	
AR_MINE_NORTH.TXT	6	hud	ost_setExplosive		Explosive charge set.  Stand back!	爆薬をセットした	炸药已设置	
AR_MINE_NORTH.TXT	7	hud	ost_pump		Pump activated.	ポンプが作動した	水泵已启动	
AR_MINE_NORTH.TXT	8	hud	ost_flood1		This corridor is flooded.  The water pumps must be off-line.	通路が水没している\nポンプで排水する必要がある	通道已经被水淹没。\n必须用水泵排水	
AR_MINE_NORTH.TXT	9	hud	ost_flood2		This corridor is still a little flooded.  There must be another water pump.	まだ通路が水没している\n他にもポンプがあるはずだ	通道仍然被水淹没。\n应该还有其他水泵	
AR_MINE_NORTH.TXT	10	hud	ost_demoEnd		Demo complete.  Congratulations!	Demo complete.  Congratulations!	演示完成，恭喜！	
AR_MINE_NORTH.TXT	11	hud	ost_demoStart		Make your way deeper into the mine.	採掘場を進め	继续深入采掘场	
AR_MINE_NORTH.TXT	12	hud	ost_DetonatorDown		The officer dropped a detonator!	G.G.G将校の死体から起爆装置を入手せよ	从反幽灵小组军官的尸体上取得起爆装置	
AR_MINE_NORTH.TXT	14	voice	a2s14_soldier1_1.wav	Soldier1	Soldier: Set the charge!  Seal the tunnel!	爆薬を！ トンネルをふさげ！	快拿炸药把隧道封死！	
AR_MINE_NORTH.TXT	15	voice	a2s14_soldier2_1.wav	Soldier2	Soldier: What do you think I'm doing here?!	黙れ 今やってる！	闭嘴！我正在弄！	
AR_MINE_NORTH.TXT	16	voice	a2s14_Mineofficer1.wav	MineOfficer	MineOfficer: Clear!	爆破しろ！	快引爆！	
AR_MINE_NORTH.TXT	17	voice	a2s14_soldier1_2.wav	Soldier1	Soldier: Lieutenant Strosczek and his men are still back there!	ストロチェク少尉の部隊が交戦中です！	斯特罗切克少尉的部队正在交战！	
AR_MINE_NORTH.TXT	18	voice	a2s14_Mineofficer2.wav	MineOfficer	MineOfficer: They're gone, soldier.	部隊は 玉砕した	那支部队已经全灭了。	
AR_MINE_NORTH.TXT	19	voice	a2s14_Mineofficer3.wav	MineOfficer	MineOfficer: Oh no!  It's her! Fall back and regroup!	あの女だ！ ここは退却して部隊を集めろ！	是那个女人！先撤退，重新集结部队！	
AR_MINE_NORTH.TXT	20	voice	a2s14_rayne1.wav	$	Rayne: It's me alright.  Keep running.  While you can.	レイン様の登場よ 今のうちにジタバタしな	莱恩大人登场了。趁现在尽管挣扎吧。	
AR_MINE_NORTH.TXT	21	voice	a2s14_rayne2.wav	$	Rayne: The temple must be deeper in this mine.	寺院は採掘場より下ね	神庙在采掘场更深的地方。	
AR_MINE_NORTH.TXT	22	voice	a2s14_rayne3.wav	$	Rayne: The tunnel is sealed.  I need explosives and a detonator to blast my way through.	トンネルを塞ぐなんて\n爆破して 入り口を作らなきゃならないじゃない	竟然把隧道封死了。\n看来我只能炸出一个入口。	
AR_MINE_NORTH.TXT	23	voice	a2s14_rayne4.wav	$	Rayne: Dammit, no detonator.  The officer had one.	起爆装置が要る\n将校が持っていたはず	我需要起爆装置。\n刚才那个军官应该带着。	
AR_MINE_NORTH.TXT	24	voice	a2s14_rayne5.wav	$	Rayne: Just what the doctor ordered for blocked passageways.	トンネルを封鎖するためにドクターが準備したのね	看来这是博士为了封锁隧道提前准备的。	
AR_MINE_NORTH.TXT	25	voice	a2s14_rayne6.wav	$	Rayne: But first I need the detonator from that officer.	あの将校に起爆装置ももらいましょ	顺便把那个军官的起爆装置也拿过来吧。	
AR_MINE_NORTH.TXT	26	voice	a2s14_rayne7.wav	$	Rayne: All set...better back up.	爆薬をセット 離れましょう	炸药已经设置好了，离远点。	
AR_MINE_NORTH.TXT	27	voice	a2s14_soldier1_3.wav	SoldierTargetGuard1	Soldier: We're all going to die!	俺達はみんな死ぬ！	我们全都死定了！	
AR_MINE_NORTH.TXT	28	voice	a2s14_Mineofficer4.wav	MineOfficer	Officer: Hold your ground!	守りを固めろ！	加强防御！	
AR_MINE_NORTH.TXT	29	voice	a2s14_soldier2_2.wav	SoldierTargetGuard2	Soldier: They're everywhere!	至るところにいる！	到处都是它们！	
AR_MINE_NORTH.TXT	30	voice	a2s14_soldier2_3.wav	SoldierTargetGuard4	Soldier: We're doomed	絶望的だ	已经没希望了！	
AR_MINE_NORTH.TXT	31	voice	a2s14_soldier1_4.wav	SoldierTargetGuard3	Soldier: They're all over the place!	奴らで いっぱいだ！	这里全是它们！	
AR_MINE_NORTH.TXT	32	voice	a2s14_Mineofficer5.wav	Officer	Officer: Die!	死ね！	去死！	
AR_MINE_NORTH.TXT	33	voice	a2s14_rayne8.wav	$	Rayne: I need his detonator.	彼の起爆装置が要る	我需要他身上的起爆装置。	
AR_MINE_NORTH.TXT	34	voice	a2s14_rayne9.wav	$	Rayne: Got the detonator.	起爆装置よ	找到起爆装置了。	
AR_MINE_NORTH.TXT	35	voice	a2s14_rayne10.wav	$	Rayne: Now where would a girl find some demolition charges?	さて どこで爆薬が手に入るのかしら？	那么，我该去哪里找炸药呢？	
AR_MINE_NORTH.TXT	37	hud	demoIntro1		Argentina Mine, 1938 - Mission Briefing: Digging for the mythical Skull of Beliar, the Nazis have uncovered something else.  Something much, much worse: ancient parasitic life forms that feed on, and take complete control over their human hosts.	１９３８、アルゼンチン採掘場　－　任務概要：　ナチ党員は採掘の際、ベリアルの神話である頭蓋骨とは別のものを発掘した。よりはるかに有害になりえるもの：　発生源及び宿主として人間を完全に支配し寄生を行う古来の生命体。	1938年，阿根廷采掘场\n任务概要：\n纳粹在采掘过程中，除了传说中的贝利亚头骨，\n还挖出了危害更大的东西：一种古老的寄生生命体。\n它会完全控制人类宿主，并把宿主变成新的感染源。	
AR_MINE_NORTH.TXT	38	hud	demoIntro2		BloodRayne, you must scout deeper into the mining facility to discover the source of these parasites.	ブラッドレイン、この寄生動物を発見する為には、採掘場よりも深い場所の偵察が必要とされる。	莱恩，要找到这种寄生生物，你必须侦察采掘场更深处的区域。	
AR_MINE_NORTH.TXT	39	hud	demoIntro3		The mineshafts are heavily secured.  You'll need to find the Nazi munitions officer in the Northern Sector, kill him, and take the detonator he carries. Then find the right explosives to secure deeper access into the mines.	坑道は完全防備されている。ナチの武器弾薬を管理している将校を北セクターにて探し出し抹殺し、起爆装置を入手するのだ。そして的確な弾薬見つけ、更なる地下への道を確保するのだ。	坑道戒备森严。\n前往北区，找出并消灭负责管理纳粹武器弹药的军官，取得起爆装置。\n然后找到合适的炸药，打通前往更深地下的道路。	
AR_MINE_NORTH.TXT	41	hud	ObjectiveFindExplosive		Find explosives.	爆薬を入手せよ	取得炸药	
AR_MINE_NORTH.TXT	42	hud	ObjectiveFindDetonator		Find detonator.	起爆装置を入手せよ	取得起爆装置	
AR_MINE_NORTH.TXT	43	hud	ObjectiveBlast		Blast through rubble.	塞がれたトンネルを爆破せよ	炸开被堵塞的隧道	
AR_MINE_NORTH.TXT	44	hud	ObjectiveFindBoth		Find explosives and a detonator.	起爆装置と爆薬を入手せよ	取得起爆装置和炸药	
AR_MINE_NORTH.TXT	45	hud	objectiveOfficer		Eliminate Officer	G.G.G将校を抹殺せよ	消灭反幽灵小组军官	
AR_MINE_SOUTH.TXT	0	hud	MissionDescription		Deeper	Deeper	更深处	
AR_MINE_SOUTH.TXT	2	voice	a2s2_rayne7.wav	$	Rayne: Can't leave yet.	まだ行けないわ	现在还不能走。	
AR_MINE_SOUTH.TXT	3	voice	a2s2_rayne8.wav	$	Rayne: I haven't met all the objectives.	まだ任務が残ってる	任务还没完成。	
AR_MINE_SOUTH.TXT	4	voice	a2s2_rayne9.wav	$	Rayne: There are still targets in this area.	やり残していることがあるはずよ	我应该还有事没做完。	
AR_MINE_SOUTH.TXT	5	voice	a2s2_rayne10.wav	$	Rayne: No, I've got things to do first.	他にやることがあるはずよ	我应该还有别的事要办。	
AR_MINE_SOUTH.TXT	6	voice	a2s2_rayne11.wav	$	Rayne: No, I'm not done here.	まだやることがある	这里的事还没结束。	
AR_MINE_SOUTH.TXT	8	voice	a2s14_rayne7.wav	$	Rayne: All set...better back up.	爆薬をセット 離れましょう	炸药已经设置好了，离远点。	
AR_MINE_SOUTH.TXT	10	hud	ost_detonate1		Picked up: Detonator.	起爆装置を入手した	已取得起爆装置	
AR_MINE_SOUTH.TXT	11	hud	ost_explosive1		Picked up: Explosives.	爆薬を入手した	已取得炸药	
AR_MINE_SOUTH.TXT	12	hud	ost_needExplosive		You need explosives to blast through here.	ここを通過するためには\n爆薬を入手しなければならない	要通过这里，\n我必须先找到炸药。	
AR_MINE_SOUTH.TXT	13	hud	ost_needDetonator		You need a detonator to set off the explosives.	爆薬を使うためには\n起爆装置を入手しなければならない	要使用炸药，\n我必须先找到起爆装置。	
AR_MINE_SOUTH.TXT	14	hud	ost_setExplosive		Explosive charge set.  Stand back!	爆薬をセットした	炸药已设置	
AR_MINE_SOUTH.TXT	15	hud	ost_pump		Pump activated.	排水ポンプが作動した	排水泵已启动	
AR_MINE_SOUTH.TXT	17	voice	a2s14_rayne11.wav	$	Rayne: They sealed this tunnel too.  I need to clear it.	ここも塞いだのね 爆破しなきゃ	这里也被堵死了，看来得炸开。	
AR_MINE_SOUTH.TXT	18	voice	a2s14_rayne12.wav	$	Rayne: No good without a detonator.	起爆装置がいるわ	我需要起爆装置。	
AR_MINE_SOUTH.TXT	19	voice	a2s14_rayne13.wav	$	Rayne: I need his detonator.	彼の起爆装置が要る	我需要他身上的起爆装置。	
AR_MINE_SOUTH.TXT	20	voice	a2s14_rayne14.wav	$	Rayne: Got it.	やったわ	成功了。	
AR_MINE_SOUTH.TXT	21	voice	a2s14_rayne15.wav	$	Rayne: Now I just need some more demolition charges.	あとは爆薬をみつければいいのね	接下来只要找到炸药就行。	
AR_MINE_SOUTH.TXT	22	voice	a2s14_rayne16.wav	$	Rayne: Great.  Demolition charges.	よし 爆薬が手に入った	好，炸药到手了。	
AR_MINE_SOUTH.TXT	23	voice	a2s14_rayne17.wav	$	Rayne: No good without a detonator.	起爆装置がいるわ	还需要起爆装置。	
AR_MINE_SOUTH.TXT	24	voice	a2s14_rayne18.wav	$	Rayne: That looks painful.  There might be pumps to drain the water.	今度は水浸し？ ポンプで水を抜かないと進めない	这次又是一片水？不把水抽掉就过不去。	
AR_MINE_SOUTH.TXT	25	voice	a2s14_rayne19.wav	$	Rayne: Not good enough.  There should be more pumps somewhere else.	もっと水を抜かないと ポンプが足りないわ	还得继续排水。这里的水泵还不够。	
AR_MINE_SOUTH.TXT	26	voice	a2s14_soldier1_5.wav	Soldier	Soldier1: Oh my God!  They've broken through!	なんてことだ！ 入り込んできた！	怎么回事！它们闯进来了！	
AR_MINE_SOUTH.TXT	27	voice	a2s14_soldier2_4.wav	Soldier	Soldier2: Kill 'em all!  Kill 'em all!	奴らで いっぱいだ！	这里全是它们！	
AR_MINE_SOUTH.TXT	28	voice	a2s14_rayne20.wav	$	Rayne: I figured I'd see you again.  This time one of us will die.	再会できて嬉しいわ 今度こそけりをつけましょ	很高兴又见到你。这次就做个了断吧。	
AR_MINE_SOUTH.TXT	29	voice	a5s5_rayne151.wav	$	Rayne: This time, one of us will most assuredly die. And the other one's called Rayne.	今回はどちらかが死ぬことになるわ 生き残るのは 私だけど	这次我们两个总有一个要死。活下来的当然是我。	
AR_MINE_SOUTH.TXT	31	voice	a5s5_rayne86.wav	$	Rayne: Nope. I need a control turnkey.	ああ コントロールキーが要る	啊，我还需要控制钥匙。	
AR_MINE_SOUTH.TXT	32	voice	a5s5_rayne87.wav	$	Rayne: Kommando's turnkey should do the trick.	このコマンドーのキーで開くはず	这个突击队员的钥匙应该能打开。	
AR_MINE_SOUTH.TXT	34	voice	a5s5_rayne88.wav	$	Rayne: Kommando. Long time no see.	コマンドー！ お久しぶりね	突击队长，好久不见。	
AR_MINE_SOUTH.TXT	35	voice	a5s5_rayne89.wav	$	Rayne: I love what you've done with yourself.	男っぷりが上がったんじゃない？	你比以前更有男人味了嘛。	
AR_MINE_SOUTH.TXT	36	voice	a5s5_rayne90.wav	$	Rayne: You got a new haircut, and your lips are all ripped and bloody.	ヘアースタイルも血だらけの唇もセクシーよ	新发型不错，血淋淋的嘴唇也挺性感。	
AR_MINE_SOUTH.TXT	37	voice	a5s5_rayne91.wav	$	Rayne: You look fabulous.	あなた 素敵ね	你可真迷人。	
AR_MINE_SOUTH.TXT	38	voice	a5s5_rayne93.wav	$	Rayne: I guess I didn't kill you enough the first time. I won't make that mistake again.	どうやら殺し足りなかったようね 今度は手加減しないわよ	看来上次我杀得还不够彻底。这次可不会再留手了。	
AR_MINE_SOUTH.TXT	40	voice	a2s9_DaemiteOff1.wav	Kommando	Kommando: I'll wear you like lederhosen.	お前もこうしてやろうか？	要不要我也把你弄成这样？	
AR_MINE_SOUTH.TXT	42	voice	a6s1_rayne172.wav	$	Rayne: Cute. That's the first thing you've ever said to me, and I've heard it all before. You need a better come on.	可愛いことを喋ってくれたけど\nその台詞はイマイチだったわね あまり笑えない	这话倒是挺可爱。\n可惜台词差了点，不怎么好笑。	
AR_MINE_SOUTH.TXT	43	voice	a6s1_rayne173.wav	$	Rayne: This time, without a doubt, one of us will die.	今日は 私たちのどちらかが死ぬ日よ	今天，我们两个总有一个要死。	
AR_MINE_SOUTH.TXT	45	hud	ObjectiveFindTemple		Find the source of the Daemites.	デアマイツ・テンプルに侵入せよ	潜入魔蛭神庙	
AR_MINE_SOUTH.TXT	46	hud	ObjectiveActivatePump		Activate the water pump to clear the tunnel.	排水ポンプを使用せよ	使用排水泵	
AR_MINE_SOUTH.TXT	47	hud	ObjectiveFindExplosive		Find some explosives.	爆薬を入手せよ	取得炸药	
AR_MINE_SOUTH.TXT	48	hud	ObjectiveFindDetonator		Find a detonator.	起爆装置を入手せよ	取得起爆装置	
AR_MINE_SOUTH.TXT	49	hud	ObjectiveFindBoth		Find explosives and a detonator.	爆薬と起爆装置を入手せよ	取得炸药和起爆装置	
AR_MINE_SOUTH.TXT	50	hud	objectiveOfficer		Eliminate Officer	G.G.G将校を抹殺せよ	消灭反幽灵小组军官	
AR_MINE_SOUTH.TXT	51	hud	ObjectiveBlast		Blast through the barricade.	塞がれたトンネルを爆破せよ	炸开被堵塞的隧道	
AR_MINE_SOUTH.TXT	52	hud	ObjectiveFoundKey		Found a turnkey.	キ－を入手した	获得钥匙	
AR_MINE_SOUTH.TXT	53	hud	ObjectiveNeedKey		The control panel is locked.	制御装置はロックされている	控制装置已上锁	
AR_TEMPLE_1.TXT	0	hud	MissionDescription		The Temple	The Temple	神庙	
AR_TEMPLE_1.TXT	2	hud	ObjectiveFindExit		Find the temple core.	デアマイツのテンプルを捜索せよ	搜索魔蛭神庙	
AR_TEMPLE_2.TXT	0	hud	MissionDescription		Temple Guardians	Temple Guardians	神庙守卫	
AR_TEMPLE_2.TXT	2	hud	ObjectiveFindExit		Find the temple core.	テンプル中心を捜索せよ	搜索神庙中心	
AR_TEMPLE_2.TXT	3	hud	ObjectiveKillGuardians		Eliminate the three guardian daemites.	3体のデアマイツウォ－リア－を始末せよ	消灭3只魔蛭战士	
AR_TEMPLE_3.TXT	0	hud	MissionDescription		Final Ascent	Final Ascent	最后攀升	
AR_TEMPLE_3.TXT	2	hud	ObjectiveFindExit		Find the exit.	出口に向え	前往出口	
AR_TEMPLE_4.TXT	0	hud	MissionDescription		Temple Internal	Temple Internal	神庙内部	
AR_TEMPLE_4.TXT	2	hud	ObjectiveFindExit		Find the temple core.	テンプル中心を捜索せよ	搜索神庙中心	
AR_TEMPLE_5.TXT	0	hud	MissionDescription		Daemite Chamber	Daemite Chamber	魔蛭密室	
AR_TEMPLE_5.TXT	2	voice	a2s15_rayne1.wav	$	Rayne: Oh my God!	なんてこと！	我的天……	
AR_TEMPLE_5.TXT	3	voice	a2s15_rayne2.wav	$	Rayne: Too many for my taste.	私の好みじゃない	这可不是我的菜。	
AR_TEMPLE_5.TXT	4	voice	a2s15_rayne4.wav	$	Rayne: Easy Rayne.  You can do this.  Keep quiet and tread softly.	大丈夫 うまくいく\n音を立てないで静かに歩くのよ	稳住，莱恩，你能行。\n别出声，脚步放轻。	
AR_TEMPLE_5.TXT	5	voice	a2s15_rayne5.wav	$	Rayne: I'm dead.	もうだめだわ	我死定了。	
AR_TEMPLE_5.TXT	6	voice	a2s15_rayne6.wav	$	Rayne: Beliar's crystal skull!	ベリアルの水晶の頭！	贝利亚的水晶头骨！	
AR_TEMPLE_5.TXT	7	voice	a2s15_rayne7.wav	$	Rayne: That's what all the fuss is about?  A chunk of glass?	こんなガラスのために ひどく苦労させられた	折腾了半天，就为了这块玻璃？	
AR_TEMPLE_5.TXT	8	voice	a2s15_rayne8.wav	$	Rayne: Ahhhh! The skull just holds the real relic: the eye.	なるほど 頭蓋骨の中の目玉こそが レリックね	原来头骨里的那只眼睛，才是真正的圣物。	
AR_TEMPLE_5.TXT	9	voice	a2s15_rayne9.wav	$	Rayne: Yeaaaarrrgghhh!			
AR_TEMPLE_5.TXT	10	voice	a2s15_rayne10.wav	$	Rayne: Ohhhhhh shit.	ああ くそっ！	啊，该死！	
AR_TEMPLE_5.TXT	11	voice	a2s15_rayne11.wav	$	Rayne: Whoa...ugh, I...I feel...	なに この感覚は...	这是什么感觉……	
AR_TEMPLE_5.TXT	12	voice	a2s15_rayne12.wav	$	Rayne: Beliar's Eye is...it's in my head!	ベリアルの目が 私の中に！？	贝利亚之眼……在我体内！？	
AR_TEMPLE_5.TXT	13	voice	a2s15_soldier1_1.wav	Soldier1	Soldier: Kruger!  Maier!  Load that thing with explosives and blow it all to hell!	クリューガー！ マイヤー！\n爆薬をセットして 全て吹き飛ばしてしまえ！	克鲁格！迈耶！\n设置炸药，把这里的一切全炸飞！	
AR_TEMPLE_5.TXT	14	voice	a2s15_soldier1_2.wav	Soldier1	Soldier: Hurry! Hurry! Load it up!	急げ！ 急げ！	快！快点！	
AR_TEMPLE_5.TXT	15	voice	a2s15_Soldier2_1.wav	Soldier2	Soldier: More explosives! We need more!	もっと爆薬はないのか？	还有更多炸药吗？	
AR_TEMPLE_5.TXT	16	voice	a2s15_Soldier3_6.wav	Soldier3	Soldier: Oh God, oh God!	これは...やばいぞ！	这……不妙啊！	
AR_TEMPLE_5.TXT	17	voice	a2s15_soldier1_3.wav	Soldier1	Soldier: We don't have time!	時間がない！ 早くしろ！	没时间了！快点！	
AR_TEMPLE_5.TXT	18	voice	a2s15_Soldier3_7.wav	Soldier3	Soldier: Cut it loose!  Now! Blow them up!	来たぞ！ いまだ 吹き飛ばせ！	它来了！就是现在，快引爆！	
AR_TEMPLE_5.TXT	19	voice	a2s15_rayne13.wav	$	Rayne: Time to go!	ああ 死にな	啊，去死吧。	
AR_TEMPLE_5.TXT	21	hud	OST_Extruded		Extruded view = @@visionExtrudedButtonName@@	スナイパービュー：@@visionExtrudedButtonName@@	狙击视野：@@visionExtrudedButtonName@@	
AR_TEMPLE_5.TXT	22	hud	OST_Extruded2		Press @@moveAxis@@ to zoom in and out.  This mode is great for sniping.  Press @@turnAxis@@ to turn/look.	スナイパービューは狙撃に有効なモードだ\n視界の倍率変更:@@moveAxis@@\n照準操作:@@turnAxis@@	狙击视野适合进行远距离狙击。\n调整视野倍率：@@moveAxis@@\n控制瞄准方向：@@turnAxis@@	
AR_TEMPLE_5.TXT	23	hud	OST_Normal		Normal vision = @@visionNormalButtonName@@	ノ－マルビジョンに戻す:@@visionNormalButtonName@@	返回普通视野：@@visionNormalButtonName@@	
AR_TEMPLE_5.TXT	24	hud	OST_Dilated		Enter Dilated Perception by pressing @@visionDilatedButtonName@@	ディレイトモ－ド：@@visionAuraButtonName@@	延缓模式：@@visionAuraButtonName@@	
AR_TEMPLE_5.TXT	25	hud	OST_Dilated2		This slows the entire world down, making it easier for Rayne to fight hand-to-hand and allowing her to literally dodge bullets.	ディレイトモードは周囲の時間を遅くし\n接近戦や銃弾回避を容易にするモードだ	延缓模式会放慢周围的时间，\n使近战和躲避子弹变得更加容易	
AR_TEMPLE_5.TXT	27	hud	ObjectiveFindSkull		Find the Skull of Beliar.	ベリアルの骸骨を入手せよ	取得贝利亚的头骨	
AR_TEMPLE_5.TXT	28	hud	ObjectiveFindExit		Destroy the temple and exit.	デアマイツのテンプルを爆破せよ	炸毁魔蛭神庙	
DE_C1BROKENFRONT_A.TXT	0	hud	ost_officer1		2nd Lieutenant of Infantry David Von Haber: Eliminated.	D・フォン・ヘ－バ－歩兵少尉を抹殺した	D·冯·赫伯步兵少尉已被消灭	
DE_C1BROKENFRONT_A.TXT	1	hud	ost_officer2		Colonel Heinrich Eberhard: Eliminated.	ハインリッヒ・エバハ－ド大佐を抹殺した	海因里希·埃伯哈德上校已被消灭	
DE_C1BROKENFRONT_A.TXT	2	hud	ost_officer6		Lieutenant-Colonel Andreas Zahl: Eliminated.	アンドレアス・ザヒ中佐を抹殺した	安德烈亚斯·扎希中佐已被消灭	
DE_C1BROKENFRONT_A.TXT	3	hud	ost_objective		Eliminate Officers	G.G.G将校を抹殺せよ	消灭反幽灵小组军官	
DE_C1BROKENFRONT_A.TXT	4	hud	ost_door		This door cannot be opened.	ここは開かない	这里打不开。	
DE_C1BROKENFRONT_A.TXT	5	voice	a1s0_Rayne17c.wav	none	Rayne: Nope, not done here.	まだやり残した仕事がある	还有事情没做完。	
DE_C1BROKENFRONT_A.TXT	6	voice	a1s0_Rayne18a.wav	none	Rayne: I'm done there.	ここはもういい	这里已经没事了。	
DE_C1BROKENFRONT_A.TXT	7	voice	a3s1_rayne1.wav	none	Rayne: Castle Gaustadt.  A place where nightmares are born.  Vampires have called this place home for centuries.	ガウスタッド城\nここは何世紀もの間 ヴァンパイアの聖地として栄えた場所...	高施塔特城堡。\n数百年来，这里一直是吸血鬼繁盛的圣地……	
DE_C1BROKENFRONT_A.TXT	8	voice	a3s1_rayne2.wav	none	Rayne: But now the Germans have put up an eviction notice.  They've made some progress, but the creatures they're up against are monsters even amongst vampires.	ドイツ軍は この私達の聖地を奪っただけではなく\nここで凶暴で醜いバケモノを作り出した	德军不但夺走了我们的圣地，\n还在这里制造出了凶暴丑陋的怪物。	
DE_C1BROKENFRONT_A.TXT	9	voice	a3s1_rayne3.wav	none	Rayne: An ancient breed of vampire, cut off from the world, where in isolation, they evolved into perfect killers.	ヴァンパイアの血を引く殺人兵器の制御に失敗したドイツ軍は\n逆に反撃を受けている	德军没能控制这些拥有吸血鬼血统的杀人兵器，\n反而遭到了它们的反击。	
DE_C1BROKENFRONT_A.TXT	10	voice	a3s1_rayne4.wav	none	Rayne: Daylight is fading fast.  And with it any advantage the Nazis might have had.	日が暮れてしまった今\n彼等は思う存分に暴れるはず	现在天已经黑了，\n它们应该会尽情大闹一场。	
DE_C1BROKENFRONT_A.TXT	11	voice	a3s1_rayne5.wav	none	Rayne: I have a new target list from the Brimstone Society.  And an official objective to stop Wulf.	新しい任務は ウルフの暗殺とG.G.Gの計画の阻止だ	我的新任务是暗杀沃尔夫，并阻止反幽灵小组的计划。	
DE_C1BROKENFRONT_A.TXT	12	voice	a3s1_rayne6.wav	none	Rayne: Wulf already has Beliar's teeth, ribs, a hand, and an eye.  Now he's after the black heart, hidden somewhere in this castle.	ウルフは ベリアルの牙、あばら、腕、目を手に入れた\n残る心臓は ガウスタッド城に隠されているはず...	沃尔夫已经拿到了贝利亚的牙、肋骨、手和眼睛。\n剩下的心脏应该就藏在高施塔特城堡……	
DE_C1BROKENFRONT_A.TXT	13	voice	a3s1_rayne7.wav	none	Rayne: He wants to wake Beliar in himself.  Beliar.  A demon.  A devil.  Maybe even the devil.	ウルフの目的は ベリアルを復活させる事だわ\nベリアルこそが 完全なる悪魔だもの	沃尔夫的目的是复活贝利亚。\n毕竟，贝利亚是个彻头彻尾的恶魔。	
DE_C1BROKENFRONT_A.TXT	14	voice	a3s1_rayne8.wav	none	Rayne: Wulf can't control this kind of power.  If Beliar is woken, we're all in big trouble.	もし ウルフがベリアルを制御できれば\n世界は間違いなく破滅する	如果沃尔夫能够控制贝利亚，\n这个世界毫无疑问会毁灭。	
DE_C1BROKENFRONT_A.TXT	15	voice	a3s1_rayne9.wav	none	Rayne: Wulf.  Remember, five years ago in Louisiana?  You almost killed me.	ウルフ ５年前ルイジアナで殺されかけた\nあの借りを...	沃尔夫，五年前在路易斯安那，你差点杀了我。\n那笔账……	
DE_C1BROKENFRONT_A.TXT	16	voice	a3s1_rayne10.wav	none	Rayne: I intend to pay you back...	しっかりお返しするわ	我会好好还给你。	
DE_C1BROKENFRONT_A.TXT	17	voice	a3s1_rayne11.wav	none	Rayne: ...with interest.	利子をつけてね	连本带利。	
DE_C1BROKENFRONT_A.TXT	18	voice	a3s1_soldier1_1.wav	SoldierIntro0	Guard: Papers.  Let me see your papers.	通行証を見せてもらおう	把通行证拿出来。	
DE_C1BROKENFRONT_A.TXT	19	voice	a3s1_soldier1_2.wav	SoldierIntro0	Guard: Danke.  Drive through.	よろしい 通れ	可以，过去吧。	
DE_C1BROKENFRONT_A.TXT	20	voice	a3s1_rayne12.wav	none	Rayne: Thanks for the ride, fucko.	お粗末な警備だこと	这警备也太寒酸了。	
DE_C1BROKENFRONT_A.TXT	21	voice	a3s1_rayne13.wav	$	Rayne: The sun hasn't set yet.  I'm going to get more than sunburned if I stay in the open.	まだ太陽は昇っていないけど グズグズすると日焼じゃ済まないわね	太阳还没升起来，不过再磨蹭下去，等它出来可就不只是晒伤了。	
DE_C1BROKENFRONT_A.TXT	22	voice	a3s1_soldier1_3.wav	MGNestSoldier1	Soldier 1: When did you get here?	いつここに？	你什么时候到这里的？	
DE_C1BROKENFRONT_A.TXT	23	voice	a3s1_Soldier2_1.wav	MGNestSoldier2	Soldier 2: When did I get where?	何処から来たのかって？	你是问我从哪儿来？	
DE_C1BROKENFRONT_A.TXT	24	voice	a3s1_soldier1_4.wav	MGNestSoldier1	Soldier 1: Here.	いつだ？	我问你什么时候来的。	
DE_C1BROKENFRONT_A.TXT	25	voice	a3s1_Soldier2_2.wav	MGNestSoldier2	Soldier 2: I just got here.	ちょっと前だよ	就刚才。	
DE_C1BROKENFRONT_A.TXT	26	voice	a3s1_soldier1_5.wav	MGNestSoldier1	Soldier 1: I didn't mean here.  I can see that you just got here.  I meant this outfit.	そういうことじゃなくて いつこの部隊に\n配属になったかを聞いてるんだ	我不是问你什么时候到这里，\n我是问你什么时候被调到这支部队。	
DE_C1BROKENFRONT_A.TXT	27	voice	a3s1_Soldier2_3.wav	MGNestSoldier2	Soldier 2: Oh.  Just now.	ああ さっきだよ	哦，刚才。	
DE_C1BROKENFRONT_A.TXT	28	voice	a3s1_soldier1_6.wav	MGNestSoldier1	Soldier 1: You just got here?	さっきだと？	刚才？	
DE_C1BROKENFRONT_A.TXT	29	voice	a3s1_Soldier2_4.wav	MGNestSoldier2	Soldier 2: I thought I just told you.	だから さっきから言ってるだろ	我不是一直说刚才吗？	
DE_C1BROKENFRONT_A.TXT	30	voice	a3s1_soldier1_7.wav	MGNestSoldier1	Soldier 1: Don't get on my last nerve.  So you're a rookie?	要領を得んな お前 新兵か？	真是说不明白。你是新兵？	
DE_C1BROKENFRONT_A.TXT	31	voice	a3s1_Soldier2_5.wav	MGNestSoldier2	Soldier 2: Ja.	ええ	是。	
DE_C1BROKENFRONT_A.TXT	32	voice	a3s1_MachineGunOff_1.wav	NaziOfficer1	Officer: I almost prefer an attack by the vampires than listen to this conversation.	くだらん会話に付き合うくらいなら\nヴァンパイアに食われたほうがましだ	与其陪你聊这种废话，\n我还不如被吸血鬼吃掉。	
DE_C1BROKENFRONT_A.TXT	33	voice	a3s1_soldier1_8.wav	MGNestSoldier1	Soldier 1: You'll get your wish soon enough.  It's almost night.	日が暮れちまったら\nそうも言ってられませんよ	等天黑以后，\n你可就说不出这种话了。	
DE_C1BROKENFRONT_A.TXT	34	voice	a3s1_MachineGunOff_2.wav	NaziOfficer1	Officer: As long as they don't yap endlessly we'll get along.	少なくとも奴らは無駄口はたたかんだろ	至少它们不会没完没了地废话。	
DE_C1BROKENFRONT_A.TXT	35	voice	a3s1_Soldier2_6.wav	MGNestSoldier2	Soldier 2: Have you ever seen any?  In real life, I mean?	しかし本物の奴らを まだ見てないでしょ	可你还没见过真正的吸血鬼吧？	
DE_C1BROKENFRONT_A.TXT	36	voice	a3s1_MachineGunOff_3.wav	NaziOfficer1	Officer: Seen what soldier?  For once make a clear statement.	何の話だ？ さっぱり分からんぞ	你到底在说什么？我完全听不懂。	
DE_C1BROKENFRONT_A.TXT	37	voice	a3s1_Soldier2_7.wav	MGNestSoldier2	Soldier 2: Vampires.  I mean vampires.  Have you?	ですから ヴァンパイアの話ですよ\n見ましたか？	我说的是吸血鬼。\n你见过吗？	
DE_C1BROKENFRONT_A.TXT	38	voice	a3s1_MachineGunOff_4.wav	NaziOfficer1	Officer: Where in the world did you go to school?  Was that a complete sentence?  The whole German culture is going to hell.	君はまともな教育を受けとるとは\n思えんな\nドイツ語を一から勉強し直したまえ	我看你根本没受过像样的教育。\n回去以后，\n从头把德语重新学一遍吧。	
DE_C1BROKENFRONT_A.TXT	39	voice	a3s1_soldier1_10.wav	MGNestSoldier1	Soldier 1: Just answer the man's question.	はい で 見たんですか？	是。那你到底见过没有？	
DE_C1BROKENFRONT_A.TXT	40	voice	a3s1_MachineGunOff_5.wav	NaziOfficer1	Officer: Of course I have.	もちろん 見た	当然见过。	
DE_C1BROKENFRONT_A.TXT	41	voice	a3s1_MachineGunOff_6.wav	NaziOfficer1	Officer: There's one right now.	そこにも居るよ	那里就有一个。	
DE_C1BROKENFRONT_A.TXT	42	voice	a3s1_soldier1_11.wav	MGNestSoldier1	SOLDIER 1: Oh, God!  There's one!	なんですって？ 本当だ...	什么？还真有……	
DE_C1BROKENFRONT_A.TXT	43	voice	a3s1_MachineGunOff_7.wav	NaziOfficer1	Officer: Shoot her, you idiot!  Stop yacking and shoot!	ばか者 いいから早く撃ち殺せ！	蠢货，别愣着，快开枪打死她！	
DE_C1BROKENFRONT_A.TXT	44	voice	a3s1_Soldier2_8.wav	MGNestSoldier2	SOLDIER 2: Somebody shoot it!	誰か 誰か撃ってくれ！	谁来开枪！快开枪！	
DE_C1BROKENFRONT_A.TXT	45	voice	a3s1_TankOff_1.wav	NaziOfficer2	Officer: You left the ropes at the tank?  Go get them, half-wit.	戦車にロープを忘れただと？\n早くとってこんか！	你把绳子忘在坦克里了？\n还不快去拿！	
DE_C1BROKENFRONT_A.TXT	46	voice	a3s1_soldier1_14.wav	TankNazi1	Soldier 1: Yes, sir.  A simple mistake.  It won't happen again sir.	あ 失礼しました\n以後このような間違いは...	啊，非常抱歉。\n以后绝不会再犯这种错误……	
DE_C1BROKENFRONT_A.TXT	47	voice	a3s1_TankOff_2.wav	NaziOfficer2	Officer: You got any brothers and sisters?	貴様は 兄弟はおるか？	你有兄弟姐妹吗？	
DE_C1BROKENFRONT_A.TXT	48	voice	a3s1_soldier1_15.wav	TankNazi1	Soldier 1: Sorry sir?	兄弟ですか？	兄弟姐妹？	
DE_C1BROKENFRONT_A.TXT	49	voice	a3s1_TankOff_3.wav	NaziOfficer2	Officer: I'm asking the questions around here.	簡単な質問だ 答えんか	这么简单的问题，快回答！	
DE_C1BROKENFRONT_A.TXT	50	voice	a3s1_soldier1_16.wav	TankNazi1	Soldier 1: One of each.  Sir.	兄と妹がおります	我有一个哥哥和一个妹妹。	
DE_C1BROKENFRONT_A.TXT	51	voice	a3s1_TankOff_4.wav	NaziOfficer2	Officer: See?  Mistakes do happen again.  Now move.  What are you still standing around for?  I gave you an order.	国費の無駄だな こら！\nボーっとしとらんでさっさと行かんか\n命令だ	真是浪费国家的钱！喂！\n别在那里发呆，赶紧去！\n这是命令！	
DE_C1BROKENFRONT_A.TXT	52	voice	a3s1_TankOff_5.wav	NaziOfficer2	Officer: And bring me a beer.	ビールもとって来るんだぞ	顺便把啤酒也拿来。	
DE_C1BROKENFRONT_A.TXT	53	voice	a3s1_TankOff_6.wav	NaziOfficer2	Officer: Why is your friend such an idiot, Greflinger?	グリフリンガー 何で皆頭が悪いのだ？	格里弗林格，为什么所有人都这么蠢？	
DE_C1BROKENFRONT_A.TXT	54	voice	a3s1_Soldier2_14.wav	TankNazi2	Soldier 2: He can't help it.  I don't think all the lights are on upstairs.	明かりもない部屋に入れられ\n本も読めませんもので その...	因为我们被关在没有灯的房间里，\n连书都看不了，所以……	
DE_C1BROKENFRONT_A.TXT	55	voice	a3s1_TankOff_7.wav	NaziOfficer2	Officer: This is the German army.  There's order around here.  He can't wander about with his head up his ass like a Frenchman.  He's screwing up our whole operation.	我々が 規律正しきドイツ軍で\nあることを忘れたのか?\n間抜けなフランス軍じゃあるまいし\nくだらんミスで全軍を\n危険にさらしたのだぞ	你忘了我们是纪律严明的德军吗？\n又不是愚蠢的法国军队。\n你们竟然因为这种低级错误，\n让整支部队\n陷入了危险！	
DE_C1BROKENFRONT_A.TXT	56	voice	a3s1_Soldier2_15.wav	TankNazi2	Soldier 2: Well, to be fair sir, he's not the only one.  Gelnhausen and Endter forgot to gas up the tank, Hauser shot Eiger by accident, and Dach dropped the directives into the latrine.  Remember?	実は ミスは他にもありまして\nゲルハウゼンとエンダーは戦車に\n燃料を入れ忘れ ハウザーはアイガーを誤って撃ち殺しかけ\nダッチは便所に指令書を落としました	其实还有别的错误。\n格尔豪森和恩德尔忘了给坦克加油，\n豪泽差点误杀艾格尔，\n达奇还把指令书掉进了厕所。	
DE_C1BROKENFRONT_A.TXT	57	voice	a3s1_TankOff_8.wav	NaziOfficer2	Officer: Thank you for reminding me.  You're not so bad at pissing me off either.	いちいち数え上げんでもよい\nどいつもこいつも	不用一件件数给我听。\n一个个全是蠢货！	
DE_C1BROKENFRONT_A.TXT	58	voice	a3s1_Soldier2_16.wav	TankNazi2	Soldier 2: Sorry, sir.  Just being honest.	正直に申し上げた方がよいかと	我以为还是如实报告比较好。	
DE_C1BROKENFRONT_A.TXT	59	voice	a3s1_TankOff_9.wav	NaziOfficer2	Officer: If I want your honesty, I'll give you an order for it.  Until then, why don't you do some work.  Clean something.  Shoot something.  Just make sure it doesn't speak German.	くだらん話が聞きたいときは命令を\n下すから それ以外は黙って任務に\nつかせろ\nお前は バカどもが無駄話せんように\nしっかり見張っておけ	等我想听废话时，自然会下令。\n除此之外，让他们闭嘴\n执行任务。\n你给我看紧这些蠢货，\n别让他们在那里胡说八道！	
DE_C1BROKENFRONT_A.TXT	60	voice	a3s1_Soldier2_17.wav	TankNazi2	Soldier 2: Jawohl, sir.	わかりました	明白。	
DE_C1BROKENFRONT_A.TXT	61	voice	a3s1_Soldier3_11.wav	TankNazi1	Soldier 3: Christ!  Look!	おい！ あれを見ろ！	喂！快看那里！	
DE_C1BROKENFRONT_A.TXT	62	voice	a3s1_TankOff_10.wav	NaziOfficer2	Officer: Everyone to the tank.  Move it!  NOW!!!	総員 戦車に搭乗しろ！ 急げ！	全员登上坦克！快！	
DE_C1BROKENFRONT_A.TXT	63	voice	a3s1_Soldier2_18.wav	TankNazi2	Soldier 2: Endter!  Dach!  Over here!  By the tank!	エンダー！　ダッハ！　あの戦車の近くだ！	恩德尔！达赫！就在那辆坦克附近！	
DE_C1BROKENFRONT_A.TXT	64	voice	a3s1_soldier1_24.wav	none	Reinforcement leader: Jesus Christ, what is going on?  Be ready for anything men!	一体 何が起こっているんだ！\n総員 警戒態勢をとれ！	到底发生了什么！？\n全员进入警戒状态！	
DE_C1BROKENFRONT_A.TXT	65	hud	obj_levelExit		Proceed to Castle Gaustadt through the mountain tunnel.	ガウスタッド城に侵入せよ	潜入高施塔特城堡	
DE_C1BROKENFRONT_A.TXT	66	hud	level5bloodrage		You have gained the ability to perform a Level 5 Bloodrage attack!	レベル5のブラッドレイジコンボをマスターした	已掌握5级血怒连击	
DE_C1BROKENFRONT_A.TXT	67	hud	MissionDescription		Red Summit	Red Summit	红色山巅	
DE_C1BROKENFRONT_B.TXT	0	hud	MissionDescription		Old Gaustadt	Old Gaustadt	旧高施塔特	
DE_C1BROKENFRONT_B.TXT	2	hud	ost_officer3		Lieutenant-Colonel Hans Eldrich: Abducted.	ハンツ・エルドリッヒ中佐が奪われた	汉茨·埃尔德里希中佐已被掳走	
DE_C1BROKENFRONT_B.TXT	3	hud	ost_officer4		Brigadier General Demetrius Klaus: Eliminated.	デメトリウス・クラウスを抹殺した	德米特里乌斯·克劳斯已被消灭	
DE_C1BROKENFRONT_B.TXT	4	hud	ost_officer5		2nd Lieutenant G. Saxon: Eliminated.	G・サクソン 少尉を抹殺した	G·萨克森少尉已被消灭	
DE_C1BROKENFRONT_B.TXT	5	hud	ost_objective		Eliminate Officers	G.G.G将校を抹殺せよ	消灭反幽灵小组军官	
DE_C1BROKENFRONT_B.TXT	6	hud	ost_door		This door cannot be opened.	ここは開かない	这里打不开。	
DE_C1BROKENFRONT_B.TXT	7	voice	a1s0_Rayne18a.wav	$	Rayne: I'm done there.	ここはもういい	这里已经没事了。	
DE_C1BROKENFRONT_B.TXT	8	voice	a1s0_Rayne17c.wav	$	Rayne: Nope, not done here.	まだやり残した仕事がある	还有事情没做完。	
DE_C1BROKENFRONT_B.TXT	9	voice	a3s1_soldier1_17.wav	NaziStables1	Soldier 1: Vampires!  Kill them!	ヴァンパイアどもだ！ 殺せ！	是吸血鬼！杀了它们！	
DE_C1BROKENFRONT_B.TXT	10	voice	a3s1_officer1_1.wav	VampireDummy0	Officer: Help!  Help!  Somebody help me!  Christ!  Aaargh!	何とかしろ 誰か助けてくれ！ くそ！	快想想办法！谁来救救我！该死！	
DE_C1BROKENFRONT_B.TXT	11	voice	a3s1_soldier2_19.wav	NaziStables2	Soldier 2: They've got the Obersturmbandfuhrer!	中佐殿がさらわれたぞ！	中佐阁下被掳走了！	
DE_C1BROKENFRONT_B.TXT	12	voice	a6s1_rayne164.wav	$	Rayne: Hey!  That's my target!	ああ 獲物を奪ったわね！	啊，它们把我的猎物抢走了！	
DE_C1BROKENFRONT_B.TXT	13	voice	a3s1_soldier1_18.wav	SoldierHallway1	Soldier 1: God!  Vampire!	くそ！ ヴァンパイアだ！	该死！是吸血鬼！	
DE_C1BROKENFRONT_B.TXT	14	voice	a3s1_soldier2_20.wav	SoldierHallway2	Soldier 2: Run!	逃げろ！	快逃！	
DE_C1BROKENFRONT_B.TXT	15	voice	a3s1_BarricadedOfficer_1.wav	NaziOfficer4	Officer: No, you idiot!  No retreat!  Kill them!	ばか者 後退するやつがおるか！\n皆殺しにしろ！	蠢货！谁准你们后退了？\n把它们全部杀光！	
DE_C1BROKENFRONT_B.TXT	16	voice	a3s1_soldier1_19.wav	SoldierHallway1	Soldier 1: Shoot!	撃て！	开火！	
DE_C1BROKENFRONT_B.TXT	17	voice	a3s1_rayne16.wav	$	Rayne: Uh oh, better back up!	まずいわ 退却しましょう...	情况不妙，还是先撤吧……	
DE_C1BROKENFRONT_B.TXT	18	voice	a3s1_soldier1_20.wav	BellTowerSoldier1	Lookout Soldier 1: Sector 3 clear!  Status report!	第三区画確保！ 状況報告を！	第三区域已经确保！报告情况！	
DE_C1BROKENFRONT_B.TXT	19	voice	a3s1_soldier2_21.wav	BellTowerSoldier2	Lookout Soldier 2: One and two... can't tell!  Too foggy!	第一と第二は...霧が深すぎて\n確認不能です！	第一和第二区域……雾实在太浓，\n无法确认情况！	
DE_C1BROKENFRONT_B.TXT	20	voice	a3s1_soldier1_21.wav	BellTowerSoldier1	Lookout Soldier 1: Squad C?	Ｃ中隊？	C连呢？	
DE_C1BROKENFRONT_B.TXT	21	voice	a3s1_Soldier3_12.wav	BellTowerSoldier0	Lookout Soldier 3: Negative!  Squad is dead!	ダメです 中隊は応答しません！	不行！C连没有回应！	
DE_C1BROKENFRONT_B.TXT	22	voice	a3s1_soldier1_22.wav	BellTowerSoldier1	Lookout Soldier 1: Dammit.	くそったれ！	该死！	
DE_C1BROKENFRONT_B.TXT	23	voice	a3s1_soldier1_23.wav	BellTowerSoldier1	Lookout Soldier 1: Radio HQ!	司令部に連絡！	联系司令部！	
DE_C1BROKENFRONT_B.TXT	24	voice	a3s1_soldier2_22.wav	BellTowerSoldier2	Lookout Soldier 2: Yes sir!	おまちください！	请稍等！	
DE_C1BROKENFRONT_B.TXT	25	voice	a3s1_soldier2_23.wav	BellTowerSoldier2	Lookout Soldier 2: Bell tower to HQ.  Bell tower to HQ.	ベルタワーから司令部へ 応答願います	钟楼呼叫司令部，请回答。	
DE_C1BROKENFRONT_B.TXT	26	voice	a3s1_soldier2_24.wav	BellTowerSoldier2	Lookout Soldier 2: Sir!  No answer!	駄目です 応答ありません！	不行，司令部没有回应！	
DE_C1BROKENFRONT_B.TXT	27	voice	a3s1_soldier1_24.wav	BellTowerSoldier1	Lookout Soldier 1: Jesus Christ, what is going on?  Be ready for anything men!	一体 何が起こっているんだ！\n総員 警戒態勢をとれ！	到底发生了什么！？\n全员进入警戒状态！	
DE_C1BROKENFRONT_B.TXT	28	voice	a3s1_BarricadedOfficer_2.wav	NaziOfficer5	Officer: Hmmmm...hmmm...			
DE_C1BROKENFRONT_B.TXT	29	voice	a3s1_PhoneVoice_1.wav	none	Radio Voice: Mobile armor securing cathedral.  Opening secondary upper entrance.  Mobilize foot units and prepare infantry support.	装脚戦車が大聖堂の確保に成功した\nただちに２階の入り口を開け 歩兵部隊を送る	机动装甲已经成功控制大教堂。\n立刻打开二楼入口，派步兵部队进去！	
DE_C1BROKENFRONT_B.TXT	30	voice	a3s1_PhoneVoice_2.wav	none	Radio Voice: Repeat. Secondary upper entrance is open.  Mobilize and enter.	繰り返す ２階の入り口を開くんだ 戦車が突入した	重复，立刻打开二楼入口！机动装甲已经突入！	
DE_C1BROKENFRONT_B.TXT	31	voice	a3s1_rayne17.wav	$	Rayne: I hear you.  I'll be there in a minute.	分かったわ 私もいくわよ	知道了，我也过去。	
DE_C1BROKENFRONT_B.TXT	32	voice	a3s1_PhoneVoice_3.wav	none	Radio Voice: Wha...?  Who is this?	おい？ 誰だ？	喂？谁在那里？	
DE_C1BROKENFRONT_B.TXT	33	hud	obj_levelExit		Investigate the activities in the cathedral.	大聖堂を捜索せよ	搜索大教堂	
DE_C1BROKENFRONT_B.TXT	35	hud	ost_Bell		Hit the bell.	鐘を撃て	射击钟	
DE_C1CASTLE.TXT	0	hud	MissionDescription		Unholy Mecha	Unholy Mecha	邪恶机甲	
DE_C1CASTLE.TXT	2	hud	ost_mechOfficer1		Super Tank Lieutenant General G. Gosler: Eliminated.	G・ゴスラー指揮官を抹殺した	G·戈斯勒指挥官已被消灭	
DE_C1CASTLE.TXT	3	hud	ost_objective		Eliminate Officer	将校を始末せよ	消灭军官	
DE_C1CASTLE.TXT	4	hud	ost_firstObjective		Neutralize the Mobile Armor Unit.	敵を始末せよ	消灭敌人	
DE_C1CASTLE.TXT	5	hud	ost_secondObjective		Proceed to the main cathedral.	大聖堂に向え	前往大教堂	
DE_C1CASTLE.TXT	6	hud	ost_thirdObjective		Eliminate enemy Mobile Armor Units.	ゴスラ－機を始末せよ	摧毁戈斯勒的机动装甲	
DE_C1CASTLE.TXT	7	voice	a3s2_rayne1.wav	none	Rayne: Oh yeah!  What are those!?	あらまあ かわいいおもちゃ	哎呀，好可爱的玩具。	
DE_C1CASTLE.TXT	8	voice	a3s2_rayne2.wav	none	Rayne: I want one.	いただきましょう	那我就收下了。	
DE_C1CASTLE.TXT	9	voice	a3s2_MechPilot1_1.wav	none	Mobile Armor Pilot: Get off me!  Stop!	おい なんだお前！	喂！你是什么人？	
DE_C1CASTLE.TXT	10	voice	a3s2_mechOfficer1.wav	none	Mobile Armor Officer: Hold your positions men.  Units 1 and 4 patrol zones according to plan.	射撃体勢を維持せよ １号機と４号機は\n哨戒区域を作戦通りに進行中だ	保持射击姿态。一号机和四号机\n正按照计划在巡逻区域推进。	
DE_C1CASTLE.TXT	11	voice	a3s2_mechOfficer2.wav	none	Mobile Armor Officer: Do you copy, Birken?	バーケン クールに決めよう！	巴肯，让我们干得漂亮点！	
DE_C1CASTLE.TXT	12	voice	a3s2_MechPilot2_1.wav	none	Mobile Armor Pilot: I copy!	了解！	明白！	
DE_C1CASTLE.TXT	13	voice	a3s2_MechPilot1_2.wav	none	Mobile Armor Pilot: Let's see how those vampires like feeding on a little German ingenuity...and mouthful of rockets.	ヴァンパイアは\n我々の神聖な血ではなく\nロケット弾のディナーでもてなそう	就别用我们神圣的鲜血\n招待那些吸血鬼了。\n请它们吃一顿火箭弹大餐吧！	
DE_C1CASTLE.TXT	14	voice	a3s2_mechOfficer3.wav	none	Mobile Armor Officer: Keep the frequency clear!  Stay focused people!	この周波数を維持しろ！\n油断だけはするんじゃないぞ！	保持这个通信频率！\n所有人都不许大意！	
DE_C1CASTLE.TXT	15	voice	a3s2_mechOfficer4.wav	none	Mobile Armor Officer: Proceed systematically.  Secure the area, then move on.	フォーメーションを保ち 周辺のエリアの安全を保って前進するんだ	保持队形，确认周边区域安全后继续前进！	
DE_C1CASTLE.TXT	16	voice	a3s2_mechOfficer5.wav	none	Mobile Armor Officer: And keep your radios open, I want to stay informed.	無線は常に開放しろ\n報告だけは絶やすんじゃないぞ	无线电始终保持畅通。\n绝不能中断报告！	
DE_C1CASTLE.TXT	17	voice	a3s2_MechPilot1_3.wav	none	Mobile Armor Pilot: Unit 3, you're in my zone.	３号機 俺達の持ち場だぞ	三号机，那边是我们的岗位！	
DE_C1CASTLE.TXT	18	voice	a3s2_mechOfficer6.wav	none	Mobile Armor Commander: Unit 3, REMAIN IN YOUR ZONE!  Do you copy, Unit 3?  Answer me, Unit 3!	３号機 持ち場を離れるな！\nおい聞こえてるのか？\n３号機 返事をしろ！	三号机，不要离开岗位！\n喂，听见没有？\n三号机，回答！	
DE_C1CASTLE.TXT	19	voice	a3s2_MechPilot1_4.wav	none	Mobile Armor Pilot: Pull back, Unit 3!  I'm in the line of fire!	３号機 戻れ！ 作戦に従え！	三号机，回来！按照作战计划行动！	
DE_C1CASTLE.TXT	20	voice	a3s2_rayne3.wav	none	Rayne: That's the plan.	作戦通りじゃない	这可不在计划里。	
DE_C1CASTLE.TXT	21	voice	a3s2_MechPilot1_5.wav	none	Mobile Armor Pilot: What!?	何だと！	你说什么？	
DE_C1CASTLE.TXT	22	voice	a3s2_mechOfficer7.wav	none	Mobile Armor Commander: All units! Unit 3 has been commandeered!  All units attack!  I repeat, all units attack Unit 3!  Unit 3 is rogue!	全機に告ぐ！\n３号機は何者かに乗っ取られたようだ！\n直ちに３号機を攻撃せよ！\n繰り返す 全機 ３号機を攻撃せよ！\nあれは敵だ！	全机注意！\n三号机似乎已被不明人员夺取！\n立刻攻击三号机！\n重复，全机立刻攻击三号机！\n三号机已经是敌人！	
DE_C1CASTLE.TXT	23	voice	a3s2_MechPilot1_6.wav	none	Mobile Armor Pilot: Who is this in unit 3?	３号機 貴様 何者だ？	三号机，你到底是什么人？	
DE_C1CASTLE.TXT	24	voice	a3s2_rayne4.wav	none	Rayne: Just a girl wanting to play with the boys.	マッチョな皆 女の子と遊ばない？	各位猛男，要不要陪女孩子玩玩？	
DE_C1CASTLE.TXT	25	voice	a3s2_MechPilot2_2.wav	none	Mobile Armor Pilot: For Christ's sake...it's a woman!	なんだよ 女じゃないか！	搞什么，原来是个女人！	
DE_C1CASTLE.TXT	26	voice	a3s2_MechPilot3_1.wav	none	Mobile Armor Pilot: Jesus.	あきれたな	真让人傻眼。	
DE_C1CASTLE.TXT	27	voice	a3s2_MechPilot2_3.wav	none	Mobile Armor Pilot: A woman can't operate a mobile armor.	女ごときに装脚戦車が操縦出来るか	区区一个女人，怎么可能操纵机动装甲？	
DE_C1CASTLE.TXT	28	voice	a3s2_rayne5.wav	none	Rayne: You're gonna want to rethink that one Fritz.	その考え男尊女卑だわね	你这想法可真够男尊女卑的。	
DE_C1CASTLE.TXT	29	voice	a3s2_MechPilot2_4.wav	none	Mobile Armor Pilot: You're dead.	おねんねしな！	睡觉去吧！	
DE_C1CASTLE.TXT	30	voice	a3s2_MechPilot1_7.wav	none	Mobile Armor Pilot: Hit her!  Give her some hell!	女を撃て！ 地獄送りだ！	开火打那个女人！送她下地狱！	
DE_C1CASTLE.TXT	31	voice	a3s2_mechOfficer8.wav	none	Mobile Armor Commander: Attack formation!  Do not let up!	なめてかかるな\nフォーメーションを崩すんじゃない！	别小看她！\n所有人保持队形！	
DE_C1CASTLE.TXT	32	voice	a3s2_MechPilot3_2.wav	none	Mobile Armor Pilot: Come on, sweetheart.  Do you look as good as you sound?	ねぇちゃん かわいい声してるが\nどんな顔してるんだ？	小姐，你的声音倒是挺可爱。\n不知道长得怎么样？	
DE_C1CASTLE.TXT	33	voice	a3s2_MechPilot2_6.wav	none	Mobile Armor Pilot: She won't in a second.	色気にはだまされんぞ！	我可不会被你的色相迷惑！	
DE_C1CASTLE.TXT	34	voice	a3s2_rayne6.wav	none	Rayne: Even on my worst day I look better than you two.	品のないゲス野郎ね\n生きてる価値無いわ	没品的下流货。\n你根本没有活着的价值。	
DE_C1CASTLE.TXT	35	voice	a3s2_MechPilot2_7.wav	none	Mobile Armor Pilot: You know, I've had about enough of you!	上等じゃないか ほえ面かかせてやる！	好啊！看我把你打得哭爹喊娘！	
DE_C1CASTLE.TXT	36	voice	a3s2_rayne7.wav	none	Rayne: Now you sound serious.	熱くなり過ぎだわよ	你也太容易上头了。	
DE_C1CASTLE.TXT	37	voice	a3s2_mechOfficer10.wav	none	Mobile Armor Commander: Somebody put a sock in her!	早くその女を黙らせるんだ！	快点让那个女人闭嘴！	
DE_C1CASTLE.TXT	38	voice	a3s2_MechPilot1_8.wav	none	Mobile Armor Pilot: I'm going to cut you down.	今からお前を打ちのめしてやる！	我现在就把你打趴下！	
DE_C1CASTLE.TXT	39	voice	a3s2_rayne8.wav	none	Rayne: Yeah, yeah.  And the other one will blow me to hell.  What, do you guys read the same comic books?	もう、おっかない言葉ね 隙をついてもう一人の彼が 私を昇天させる気？	哎呀，话说得真吓人。另一个家伙是不是打算趁机把我炸上天？	
DE_C1CASTLE.TXT	40	voice	a3s2_MechPilot3_3.wav	none	Mobile Armor Pilot: I will...dammit.  Over and out.	ちくしょう...！\n叩きのめしてやる！ 喋るな！	该死……！\n我要把你打烂！闭嘴！	
DE_C1CASTLE.TXT	41	voice	a3s2_rayne9.wav	none	Rayne: Tell ya what...I'll only use my left hand.  I could close my eyes, too.  We should be about even then.	あんまり弱いんで ハンデをあげる\n目もつぶるし 左手も使わない	看你们实在太弱，就让你们一点。\n我闭上眼睛，连左手也不用。	
DE_C1CASTLE.TXT	42	voice	a3s2_mechOfficer11.wav	none	Mobile Armor Commander: Your joking will end soon.	冗談言ってられるのも今のうちだ	你也只能趁现在说笑了！	
DE_C1CASTLE.TXT	43	voice	a3s2_rayne10.wav	none	Rayne: But I haven't even told you the one about the banana and the Easter Bunny.	冗談にはうるさいわよ\nマッチョな皆に教えてあげる	说到笑话，我可是很挑剔的。\n让我来教教各位猛男吧。	
DE_C1CASTLE.TXT	44	voice	a3s2_MechPilot2_8.wav	none	Mobile Armor Pilot: Shoot her legs out from under her!	下だ 足を撃ちぬけ！	瞄下面！打穿她的脚！	
DE_C1CASTLE.TXT	45	voice	a3s2_rayne11.wav	none	Rayne: You guys have been aiming?	ちゃんと狙いなさいよ	你们倒是好好瞄准啊。	
DE_C1CASTLE.TXT	46	voice	a3s2_rayne12.wav	none	Rayne: Too easy!  I'm dealing with amateurs.	だらしないわね だから男は嫌よ	真没用。所以我才讨厌男人。	
DE_C1CASTLE.TXT	47	voice	a3s2_MechPilot2_9.wav	none	Mobile Armor Pilot: Birken's down!	バーケン機 やられました！	巴肯机被击破！	
DE_C1CASTLE.TXT	48	voice	a3s2_MechPilot2_10.wav	none	Mobile Armor Pilot: She's hit Langenfeld!	ランジェンフェルド機がやられた！	兰根费尔德机被击破！	
DE_C1CASTLE.TXT	49	voice	a3s2_RadioVoice_8.wav	none	Radio Voice: Leutnant Grueber to Generalstabsuberpanzer Gosler: bridge to the second castle has been breached.	グルーバー中尉 ゴスラー師団長がやられた\n乗っ取られた装脚戦車が城を移動中	格鲁伯中尉，戈斯勒师团长已被击破。\n被夺取的机动装甲正在城内移动！	
DE_C1CASTLE.TXT	50	voice	a3s2_RadioVoice_9.wav	none	Radio Voice: The lift at the top of the cathedral has been activated.	大聖堂最上階のリフトを封鎖した	大教堂最上层的升降机已经封锁！	
DE_C1CASTLE.TXT	51	voice	a3s2_RadioVoice_10.wav	none	Radio Voice: Jetpack troops mobilize!  Exercise extreme caution!	ジェットパック小隊は聖堂で\n敵の装脚戦車を排除せよ！	喷气背包小队前往圣堂，\n消灭敌方机动装甲！	
DE_C1CASTLE.TXT	52	voice	a3s2_mechOfficer12.wav	none	Radio Voice: Stand by!  We have a rogue mobile armor unit.  Repeat, we have a rogue!	装脚戦車が乗っ取られた！　直ちに戦闘に備えろ！　戦闘準備だ！	机动装甲已被夺取！立刻准备战斗！全员进入战斗状态！	
DE_C1CASTLE.TXT	53	voice	a3s2_RadioVoice_11.wav	none	Radio Voice: Oh my God.	なんてことだ	怎么会这样……	
DE_C1CASTLE.TXT	54	voice	a3s2_RadioVoice_12.wav	none	Radio Voice: Fall back!  Fall back!	退却だ！ 退却しろ！	撤退！快撤退！	
DE_C1CASTLE.TXT	55	voice	a3s2_rayne13.wav	none	Rayne: Attack.  Fall back.  Mobilize.  Which one is it?	攻撃？ 退却？ うだうだ言ってんじゃないわよ	进攻还是撤退？你们能不能先统一口径？	
DE_C1CASTLE.TXT	56	voice	a3s2_rayne14.wav	none	Rayne: Rayne three, Krauts zero.	残存クソッタレはゼロですよ	剩余混账数量：零。	
DE_C1CASTLE.TXT	57	voice	a3s2_MechPilot2_11.wav	none	Mobile Armor Pilot 2: She got Logau!  Call headquarters!	ローガウ機がやられた！ 司令部に報告してくれ！	罗高机被击破！快向司令部报告！	
DE_C1CASTLE.TXT	58	voice	a3s2_rayne15.wav	none	Rayne: Say boys, I'm running out of targets.  Anymore like you at home?	遊び相手がいないの 隠れてる坊や 出てらっしゃい	没有玩伴了。躲起来的小男孩，快出来吧。	
DE_C1CASTLE.TXT	59	voice	a3s2_rayne16.wav	none	Rayne: Just you and me, Gosler.	ゴスラー もう二人きりよ	戈斯勒，现在只剩我们两个了。	
DE_C1CASTLE.TXT	60	voice	a3s2_mechOfficer13.wav	none	Mobile Armor Officer: Who are you?  How do you know my name?	誰なんだ？ 何故俺の名を？	你是谁？为什么知道我的名字？	
DE_C1CASTLE.TXT	61	voice	a3s2_rayne17.wav	none	Rayne: I've got a shopping list.  And we fresh ran out of Gosler.  The others were just for fun.	ママの買い物リストに載ってるのよ\n新鮮な「ゴスラー」を切らしたから 買っていらっしゃいだって	你在妈妈的购物清单上。\n她说新鲜的“戈斯勒”刚好用完了，让我来买一个。	
DE_C1CASTLE.TXT	62	voice	a3s2_mechOfficer14.wav	none	Mobile Armor Officer: Don't kill me.  I'll give you what you want.  You want the plans for our mobile armor?  Anything.  Just name it!	頼む 殺さないでくれ 何ならこの装脚戦車の設計図を渡してもいい\n何でも聞くよ！	求你别杀我！我可以把这台机动装甲的设计图给你！\n你想要什么，我都答应！	
DE_C1CASTLE.TXT	63	voice	a3s2_rayne18.wav	none	Rayne: Good.  Here it is: you listening?	いいわ わたしの話をよく聞いて	很好。那你仔细听我说。	
DE_C1CASTLE.TXT	64	voice	a3s2_mechOfficer15.wav	none	Mobile Armor Officer: Yes, I am listening.	何でも言ってくれよ	你说什么都行！	
DE_C1CASTLE.TXT	65	voice	a3s2_rayne19.wav	none	Rayne: I want you dead.	死んでくれる？	你能去死吗？	
DE_C1CASTLE.TXT	66	voice	a6s1_rayne167.wav	$	Rayne: Uh oh, it's overheating.  Better bail out.	あんまりビビんないでよ 交渉しましょ	别吓成这样。我们来谈谈条件吧。	
DE_C1CASTLE.TXT	67	voice	a3s2_rayne20.wav	$	Rayne: I wish I could take that thing with me.  But it's too cumbersome for where I'm going.	面白いおもちゃだったけど\nここから先は かさばりそうね	这玩具确实挺有意思，\n不过接下来的路带着它太碍事了。	
DE_C1CASTLE.TXT	68	voice	a3s2_Soldier1_1.wav	SoldierJPGflee0	Soldier 1: God, what is it?	うわ！　こいつら何なんだ！？	呜哇！这些到底是什么东西！？	
DE_C1CASTLE.TXT	69	voice	a3s2_Soldier2_1.wav	SoldierJPGflee1	Soldier 2: Scheisse!  We're in trouble!	しまった！ 侵入されたぞ！	糟了！有东西闯进来了！	
DE_C1CASTLE.TXT	70	voice	a3s2_Soldier3_13.wav	SoldierJPGflee0	Soldier 3: Watch out!  Move!	怪物だ！ 撃て！	是怪物！开火！	
DE_C1CASTLE.TXT	71	voice	a3s2_Soldier2_2.wav	SoldierJPGflee1	Soldier 2: Get the hell out of the way!	みんな 退却するんだ！	所有人撤退！	
DE_C1CASTLE.TXT	72	voice	a3s2_Soldier1_2.wav	SoldierJPGflee0	Soldier 1: Go that way!	さぁ 行くぞ！	好了，走吧！	
DE_C1CASTLE.TXT	73	voice	a3s2_Soldier2_3.wav	SoldierJPGflee1	Soldier 2: Move it!	急げ！	快！	
DE_C1CASTLE.TXT	74	voice	a6s1_rayne187.wav	none	Rayne: He's gonna blow!	彼 ふっとぶわ！	他要被炸飞了！	
DE_C1CASTLE.TXT	75	voice	a3s2_rayne21.wav	$	Rayne: I can't jump that far.	そこまでは跳べないわ	我跳不到那么远。	
DE_C1CASTLE.TXT	76	voice	a1s0_Rayne18a.wav	$	Rayne: I'm done there.	ここはもういい	这里已经没事了。	
DE_C1CASTLE.TXT	77	voice	a1s0_Rayne13b.wav	$	Rayne: Won't budge.	動かない	它动不了。	
DE_C1CASTLE.TXT	78	hud	OST_MechInstructions		Jump on top of the Mobile Armor Unit to gain control of it.	Jump on top of the Mobile Armor Unit to gain control of it.	跳到机动装甲顶部，即可取得控制权	
DE_C1CASTLE.TXT	79	hud	OST_MechControl1		Control the Mobile Armor Unit the same way you control BloodRayne.	Control the Mobile Armor Unit the same way you control BloodRayne.	机动装甲的操作方式与莱恩相同	
DE_C1CASTLE.TXT	80	hud	OST_MechControl2		Hold @@action1buttonname@@ to activate the chain gun.  Press @@action2buttonname@@ to fire the rocket launcher.  Press @@harpoonbitebuttonname@@ to launch a grenade.	マシンガン発射:@@action1buttonname@@\nロケット弾発射:@@action2buttonname@@\nグレネ－ド投射:@@harpoonbitebuttonname@@	机枪射击：@@action1buttonname@@\n发射火箭弹：@@action2buttonname@@\n投射榴弹：@@harpoonbitebuttonname@@	
DE_C1CASTLE.TXT	81	hud	ost_ExitMech		Move towards the altar to exit the Mobile Armor Unit.	祭壇の前で装脚戦車を放棄せよ	在祭坛前放弃机动装甲	
DE_C1CASTLE.TXT	82	hud	obj_mechOfficer1		G.G.G. - Mobile Armor Major General G. Gosler	G.G.G. - Mobile Armor Major General G. Gosler	反幽灵小组——机动装甲少将G·戈斯勒	
DE_C1CASTLE.TXT	83	hud	obj_mechExit		Move towards the altar to exit the Mobile Armor Unit.	祭壇の前で装脚戦車を放棄せよ	在祭坛前放弃机动装甲	
DE_C1CASTLE.TXT	84	hud	obj_bridgeExit		Climb the scaffolding to find the exit.	聖堂の上階から脱出せよ	从圣堂上层逃脱	
DE_C2COURTYARD.TXT	0	hud	MissionDescription		Courtyard	Courtyard	庭院	
DE_C2COURTYARD.TXT	2	hud	obj_officer1		1st Lieutenant Arno Samsa	アルノ・サムサ中尉	阿尔诺·萨姆萨中尉	
DE_C2COURTYARD.TXT	3	hud	obj_airstrike		Escape from the air strike.	空爆を切り抜け脱出せよ	突破空袭并逃脱	
DE_C2COURTYARD.TXT	4	hud	obj_wallAccess		Access the tower through the shattered wall.	粉砕された壁を抜けて尖塔を登れ	穿过被炸毁的墙壁，攀上尖塔	
DE_C2COURTYARD.TXT	5	hud	obj_window		Escape from the tower.	尖塔から脱出せよ	从尖塔逃脱	
DE_C2COURTYARD.TXT	6	hud	ost_officer1		1st Lieutenant Arno Samsa: Eliminated.	アルノ・サムサ中尉を抹殺した	阿尔诺·萨姆萨中尉已被消灭	
DE_C2COURTYARD.TXT	7	hud	ost_objective		Eliminate Officer	将校を抹殺せよ	消灭军官	
DE_C2COURTYARD.TXT	8	hud	ost_door		This door cannot be opened.	ここは開かない	这里打不开。	
DE_C2COURTYARD.TXT	9	hud	ost_jump		Jump!	跳べ！	跳！	
DE_C2COURTYARD.TXT	10	voice	a1s0_Rayne18a.wav	$	Rayne: I'm done there.	ここはもういい	这里已经没事了。	
DE_C2COURTYARD.TXT	11	voice	a3s4_rayne1.wav	none	Rayne: Oh, a party!  And nobody invited me?  That just makes me mad.	あら パーティ！\n私は招待されてないわ 本当にむかつく	哎呀，原来这里在开派对！\n居然没邀请我，真让人生气。	
DE_C2COURTYARD.TXT	12	voice	a6s1_rayne184.wav	$	Rayne: I'd better get the hell out of here!	引き上げたほうがよさそうね！	看来最好先撤出去！	
DE_C2FRONT.TXT	0	hud	MissionDescription		Nightfall	Nightfall	夜幕	
DE_C2FRONT.TXT	2	hud	ost_Officer4		Lieutenant-Colonel Hans Eldrich: Eliminated.	ハンツ・エルドリッヒ中佐を抹殺した	汉茨·埃尔德里希中佐已被消灭	
DE_C2FRONT.TXT	3	hud	ost_Officer2		General Officer C. Reichard: Eliminated.	ライハ－ド大将を抹殺した	莱哈德大将已被消灭	
DE_C2FRONT.TXT	4	hud	ost_objective		Eliminate Officers	将校を抹殺せよ	消灭军官	
DE_C2FRONT.TXT	5	hud	ost_door		This door cannot be opened.	ここは開かない	这里打不开。	
DE_C2FRONT.TXT	6	voice	a1s0_Rayne17b.wav	$		まだやり残した仕事がある	还有事情没做完。	missing matching English key
DE_C2FRONT.TXT	7	voice	a1s0_Rayne18a.wav	$	Rayne: I'm done there.	ここはもういい	这里已经没事了。	
DE_C2FRONT.TXT	8	voice	a3s5_rayne2.wav	$	Rayne: Hi, sweetie.	あら、お待たせ	哎呀，让你久等了。	
DE_C2FRONT.TXT	9	voice	a3s5_CoweringOff1.wav	SoldierOfficer2_Tower0	Officer: Oh God!  Aaaaaaarrrrrgggghhhhh!	ああっ！ よせ！	啊！住手！	
DE_C2FRONT.TXT	10	voice	a3s5_CoweringOff2.wav	SoldierOfficer2_Tower0	Officer: Get away!  Christ!  Go away!  Leave me alone!	来るな！ 頼む 来ないでくれ！\n見逃してくれ！	别过来！求你别过来！\n放过我吧！	
DE_C2FRONT.TXT	11	voice	a6s1_rayne165.wav	$	Rayne: My target from the stables.  I guess I can check you off the list.	ターゲットの一人ね\nリストから外しましょう	名单上的目标之一。\n把他划掉吧。	
DE_C2FRONT.TXT	12	voice	a3s6_Hedrox3_8.wav	VampireHedrox1	Hedrox: Hedrox wants the secret.	ヘドロックス 秘密 欲しい	赫德罗克斯想知道秘密。	
DE_C2FRONT.TXT	13	voice	a2s16_Soldier2_2.wav	none	Soldier: Get the hell out of here!  Shnell, mach, schnell!	撤退する急げ！	撤退！快！	
DE_C2FRONT.TXT	14	voice	a6s1_rayne184.wav	$	Rayne: I'd better get the hell out of here!	引き上げたほうがよさそうね！	看来最好先撤出去！	
DE_C2FRONT.TXT	15	voice	a2s9_rayne1.wav	$	Rayne: Wow, that was unexpected.	思ってたより楽に来れたわ	比我想象中顺利多了。	
DE_C2FRONT.TXT	16	hud	obj_Officer4		Lieutenant-Colonel Hans Eldrich.	ハンツ・エルドリッヒ中佐	汉茨·埃尔德里希中佐	
DE_C2FRONT.TXT	17	hud	obj_Officer2		General Officer Josef Wampole.	ジョセフ・ワンポ－ル将官	约瑟夫·万波尔将官	
DE_C2FRONT.TXT	18	hud	obj_exitDoor		Proceed to the courtyard door.	中庭から脱出せよ	逃离庭院	
DE_C2START.TXT	0	hud	MissionDescription		Teachers and Traitors	Teachers and Traitors	导师与叛徒	
DE_C2START.TXT	2	hud	ost_mentor		G.G.G. - High Commander: Eliminated	ミンス上級指揮官を抹殺した	明斯高级指挥官已被消灭	
DE_C2START.TXT	3	hud	ost_objective1		Destroy all opposition	全ての敵兵を始末せよ	消灭所有敌兵	
DE_C2START.TXT	4	hud	ost_objective2		Eliminate Officer	G.G.G将校を抹殺せよ	消灭反幽灵小组军官	
DE_C2START.TXT	5	voice	a3s3_rayne1.wav	$	Rayne: What!  Mynce is...alive?	どういうこと！ ミンスが...生きている？	怎么回事！明斯……还活着？	
DE_C2START.TXT	6	voice	a3s3_rayne2.wav	$	Rayne: ...and she's working for that bastard Wulf?	...しかも あのウルフの部下？	……而且还成了沃尔夫的手下？	
DE_C2START.TXT	7	voice	a3s3_rayne3.wav	$	Rayne: No, no, no!	そんな 馬鹿な...	怎么可能……	
DE_C2START.TXT	8	voice	a3s3_rayne4.wav	$	Rayne: That bitch.  I'm going to tear her apart.	クソ女 絶対に許さないから	那个臭女人！我绝不会放过她！	
DE_C2START.TXT	9	voice	a3s3_rayne5.wav	$	Rayne: I thought you were dead.	死んだんじゃなかったの	你不是已经死了吗？	
DE_C2START.TXT	10	voice	a3s3_mynce1.wav	MentorBoss0	Mynce: Thinking never was your strong point.	少し疑う事も覚えた方がいいわよ	你最好学会稍微怀疑一下眼前看到的东西。	
DE_C2START.TXT	11	voice	a3s3_rayne6.wav	$	Rayne: You traitorous bitch!	最低の裏切り者ね！	你这个卑鄙的叛徒！	
DE_C2START.TXT	12	voice	a3s3_mynce2.wav	MentorBoss0	Mynce: That really hurt.  Are you here to talk or do something about it?	あら 傷ついたわ\nあなた わざわざそれを言うために来たの？	哎呀，真伤人。\n你特意跑来，就是为了骂我这句话？	
DE_C2START.TXT	13	voice	a3s3_rayne8.wav	$	Rayne: Why are you doing this?	どうしてこんな事を？	你为什么要这么做？	
DE_C2START.TXT	14	voice	a3s3_mynce3.wav	MentorBoss0	Mynce: Come on little girl.  Let's see what you've got.	そんなことより 上達したんでしょうね	先别管这些。你的本事应该有长进了吧？	
DE_C2START.TXT	15	voice	a3s3_mynce4.wav	MentorBoss0	Mynce: C'mon, Rayne, keep up!	さあ レイン 腕前を見せて！	来吧，莱恩，让我看看你的能耐！	
DE_C2START.TXT	16	voice	a3s3_rayne9.wav	$	Rayne: Come and get me!	そっちこそ来なさいよ！	你才该过来！	
DE_C2START.TXT	17	voice	a3s3_mynce5.wav	MentorBoss0	Mynce: What are you waiting for?	いつまでそうしている気なの！	你还打算躲到什么时候？	
DE_C2START.TXT	18	voice	a3s3_mynce6.wav	MentorBoss0	Mynce: You scared?	あなた 恐いの？	怎么，你害怕了？	
DE_C2START.TXT	19	voice	a3s3_rayne10.wav	$	Rayne: What happened to you?!	ねえ、一体どうしちゃったの？	喂，你到底怎么了？	
DE_C2START.TXT	20	voice	a3s3_mynce7.wav	MentorBoss0	Mynce: I would be more concerned with what will happen to you!	ほら 人の事より自分のことを心配なさい！	你还是别管别人，先担心自己吧！	
DE_C2START.TXT	21	voice	a3s3_rayne11.wav	$	Rayne: Why'd you betray us?	なぜ裏切ったの？	你为什么要背叛我们？	
DE_C2START.TXT	22	voice	a3s3_mynce8.wav	MentorBoss0	Mynce: Open your eyes Rayne!  For once.  Can't you see?  You've got to pick your sides more carefully.	目を覚ましてちょうだい レイン！\n自分のこと どこに属すべきか たまには頭を使って考えたらどうなの	醒醒吧，莱恩！\n偶尔也动动脑子，想清楚自己到底该站在哪一边。	
DE_C2START.TXT	23	voice	a3s3_rayne12.wav	$	Rayne: What about the Brimstone Society?	ブリムストーン・ソサエティのことは\nいいの？	那硫磺会呢？\n你就不管了吗？	
DE_C2START.TXT	24	voice	a3s3_mynce9.wav	MentorBoss0	Mynce: Shut up and fight, BloodRayne!	かかってきなさい！　ブラッドレイン！	放马过来吧，吸血莱恩！	
DE_C2START.TXT	25	voice	a3s3_mynce13.wav	MentorBoss0	Mynce: Now we play for keeps.	ここからは真剣勝負よ	接下来可就不是闹着玩的了。	
DE_C2START.TXT	26	voice	a3s3_rayne15.wav	$	Rayne: Don't make me do this.	こんなことはしたくない	我不想这么做。	
DE_C2START.TXT	27	voice	a3s3_mynce14.wav	MentorBoss0	Mynce: Aaaaaaaahhhh!			
DE_C2START.TXT	28	voice	a3s3_rayne16.wav	$	Rayne: It's finished.	これで終わった	结束了。	
DE_C2START.TXT	29	voice	a3s3_rayne17.wav	$	Rayne: Mynce!	ミンス！	明斯！	
DE_C2START.TXT	30	voice	a3s3_mynce15.wav	MentorBoss0	Mynce: Ungh...goodbye, Rayne.	...さよなら レイン	……再见了，莱恩。	
DE_C2START.TXT	31	voice	a3s3_mynce16.wav	MentorBoss0	Mynce: Aaaaaaaahhhh!			
DE_C2START.TXT	32	hud	obj_mentor		G.G.G. - High Commander	ミンス上級指揮官	明斯高级指挥官	
DE_C2START.TXT	33	hud	obj_exitDoor		Seek targets in other areas	次の任務に向かえ	前往下一个任务区域	
DE_C2WINDMILL.TXT	0	hud	MissionDescription		The Windmill	The Windmill	风车	
DE_C2WINDMILL.TXT	2	hud	ost_objective		Eliminate Hedrox	ヘドロックスを始末せよ	消灭赫德罗克斯	
DE_C2WINDMILL.TXT	3	hud	ost_strategy		Break the support beams to destablize the wooden floor and force Hedrox into the water below.	床をささえる支柱を粉砕せよ	粉碎支撑地板的立柱	
DE_C2WINDMILL.TXT	4	voice	a3s6_rayne4.wav	$	Rayne: Hedrox.	ヘドロックス	赫德罗克斯	
DE_C2WINDMILL.TXT	5	voice	a3s6_Hedrox1_1.wav	Hedrox1	Hedro Hello, Rayne.	待ってた レイン	等你很久了，莱恩。	
DE_C2WINDMILL.TXT	6	voice	a3s6_Hedrox2_1.wav	Hedrox2	Hedrox: Hello.	待ってた	等你很久了。	
DE_C2WINDMILL.TXT	7	voice	a3s6_Hedrox3_1.wav	Hedrox3	Hedrox: Hello.	待ってた	一直在等你。	
DE_C2WINDMILL.TXT	8	voice	a3s6_rayne5.wav	$	Rayne: Long way from home Hedrox.  What's the score?	いったいこんなところで 何してるのよ？	你到底在这种地方干什么？	
DE_C2WINDMILL.TXT	9	voice	a3s6_Hedrox2_2.wav	Hedrox2	Hedrox: The relic.	レリックだ	圣物。	
DE_C2WINDMILL.TXT	10	voice	a3s6_Hedrox1_2.wav	Hedrox1	Hedrox: Relic.	レリック	圣物。	
DE_C2WINDMILL.TXT	11	voice	a3s6_Hedrox3_2.wav	Hedrox3	Hedrox: We want the heart.	心臓 欲しい	赫德罗克斯想要心脏。	
DE_C2WINDMILL.TXT	12	voice	a3s6_Hedrox1_3.wav	Hedrox1	Hedrox: We want...	欲しい...	想要……	
DE_C2WINDMILL.TXT	13	voice	a3s6_Hedrox2_3.wav	Hedrox2	Hedrox: ...Beliar's heart.	ベリアルの心臓	贝利亚的心脏。	
DE_C2WINDMILL.TXT	14	voice	a3s6_Hedrox1_4.wav	Hedrox1	Hedrox: Hedrox thought the previous owner, Count Voicu...	前 持ってた ヴォイク伯爵...	以前的主人，沃伊库伯爵……	
DE_C2WINDMILL.TXT	15	voice	a3s6_Hedrox3_3.wav	Hedrox3	Hedrox: ...hid the relic.	レリック 隠した	把圣物藏起来了。	
DE_C2WINDMILL.TXT	16	voice	a3s6_Hedrox2_4.wav	Hedrox2	Hedrox: Hedrox found Voicu here...	ヘドロックス ヴォイク 見つけた	赫德罗克斯找到了沃伊库。	
DE_C2WINDMILL.TXT	17	voice	a3s6_Hedrox1_5.wav	Hedrox1	Hedrox: ...and threw him to his death.	でも ヴォイク 死んだ	可沃伊库死了。	
DE_C2WINDMILL.TXT	18	voice	a3s6_Hedrox3_4.wav	Hedrox3	Hedrox: Death.	死んだ	死了。	
DE_C2WINDMILL.TXT	19	voice	a3s6_Hedrox2_5.wav	Hedrox2	Hedrox: You saw Hedrox eat the human's mind...	ヘドロックス 人間の記憶 食べる...	赫德罗克斯吃掉了人类的记忆……	
DE_C2WINDMILL.TXT	20	voice	a3s6_Hedrox3_5.wav	Hedrox3	Hedrox: ...and Hedrox learned Voicu wore the relic on his crown...	ヴォイク 王冠と一緒...レリック付けた...	沃伊库把圣物……镶在王冠上……	
DE_C2WINDMILL.TXT	21	voice	a3s6_Hedrox1_6.wav	Hedrox1	Hedrox: ...the whole time.	いつも付けた	一直戴着。	
DE_C2WINDMILL.TXT	22	voice	a3s6_Hedrox1_7.wav	Hedrox1	Hedrox: The human, Jurgen Wulf, is much more than human...	ジャーゲン・ウルフ 人間超えた...	尤尔根·沃尔夫已经超越了人类……	
DE_C2WINDMILL.TXT	23	voice	a3s6_Hedrox2_7.wav	Hedrox2	Hedrox: There are relics in his body.	レリック あいつの体の中	圣物就在他的身体里。	
DE_C2WINDMILL.TXT	24	voice	a3s6_Hedrox3_7.wav	Hedrox3	Hedrox: Relics.	レリック	圣物。	
DE_C2WINDMILL.TXT	25	voice	a3s6_Hedrox1_8.wav	Hedrox1	Hedrox: Relics not unlike the one in you, Rayne.	レイン お前の頭に 似たのがある...	莱恩，你脑袋里也有类似的东西……	
DE_C2WINDMILL.TXT	26	voice	a3s6_Hedrox3_8.wav	Hedrox3	Hedrox: Hedrox wants the secret.	ヘドロックス 秘密 欲しい	赫德罗克斯想知道秘密。	
DE_C2WINDMILL.TXT	27	voice	a3s6_Hedrox1_9.wav	Hedrox1	Hedrox: Secret...	秘密……	秘密……	
DE_C2WINDMILL.TXT	28	voice	a3s6_Hedrox2_8.wav	Hedrox2	Hedrox: Tell Hedrox, how does Hedrox put the relic in the body?	知りたい どうやってレリック 身体に入れた	想知道怎么把圣物放进身体里。	
DE_C2WINDMILL.TXT	29	voice	a3s6_rayne6.wav	$	Rayne: Sure.  You have to cut your heart out and replace it with Beliar's.	教えるわ アンタの心臓を取り出して ベリアルのと取り替えるの	我教你。把自己的心挖出来，换上贝利亚的心脏。	
DE_C2WINDMILL.TXT	30	voice	a3s6_Hedrox2_9.wav	Hedrox2	Hedrox: He he he.  Rayne amuses Hedrox.	フフフフフフフ レイン 面白い	呵呵呵呵呵……莱恩真有趣。	
DE_C2WINDMILL.TXT	31	voice	a3s6_Hedrox1_10.wav	Hedrox1	Hedrox: Rayne.	レイン	莱恩。	
DE_C2WINDMILL.TXT	32	voice	a3s6_Hedrox3_9.wav	Hedrox2	Hedrox: Do you not think Hedrox has tried?	へドロックス もう試した	赫德罗克斯已经试过了。	
DE_C2WINDMILL.TXT	33	voice	a3s6_Hedrox1_11.wav	Hedrox3	Hedrox: Did she hope Hedrox would perish in such an attempt?	そんな事でヘドロックス 死なない！	那样杀不死赫德罗克斯！	
DE_C2WINDMILL.TXT	34	voice	a3s6_Hedrox2_10.wav	Hedrox2	Hedrox: Does Rayne forget?	レイン 忘れている...	莱恩忘了……	
DE_C2WINDMILL.TXT	35	voice	a3s6_Hedrox1_12.wav	Hedrox1	Hedrox: Hedrox is INFINITE.	ヘドロックス 不死身だ！	赫德罗克斯是不死的！	
DE_C2WINDMILL.TXT	36	voice	a3s6_Hedrox2_11.wav	Hedrox2	Hedrox: Hedrox wants the secret!	ヘドロックス 秘密 欲しい！	赫德罗克斯想知道秘密！	
DE_C2WINDMILL.TXT	37	voice	a3s6_Hedrox3_10.wav	Hedrox3	Hedrox: Hedrox will tear Rayne's eye out...	レインの目 えぐりだす...	挖出莱恩的眼睛……	
DE_C2WINDMILL.TXT	38	voice	a3s6_Hedrox1_13.wav	Hedrox1	Hedrox: ...and eat her mind.	レインの記憶 食べる	吃掉莱恩的记忆。	
DE_C2WINDMILL.TXT	39	voice	a3s6_Hedrox3_11.wav	Hedrox3	Hedrox: Eat...	食べる...	吃掉……	
DE_C2WINDMILL.TXT	40	voice	a3s6_Hedrox2_12.wav	Hedrox2	Hedrox: ...to find it.	全部 わかる	就全都知道了。	
DE_C2WINDMILL.TXT	41	voice	a5s1_rayne19.wav	$	Rayne: Uh huh.	ああ そういうこと...	哦，原来如此……	
DE_C2WINDMILL.TXT	42	voice	a5s1_rayne20.wav	$	Rayne: Hedrox, I'm going to do the same thing to you that you did to Voicu.	だったら私は アンタたちがヴォイクにしたことをしてあげましょう！	那我就让你们尝尝你们对沃伊库做过的事！	
DE_C2WINDMILL.TXT	43	voice	a5s1_rayne21.wav	$	Rayne: Over here, Hedrox!	こっちよ ヘドロックス	这边，赫德罗克斯！	
DE_C2WINDMILL.TXT	44	voice	a5s1_rayne22.wav	$	Rayne: Come and get me!	捕まえてみなさい！	有本事来抓我！	
DE_C2WINDMILL.TXT	45	voice	a5s1_rayne23.wav	$	Rayne: Oooooo. So scary!	おぉ とってもこわいわ	哦，好吓人啊。	
DE_C2WINDMILL.TXT	46	voice	a5s1_rayne24.wav	$	Rayne: Come on!	きなさい！	来啊！	
DE_C2WINDMILL.TXT	47	voice	a3s6_Hedrox3_12.wav	HedroxF_3	Hedrox: Heheheheh!	ハハハハハハハハ！	哈哈哈哈哈哈哈哈！	
DE_C2WINDMILL.TXT	48	voice	a3s6_Hedrox2_13.wav	HedroxF_2	"Hedrox: You understand the word ""infinite,"" Rayne?"	レイン...“不死身”の意味 知ってるか？	莱恩……你知道“不死”是什么意思吗？	
DE_C2WINDMILL.TXT	49	voice	a3s6_Hedrox1_14.wav	HedroxF_1	Hedrox: We are infinite.	俺たち 不死身！	我们是不死的！	
DE_C2WINDMILL.TXT	50	voice	a3s6_Hedrox3_13.wav	HedroxF_3	Hedrox: Infinite...	不死身...	不死……	
DE_C2WINDMILL.TXT	51	voice	a3s6_Hedrox1_15.wav	HedroxF_1	Hedrox: Keep cutting.	斬ってみろ	尽管砍。	
DE_C2WINDMILL.TXT	52	voice	a3s6_Hedrox2_14.wav	HedroxF_2	Hedrox: Cut us.	斬れよ	砍啊。	
DE_C2WINDMILL.TXT	53	voice	a3s6_Hedrox3_14.wav	HedroxF_3	Hedrox: Cut us and meet more of us.	ヘドロックス 不死身...	赫德罗克斯不会死……	
DE_C2WINDMILL.TXT	54	voice	a5s1_rayne25.wav	$	Rayne: Know why I love you?  Cause you're smart.	あんたたち 利口だから 大好きよ	知道我为什么喜欢你们吗？因为你们够聪明。	
DE_C2WINDMILL.TXT	55	voice	a5s1_rayne26.wav	$	Rayne: Ah, but there's lots more where you came from, right?	でもあんたたち 分身を持って帰って来てる？	不过你们不是还能带着更多分身回来吗？	
DE_C2WINDMILL.TXT	56	voice	a5s1_rayne27.wav	$	Rayne: You wanna call em?  Or, how 'bout you cut some more of yourself right now?	なら電話で集合かけるか 自分を刻んで分身を増やせば？	要不要打电话把它们全叫来？或者现在就把自己切碎，多弄几个分身？	
DE_C2WINDMILL.TXT	57	voice	a5s1_rayne28.wav	$	Rayne: I will kill you over and over until there are none of you left.	例え何匹増えようと 必ず皆殺しにしてやる	不管你们变出多少只，我都会全部杀光。	
DE_C2WINDMILL.TXT	58	voice	a5s1_rayne29.wav	$	Rayne: One, two, twenty, a thousand.  You always equal zero to me, Hedrox.	たとえ何千匹いても アンタの価値は ゼロで変わらないけどさ	哪怕有几千只，你对我来说也永远等于零。	
DE_C2WINDMILL.TXT	59	voice	a3s6_Hedrox1_16.wav	HedroxExit0	Hedrox: Hedrox doesn't need Rayne.  Hedrox will change someone else's mind...	ヘドロックス レイン要らない\n他の記憶 食べる	赫德罗克斯不需要莱恩。\n去吃别人的记忆。	
DE_C2WINDMILL.TXT	60	hud	obj_hedrox		Hedrox	ヘドロックス	赫德罗克斯	
DE_C2WINDMILL.TXT	61	hud	obj_exit		Chase Hedrox through the broken wall.	ヘドロックスを追跡せよ	追踪赫德罗克斯	
DE_C3BOSSROOM.TXT	0	hud	MissionDescription		Of Wulfs and Demons	Of Wulfs and Demons	沃尔夫与恶魔	
DE_C3BOSSROOM.TXT	1	hud	ost_door		This door cannot be opened.	開かない	打不开。	
DE_C3BOSSROOM.TXT	2	hud	c3_bossroom_ob13		Get Beliar's heart away from Hedrox and Wulf.	ベリアルの心臓を奪取せよ	夺取贝利亚之心	
DE_C3BOSSROOM.TXT	3	hud	c3_bossroom_obj2		Kill Wulf.	G.G.G最高指揮官ウルフを抹殺せよ	消灭反幽灵小组最高指挥官沃尔夫	
DE_C3BOSSROOM.TXT	4	hud	c3_bossroom_obj3		Kill Beliar.	ベリアルの復活を阻止せよ	阻止贝利亚复活	
DE_C3BOSSROOM.TXT	5	voice	a3s10_Wulf1.wav	Wulf	Wulf: Give me the heart, Hedrox!	心臓をヘドロックス！	把心脏给我，赫德罗克斯！	
DE_C3BOSSROOM.TXT	6	voice	a3s10_Hedrox1_1.wav	Hedrox1	Hedrox: No.	嫌だ	不给。	
DE_C3BOSSROOM.TXT	7	voice	a3s10_Hedrox3_1.wav	Hedrox3	Hedrox: No.	嫌だ	不给。	
DE_C3BOSSROOM.TXT	8	voice	a3s10_Hedrox2_1.wav	Hedrox2	Hedrox: Mine.	俺のだ	这是我的。	
DE_C3BOSSROOM.TXT	9	voice	a3s10_Hedrox3_2.wav	Hedrox3	Hedrox: So glad all are here.	全部ある 嬉しい	全都到齐了。赫德罗克斯很高兴。	
DE_C3BOSSROOM.TXT	10	voice	a3s10_Hedrox2_2.wav	Hedrox2	Hedrox: So glad...	嬉しい...	真高兴……	
DE_C3BOSSROOM.TXT	11	voice	a3s10_Hedrox3_3.wav	Hedrox3	Hedrox: ...you brought Beliar's parts.	お前レリック 持ってきた	你把圣物带来了。	
DE_C3BOSSROOM.TXT	12	voice	a3s10_Hedrox2_3.wav	Hedrox2	Hedrox: Hedrox now knows the secret.	ヘドロックス レリックの秘密 解いた	赫德罗克斯已经解开了圣物的秘密。	
DE_C3BOSSROOM.TXT	13	voice	a3s10_Hedrox3_4.wav	Hedrox3	Hedrox: Here's a present for your collection, Rayne.	プレゼントある レイン	赫德罗克斯有礼物送给你，莱恩。	
DE_C3BOSSROOM.TXT	14	voice	a3s10_rayne1.wav	$	Rayne: Oberleutnant Bogue.	これはボーグ中尉の	这是博格中尉的……	
DE_C3BOSSROOM.TXT	15	voice	a3s10_Hedrox1_3.wav	Hedrox1	Hedrox: He guessed the answer for Hedrox.	そいつが答...くれた	是他把答案……告诉了赫德罗克斯。	
DE_C3BOSSROOM.TXT	16	voice	a3s10_Hedrox3_8.wav	Hedrox3	Hedrox: Tasty.	うまかった	味道很好。	
DE_C3BOSSROOM.TXT	17	voice	a3s10_Hedrox2_7.wav	Hedrox2	Hedrox: The secret!	秘密！	秘密！	
DE_C3BOSSROOM.TXT	18	voice	a3s10_Hedrox1_4.wav	Hedrox1	Hedrox: Secret.	秘密	秘密。	
DE_C3BOSSROOM.TXT	19	voice	a3s10_Hedrox3_9.wav	Hedrox3	Hedrox: The secret.	秘密	秘密！	
DE_C3BOSSROOM.TXT	20	voice	a3s10_rayne2.wav	$	Rayne: Hedrox! No!	ヘドロックス！ やめて	赫德罗克斯！住手！	
DE_C3BOSSROOM.TXT	21	voice	a3s10_Hedrox3_10.wav	Hedrox3	Hedrox: Beliar's black heart.	ベリアルの黒い心臓	贝利亚的黑心。	
DE_C3BOSSROOM.TXT	22	voice	a3s10_Hedrox1_5.wav	Hedrox1	Hedrox: The relic is hidden within.	レリックは この中に隠れてる	圣物就藏在里面。	
DE_C3BOSSROOM.TXT	23	voice	a3s10_Hedrox2_8.wav	Hedrox2	Hedrox: Ah! I can feel it.	ああ！ 感じる...	啊！赫德罗克斯感觉到了……	
DE_C3BOSSROOM.TXT	24	voice	a3s10_Hedrox1_11.wav	Hedrox1	Hedrox: It is powerful...	すごく強い...	力量好强……	
DE_C3BOSSROOM.TXT	25	voice	a3s10_Hedrox2_11.wav	Hedrox2	Hedrox: It is powerful...	すごく強い...	好强……	
DE_C3BOSSROOM.TXT	26	voice	a3s10_Hedrox3_11.wav	Hedrox3	Hedrox: It is powerful...	すごく強い...	好强……	
DE_C3BOSSROOM.TXT	27	voice	a3s10_Hedrox1_6.wav	Hedrox1	Hedrox: ...much more powerful.	すごく すごく強い...	非常、非常强……	
DE_C3BOSSROOM.TXT	28	voice	a3s10_Hedrox2_9.wav	Hedrox2	Hedrox: What have you done with Hedrox?	ヘドロックスに何した？	你们对赫德罗克斯做了什么？	
DE_C3BOSSROOM.TXT	29	voice	a3s10_Hedrox3_12.wav	Hedrox3	Hedrox: Where?	どこだ？	这是哪里？	
DE_C3BOSSROOM.TXT	30	voice	a3s10_beliar1.wav	Beliar	Beliar: There is no more Hedrox.  BELIAR IS BORN!  Again.	ヘドロックスの役目は終わった ベリアルの再来の時だ！	赫德罗克斯的使命已经结束。贝利亚再次降临的时候到了！	
DE_C3BOSSROOM.TXT	31	voice	a3s10_beliar2.wav	Beliar	Beliar: Now...each of you has something that belongs to me.	さて お前達が持つ身体の一部を返してもらう	现在，把你们身上属于我的部分还回来。	
DE_C3BOSSROOM.TXT	32	voice	a3s10_rayne3.wav	$	Rayne: You're going to have to come and get it.	欲しいならとりに来な	想要就自己来拿。	
DE_C3BOSSROOM.TXT	33	voice	a3s10_rayne4.wav	$	Rayne: That was for Mynce.	今のはミンスからよ	这一刀是替明斯还你的。	
DE_C3BOSSROOM.TXT	34	voice	a3s10_Wulf3.wav	Wulf	Wulf: Pathetic.  Doesn't your dead friend deserve a bit more than that?	情けない お前の死んだ友達も気の毒にな	真可怜。你那死去的朋友，就只值这一下？	
DE_C3BOSSROOM.TXT	35	voice	a3s10_rayne5.wav	$	Rayne: Oh, I'm not done yet.	まだ続きがあるわよ	别急，我还没完呢。	
DE_C3BOSSROOM.TXT	36	voice	a3s10_Wulf4.wav	Wulf	Wulf: Oh, I think you are.  But I'm not going to make the same mistake twice.  You won't die as easy as that traitor bitch.  For you, it will be a world of pain.	そうかな 私は同じ過ちは繰り返さん\nあの裏切り者のような単純な死ではなく お前には無限の痛みをやろう	是吗？我不会再犯同样的错误。\n你不会像那个叛徒一样死得那么痛快，我会让你承受无尽的痛苦。	
DE_C3BOSSROOM.TXT	37	voice	a3s10_rayne6.wav	$	Rayne: All this talk won't save you.  You're dead.  You just haven't grasped the concept yet.  I'll explain it to you.  In detail.	殺しは口でするもんじゃないわ\nそれに死ぬのはそっちだというこが分かってないようね\n今から身をもって 分からせてあげる	杀人可不是靠嘴说的。\n而且你好像还没明白，真正要死的人是你。\n我现在就让你亲身体会一下。	
DE_C3BOSSROOM.TXT	38	voice	a3s10_Wulf6.wav	Wulf				
DE_C3BOSSROOM.TXT	39	voice	a3s10_rayne7.wav	$	Rayne: Its been fun.	楽しかったわよ	打得还挺痛快。	
DE_C3BOSSROOM.TXT	40	voice	a3s10_rayne7b.wav	$	Rayne: Now what the hell do I do with this thing?	さて これは一体どうしたらいいの？	现在，这东西到底该怎么处理？	
DE_C3BOSSROOM.TXT	41	hud	a5s5_Rayne108	$	Rayne: If the heart is the source of Beliar's power, that's what I need to hit.	ベリアルのエネルギー源の心臓 叩いてやる	既然心脏是贝利亚力量的源头，那我就攻击那里。	
DE_C3BOSSROOM.TXT	42	hud	a5s5_Rayne109	$	Beliar's ribs won't protect you from all of my attacks forever, Wulf!	ウルフ いつまでベリアルの肋骨を頼ってる気	沃尔夫，你还想靠贝利亚的肋骨撑到什么时候？	
DE_C3BOSSROOM.TXT	43	hud	a5s5_Rayne110	$	Looks like you're not invincible after all, Wulf.	あなたは無敵じゃないわね ウルフ	看来你也不是无敌的，沃尔夫。	
DE_C3BOSSROOM.TXT	44	hud	a5s5_Rayne111	$	You should've found more of Beliar's ribs if you had wanted to live.	もっと生きるには ベリアルの肋骨が必要ね	想多活一会儿，你就该多找几根贝利亚的肋骨。	
DE_C3BRIDGE.TXT	0	hud	MissionDescription		The Bridge	The Bridge	大桥	
DE_C3BRIDGE.TXT	1	hud	c3_bridge_obj1		Escape the minefield.	地雷原を突破せよ	突破雷区	
DE_C3BRIDGE.TXT	2	hud	c3_bridge_obj2		Find and eliminate Officer	G.G.G将校を抹殺せよ	消灭反幽灵小组军官	
DE_C3BRIDGE.TXT	3	hud	c3_bridge_obj3		Seek targets in other areas	次の任務に向かえ	前往下一个任务区域	
DE_C3BRIDGE.TXT	4	hud	ost_officerdead		G.G.G - Major General D. Traugott: Eliminated	D・トラウゴット少将を抹殺した	D·特劳戈特少将已被消灭	
DE_C3BRIDGE.TXT	5	voice	a3s6_Soldier1_1.wav	Miner	Soldier: Vampire!	ヴァンパイアだ！	是吸血鬼！	
DE_C3BRIDGE.TXT	6	voice	a3s6_rayne7.wav	$	Rayne: Land mines.	地雷原のようね	看起来是片雷区。	
DE_C3BRIDGE.TXT	7	voice	a3s7_rayne8.wav	$	Rayne: Hello Jurgen.	あら ジャーゲン	你好啊，尤尔根。	
DE_C3BRIDGE.TXT	8	voice	a3s8_rayne16.wav	$	Rayne: What the fuck?	一体何？	这到底是怎么回事？	
DE_C3BRIDGE.TXT	9	voice	a3s7_rayne9.wav	$	Rayne: Why didn't Wulf kill me when he had the chance?	何故ジャーゲンは 私を殺さなかったの？	尤尔根当时为什么没有杀我？	
DE_C3DOME.TXT	0	hud	MissionDescription		Doppelganger	Doppelganger	镜像双子	
DE_C3DOME.TXT	1	hud	ost_door		This door cannot be opened.	開かない	打不开。	
DE_C3DOME.TXT	2	hud	c3_dome_obj1		Eliminate Officers	G.G.G上級将校を抹殺せよ	消灭反幽灵小组高级军官	
DE_C3DOME.TXT	3	hud	c3_dome_obj2		Climb the ladder.	上階に向え	前往上层	
DE_C3DOME.TXT	4	hud	c3_dome_obj3		Follow Mynce.	ミンスと行動を共にせよ	与明斯一同行动	
DE_C3DOME.TXT	5	hud	c3_dome_obj4		Break through the gate.	ゲ－トに向え	前往大门	
DE_C3DOME.TXT	6	hud	c3_dome_obj5		Hunt down and kill Jurgen Wulf.	G.G.G最高指揮官ウルフを追跡せよ	追踪反幽灵小组最高指挥官沃尔夫	
DE_C3DOME.TXT	7	voice	a3s8_rayne1.wav	$	"Rayne: The ""Doppelganger Twins"".  What a pleasant surprise.  Such handsome Nazis.  And two of them!"	ドッペルゲンガー兄弟ね\nお二人ともその ナチの割にはイケ面だし ゾクゾクしちゃうわ	原来是镜像双子。\n你们两个作为纳粹来说倒挺帅，真让人心痒。	
DE_C3DOME.TXT	8	voice	a3s8_Sigmund1.wav	Sigmund	Sigmund: We had no idea the troublemaker...	貴方が例の問題の方だなんて...	没想到那个惹麻烦的家伙……	
DE_C3DOME.TXT	9	voice	a3s8_Simon1.wav	Simon	Simon: ...would be as beautiful as you are.	美しいお嬢さんだったのね	……竟然是这么漂亮的小姐。	
DE_C3DOME.TXT	10	voice	a3s8_rayne2.wav	$	Rayne: And gentlemanly.  My luck is turning.	上品な方ね 会えてよかったですわ	而且还这么有教养。认识你真是荣幸。	
DE_C3DOME.TXT	11	voice	a3s8_Sigmund2.wav	Sigmund	Sigmund: What is your name, Fraulein?	お名前も素敵なんでしょ	你的名字想必也很好听吧？	
DE_C3DOME.TXT	12	voice	a3s8_rayne3.wav	$	Rayne: Why bother with names?  This won't be more than a one night stand.	名前に意味があって？\nそれに一夜のお付き合いでしょうから	名字有什么重要的？\n反正也就是一夜的交情。	
DE_C3DOME.TXT	13	voice	a3s8_Sigmund3.wav	Sigmund	Sigmund: Ah...that is too bad.	あら 寂しいことを言うのね	真是让人伤心。	
DE_C3DOME.TXT	14	voice	a3s8_Simon2.wav	Simon	Simon: A shame really.  We were hoping for...	悲しすぎる 私たちはもっと...	太令人难过了。我们本来还想……	
DE_C3DOME.TXT	15	voice	a3s8_Sigmund4.wav	Sigmund	Sigmund: ...something more of a commitment.	...他の人とも交わりたい	……跟你有更深入的交流。	
DE_C3DOME.TXT	16	voice	a3s8_rayne4.wav	$	Rayne: You know, you two remind me of someone.	あなた達はある人を思い出させるわ	你们让我想起了一个人。	
DE_C3DOME.TXT	17	voice	a3s8_Sigmund5.wav	Sigmund	Sigmund: Someone you're fond of?	それはあなたのいい人？	是你的情人吗？	
DE_C3DOME.TXT	18	voice	a3s8_rayne5.wav	$	Rayne: Wouldn't go that far.  Just someone I killed...again and again.	それは違うわ 殺したい相手よ 死にぞこないだけど	不是，是个我想杀的人。可惜他还没死透。	
DE_C3DOME.TXT	19	voice	a3s8_Sigmund6.wav	Sigmund	Sigmund: Ha ha ha!	ほっほほほほ！	呵呵呵呵呵！	
DE_C3DOME.TXT	20	voice	a3s8_Simon3.wav	Simon	Simon: She speaks of Hedrox.	ヘドロックスのことかしら	你说的是赫德罗克斯吗？	
DE_C3DOME.TXT	21	voice	a3s8_rayne8.wav	$	Rayne: So, you boys lose your arms playing catch?	その...無くした腕のことを聞いては失礼？	那个……问起你们失去的手臂，会不会太失礼？	
DE_C3DOME.TXT	22	voice	a3s8_Simon6.wav	Simon	Simon: No, we were born conjoined...	実は私たち結合状態で産まれちゃって...	其实我们出生时是连在一起的……	
DE_C3DOME.TXT	23	voice	a3s8_Sigmund9.wav	Sigmund	Sigmund: ...but sadly, separated soon after birth.	生まれたとき こんなふうに切り離されたの	刚出生不久，就像这样被分开了。	
DE_C3DOME.TXT	24	voice	a3s8_rayne9.wav	$	Rayne: Well when I'm done, you'll be both be missing more than an arm.	切り離されるのは 腕だけじゃすまなくなるかもしれないけど	等我收拾完你们，被分开的可能就不只是手臂了。	
DE_C3DOME.TXT	25	voice	a3s8_Simon7.wav	Simon	Simon: We don't miss an arm...	それは問題じゃない...	这倒没什么……	
DE_C3DOME.TXT	26	voice	a3s8_Sigmund10.wav	Sigmund	Sigmund: ...we miss the connection we once had.	完全だった結合が恋しいの	我们怀念的是曾经完整相连的感觉。	
DE_C3DOME.TXT	27	voice	a3s8_rayne10.wav	$	Rayne: You boys are too much.  Now this might hurt a little.	そうかしらね バラバラがよくない！	是吗？我倒觉得你们分得还不够彻底。	
DE_C3DOME.TXT	28	voice	a3s8_Sigmund11.wav	Sigmund	Sigmund: You should stop this nonsense...	馬鹿げてる それより...	真粗鲁。不过比起这个……	
DE_C3DOME.TXT	29	voice	a3s8_Simon8.wav	Simon	Simon: ...and join us.	...結合してみない	……你想不想跟我们结合？	
DE_C3DOME.TXT	30	voice	a3s8_rayne11.wav	$	Rayne: Are you talking about what I think you're talking about?	待ってよ\n結合ってひょっとしてアレのこと？	等等。\n你们说的“结合”，不会是我想的那种吧？	
DE_C3DOME.TXT	31	voice	a3s8_Sigmund12.wav	Sigmund	Sigmund: Isn't she...	彼女って...	她真是……	
DE_C3DOME.TXT	32	voice	a3s8_Simon9.wav	Simon	Simon: ...wonderful brother?	...素敵ね 兄さん	……太迷人了，哥哥。	
DE_C3DOME.TXT	33	voice	a3s8_Sigmund13.wav	Sigmund	Sigmund: My thoughts exactly.	やっぱり考えることは...	我们果然……	
DE_C3DOME.TXT	34	voice	a3s8_Simon10.wav	Simon	Simon: ...and limber.	...いつも一緒	……总是想到一起。	
DE_C3DOME.TXT	35	voice	a3s8_Sigmund14.wav	Sigmund	Sigmund: She's feisty...	でも 怒ってる	不过，她好像生气了。	
DE_C3DOME.TXT	36	voice	a3s8_Sigmund15.wav	Sigmund	Sigmund: I don't think she enjoys our company as much as we do hers, brother.	彼女は 私たちを\n受け入れてくれそうもないわ	她似乎不愿意\n接受我们。	
DE_C3DOME.TXT	37	voice	a3s8_rayne12.wav	$	Rayne: Oh, I'm really enjoying our little banter.  But that doesn't mean I'm not gonna kill you.	誤解しないで お話は楽しいのよ\n殺さないわけにはいかないけど	别误会，我跟你们聊得挺开心。\n可我还是得杀了你们。	
DE_C3DOME.TXT	38	voice	a3s8_Simon11.wav	Simon	Simon: I just love the crinkle above her nose when she gets angry.	怒ったときに鼻の頭にできるシワ\n可愛いいわね	你生气时鼻尖皱起来的样子，\n真可爱。	
DE_C3DOME.TXT	39	voice	a3s8_Sigmund16.wav	Sigmund	Sigmund: There must be an easier way for us to resolve this.	なにかいい解決策はないかしらね？	难道就没有两全的办法吗？	
DE_C3DOME.TXT	40	voice	a3s8_Simon12.wav	Simon	Simon: Give in to us, meine liebe.	降伏してよ 愛しい人	投降吧，亲爱的。	
DE_C3DOME.TXT	41	voice	a3s8_rayne13.wav	$	Rayne: I like you guys, so I'll give you a choice.  Who wants to be the first to die?	私からも提案があるわ\nどっちから殺すか選んで？	我也有个建议。\n你们自己选，谁先死？	
DE_C3DOME.TXT	42	voice	a3s8_Sigmund17.wav	Sigmund	Sigmund: You're so...	本当にあなた...	你真是……	
DE_C3DOME.TXT	43	voice	a3s8_Simon13.wav	Simon	Simon: ...cruel, little girl.	...ゾクゾクするわ	……让人兴奋。	
DE_C3DOME.TXT	44	voice	a3s8_rayne14.wav	$	Rayne: You ever feel there's just one of you too many?  I can help you with that.	あなたたち 自分が異常だってことを\n私が気づかせてあげる	你们好像还没意识到自己有多变态。\n我来帮你们认清现实。	
DE_C3DOME.TXT	45	voice	a3s8_Simon14.wav	Sigmund	Sigmund: Coming from you they're almost pleasurable.	そういう乱暴な言葉も似合ってるわよ	这种粗暴的话，从你嘴里说出来也很动听。	
DE_C3DOME.TXT	46	voice	a3s8_Sigmund18.wav	Simon	Simon: Threats, threats, threats...	恐怖 恐怖 恐怖...	恐惧，恐惧，恐惧……	
DE_C3DOME.TXT	47	voice	a3s8_Sigmund19.wav	Sigmund	Sigmund: Wonderful move, little girl.	見事だわ お嬢さん	真漂亮，小姐。	
DE_C3DOME.TXT	48	voice	a3s8_rayne16.wav	$	Rayne: What the fuck?	一体何？	怎么回事？	
DE_C3DOME.TXT	49	voice	a3s8_Simon16.wav	Simon	Simon: Oh look!  We surprised her, brother.	驚かせたみたいよ	看来我们吓到她了。	
DE_C3DOME.TXT	50	voice	a3s8_Sigmund20.wav	Sigmund	Sigmund: What a becoming look on her face.	彼女の表情 すごくいい感じ	她现在的表情真不错。	
DE_C3DOME.TXT	51	voice	a3s8_Simon17.wav	Simon	Simon: Oh tell her Sigmund.  She should know.	シグモント 彼女に教えてやって	西格蒙德，告诉她吧。	
DE_C3DOME.TXT	52	voice	a3s8_Sigmund21.wav	Sigmund	Sigmund: As with everything else, we share the other's pain.	私たちは全てを共有するわ 痛みもね	我们会共享一切，包括疼痛。	
DE_C3DOME.TXT	53	voice	a3s8_Simon17b.wav	Simon	Simon: One of us is unaffected, while the other suffers.	片方が痛みを受ける間 片方は何もできない	一个人承受疼痛时，另一个人就无法行动。	
DE_C3DOME.TXT	54	voice	a3s8_rayne17.wav	$	Rayne: So you punch yourself when you're mad at your brother?	兄弟喧嘩のときは 自分を殴れば済むってことね	所以你们兄弟吵架时，只要揍自己就行？	
DE_C3DOME.TXT	55	voice	a3s8_Simon18.wav	Simon	Simon: Ha ha ha.			
DE_C3DOME.TXT	56	voice	a3s8_Simon19.wav	Simon	Simon: She's so quick.  We should keep her.	彼女となら ずっと一緒にいたいわ	真想和她永远在一起。	
DE_C3DOME.TXT	57	voice	a3s8_Sigmund22.wav	Sigmund	Sigmund: We really hate to have to hurt you pretty girl.	その美しい姿 痛めつけたくない	我不想伤害她那美丽的身体。	
DE_C3DOME.TXT	58	voice	a3s8_Simon20.wav	Simon	Simon: Neeeaarrgh!	うああああああ！	呜啊啊啊啊啊！	
DE_C3DOME.TXT	59	voice	a3s8_Sigmund24.wav	Sigmund	Sigmund: Simon!	サイモン！	西蒙！	
DE_C3DOME.TXT	60	voice	a3s8_Sigmund25.wav	Sigmund	Sigmund: No need to fight anymore, little girl.	もう戦わなくていいわ お嬢さん	你不用再打了，小姐。	
DE_C3DOME.TXT	61	voice	a3s8_Sigmund26.wav	Sigmund	Sigmund: You have mortally wounded my brother.  I will follow soon.	兄弟が致命傷を負ったら 私も長くないのよ	我兄弟受了致命伤，我也活不了多久。	
DE_C3DOME.TXT	62	voice	a3s8_Simon21.wav	Simon	Simon: She got me.	やられちゃったわ	我们输了。	
DE_C3DOME.TXT	63	voice	a3s8_Sigmund27.wav	Sigmund	Sigmund: No, she got me.  I'm sorry brother.	私の方こそ全然ダメだわ 許してちょうだい	不，是我太没用了。原谅我。	
DE_C3DOME.TXT	64	voice	a3s8_Simon22.wav	Simon	Simon: I...I...can't see.  Where are you, Sigmund?	ああ 何も 何も見えない\nシグモント どこなの？	啊……什么都看不见了。\n西格蒙德，你在哪里？	
DE_C3DOME.TXT	65	voice	a3s8_Sigmund28.wav	Sigmund	Sigmund: I'm here.  I'm here with you.	ここよ すぐそばよ	我在这里，就在你身边。	
DE_C3DOME.TXT	66	voice	a3s8_Simon23.wav	Simon	Simon: I'm dying...	死ぬのね...	我们要死了……	
DE_C3DOME.TXT	67	voice	a3s8_Sigmund29.wav	Sigmund	Sigmund: Yes...	ええ...	是啊……	
DE_C3DOME.TXT	68	voice	a3s8_Simon25.wav	Simon				
DE_C3DOME.TXT	69	voice	a3s8_Sigmund30.wav	Sigmund	Sigmund: Nooooooooooooo!!!	死なないで！	别死！	
DE_C3DOME.TXT	70	voice	a3s8_Sigmund31.wav	Sigmund	Sigmund: Goodbye, Simon.	すぐ行くわ サイモン	我马上去陪你，西蒙。	
DE_C3DOME.TXT	71	voice	a3s8_Sigmund32.wav	Sigmund				
DE_C3DOME.TXT	72	voice	a3s8_Sigmund33.wav	Sigmund	Sigmund: You never told us your name...	貴方の名前...聞きたかった...	我还想……知道你的名字……	
DE_C3DOME.TXT	73	voice	a3s8_Sigmund34.wav	Sigmund	Sigmund: Meeeaagh!			
DE_C3DOME.TXT	74	voice	a3s8_Simon26.wav	Simon	Simon: Sigmund!	シグモント！	西格蒙德！	
DE_C3DOME.TXT	75	voice	a3s8_Simon27.wav	Simon	Simon: I will not fight you anymore.	もう戦わなくていいわ	你不用再打了。	
DE_C3DOME.TXT	76	voice	a3s8_Simon28.wav	Simon	Simon: My brother has been mortally wounded. I will follow soon.	兄弟が致命傷を負ったら 私も長くないの	我兄弟受了致命伤，我也活不了多久。	
DE_C3DOME.TXT	77	voice	a3s8_Sigmund35.wav	Sigmund	Sigmund: She's better than us, brother.	彼女 すごく強い...	她真的很强……	
DE_C3DOME.TXT	78	voice	a3s8_Simon29.wav	Simon	Simon: Yes.  I know.	ええ そうだった...	是啊……确实很强……	
DE_C3DOME.TXT	79	voice	a3s8_Sigmund36.wav	Sigmund	Sigmund: She is pretty, is she not?	彼女 可愛かったでしょ？	她很漂亮，对吧？	
DE_C3DOME.TXT	80	voice	a3s8_Simon30.wav	Simon	Simon: She is.	そうね	嗯。	
DE_C3DOME.TXT	81	voice	a3s8_Simon31.wav	Simon	Simon: My brother would like to know your name.	兄さんが名前を知りたいって	哥哥想知道你的名字。	
DE_C3DOME.TXT	82	voice	a3s8_Sigmund37.wav	Sigmund	Sigmund: She never told me...	教えてくれなかった...	你一直没告诉我们……	
DE_C3DOME.TXT	83	voice	a3s8_rayne18.wav	$	Rayne: It's...Rayne.	名前は レインよ	我叫莱恩。	
DE_C3DOME.TXT	84	voice	a3s8_Sigmund38.wav	Sigmund	Sigmund: Pretty...	いい...名前...	真……好听……	
DE_C3DOME.TXT	85	voice	a3s8_Sigmund39.wav	Sigmund				
DE_C3DOME.TXT	86	voice	a3s8_Simon32.wav	Simon	Simon: Sigmund.  My...brother.	シグモント...兄さん...	西格蒙德……哥哥……	
DE_C3DOME.TXT	87	voice	a3s8_Simon33.wav	Simon				
DE_C3DOME.TXT	88	voice	a3s8_Simon34.wav	Simon	Simon: Goodbye...Rayne.	うう...さよなら...レイン...	呃……再见了……莱恩……	
DE_C3DOME.TXT	89	voice	a3s8_rayne19.wav	$	Rayne: Who could that be?	なんで吊り梯子が？	这里怎么会有一架绳梯？	
DE_C3DOME.TXT	90	voice	a3s9_rayne1.wav	$	Rayne: Mynce!?	ミンス？	明斯？	
DE_C3DOME.TXT	91	voice	a3s9_mynce1.wav	Mynce	Mynce: Hello Rayne.	お久しぶり レイン	好久不见，莱恩。	
DE_C3DOME.TXT	92	voice	a3s9_rayne2.wav	$	Rayne: You know, your whole coming-back-from-the-dead act is really starting to get old, Mynce.	『一回死んだけど蘇ってみました』って話しだったら\nもう飽きたからね	你要是又想说什么“死过一次又活了”，\n那套把戏我已经看腻了。	
DE_C3DOME.TXT	93	voice	a3s9_mynce2.wav	Mynce	Mynce: I'm not doing this on purpose.	好きでやってるわけじゃなくってよ	我也不是故意的。	
DE_C3DOME.TXT	94	voice	a3s9_rayne3.wav	$	Rayne: Listen, do you want to help me or kill me?  Make up your mind!	ちょっと 私を助けたいの 殺したいの\nいいかげんはっきりして	你到底是想帮我，还是想杀我？\n能不能给句准话？	
DE_C3DOME.TXT	95	voice	a3s9_mynce3.wav	Mynce	Mynce: I'm sorry.  But Wulf was watching us. I couldn't blow my cover.	すまなかったけど ウルフの前で正体をばらすわけにはいかなかったの	抱歉，可沃尔夫在场，我不能暴露自己的身份。	
DE_C3DOME.TXT	96	voice	a3s9_rayne4.wav	$	Rayne: Oh please.	ほんとかしら	真的吗？	
DE_C3DOME.TXT	97	voice	a3s9_mynce4.wav	Mynce	Mynce: Rayne.  I'm a double agent - ever since that mission in Louisiana.	よく聞いて 私は二重スパイなの ルイジアナのときからずっとね	听好。我是双面间谍，从路易斯安那那次任务起就是。	
DE_C3DOME.TXT	98	voice	a3s9_rayne5.wav	$	Rayne: You expect me to swallow that?	それを全部信じろって言うの	你想让我把这些话全信了？	
DE_C3DOME.TXT	99	voice	a3s9_mynce5.wav	Mynce	Mynce: Yes I do.  Who do you think saved you after Wulf left you for dead in Louisiana?	考えてみて ルイジアナでウルフが立ち去った後\n一体誰が助けたと思う？	仔细想想。沃尔夫在路易斯安那把你扔下后，\n到底是谁救了你？	
DE_C3DOME.TXT	100	voice	a3s9_mynce6.wav	Mynce	Mynce: Who do you think led you to the target file in Germany?	ドイツで暗殺リストまで 導いたのは誰かしら？	又是谁在德国引你找到暗杀名单？	
DE_C3DOME.TXT	101	voice	a3s9_mynce7.wav	Mynce	Mynce: Who do you think has been your informant this entire time?	それに あなたへの情報提供者は 誰だと思ってたの？	你以为一直给你提供情报的人是谁？	
DE_C3DOME.TXT	102	voice	a3s9_rayne6.wav	$	Rayne: I...but...	だけど 私...	可我……	
DE_C3DOME.TXT	103	voice	a3s9_mynce8.wav	Mynce	Mynce: Here!	これを	拿着。	
DE_C3DOME.TXT	104	voice	a3s9_rayne7.wav	$	Rayne: Officer nameplates.	将校の名札だわ	这些是军官的身份牌。	
DE_C3DOME.TXT	105	voice	a3s9_mynce9.wav	Mynce	Mynce: You can check them off your list.  Maybe now you believe me.	暗殺リストから外していいわ\nこれでも信じないの？	可以把他们从暗杀名单上划掉了。\n这下你总该信我了吧？	
DE_C3DOME.TXT	106	voice	a3s9_rayne8.wav	$	Rayne: All right.  Maybe I don't have a choice.	わかった 信じる それでいい？	好吧，我信你。这样行了吧？	
DE_C3DOME.TXT	107	voice	a3s9_mynce10.wav	Mynce	Mynce: Don't do me any favors.	相変わらずいい子じゃない	你还是这么乖。	
DE_C3DOME.TXT	108	voice	a3s9_rayne9.wav	$	Rayne: So why haven't you killed Wulf yet?	ところで なぜウルフを生かしておくの？	那你为什么一直没有杀掉沃尔夫？	
DE_C3DOME.TXT	109	voice	a3s9_mynce11.wav	Mynce	Mynce: It's not that easy.  He's almost invincible with all the relics in his body.	簡単じゃないの\nレリックを備えたあいつの身体は 無敵と言ってもいいわ	事情没那么简单。\n他把圣物植入体内，几乎已经无敌了。	
DE_C3DOME.TXT	110	voice	a3s9_mynce12.wav	Mynce	Mynce: He has the ribs from Louisiana, an eye like yours, a hand, and teeth.	ベリアルの肋骨を始め目と手と牙を備えたわ	他体内有贝利亚的肋骨、眼睛、手和牙齿。	
DE_C3DOME.TXT	111	voice	a3s9_mynce13.wav	Mynce	Mynce: But we can't let him get Beliar's heart.  It's the most dangerous piece.	だから 心臓だけは渡せない\n最も重要で危険だから	所以绝不能让他得到心脏。\n那是最重要、也最危险的部分。	
DE_C3DOME.TXT	112	voice	a3s9_rayne10.wav	$	Rayne: Hedrox already has it-	ヘドロックスが手に入れたわ...	赫德罗克斯已经拿到了……	
DE_C3DOME.TXT	113	voice	a3s9_mynce14.wav	Mynce	Mynce: What!?	え？	什么？	
DE_C3DOME.TXT	114	voice	a3s9_rayne11.wav	$	"Rayne: I don't think he knows how to use it though.  He's looking for officers to ""interrogate""."	でも 使い方が分からないから\n扱えそうな将校を片っ端から探しているわ	不过他不知道该怎么使用，\n所以正在挨个寻找可能知道方法的军官。	
DE_C3DOME.TXT	115	voice	a3s9_mynce15.wav	Mynce	Mynce: I thought the relic was automatic.	自ら力は発しないの？	那颗心脏本身不会释放力量吗？	
DE_C3DOME.TXT	116	voice	a3s9_rayne12.wav	$	Rayne: I did too.  But nothing happened.	そうね 私の眼にも何も起こらないし	看来不会。我体内这只眼睛也没有任何反应。	
DE_C3DOME.TXT	117	voice	a3s9_mynce16.wav	Mynce	Mynce: We need to get that thing away from him and Wulf.  The heart can awaken the demon himself, and we can't let that happen.	あれをヘドロックスとウルフに渡すのは危険ね\nベリアルの心臓は邪悪な悪魔を目覚めさせる 必ず阻止しないと	绝不能让赫德罗克斯或沃尔夫掌握那颗心脏。\n贝利亚之心能唤醒那个邪恶的恶魔，我们必须阻止他们。	
DE_C3DOME.TXT	118	voice	a3s9_mynce20.wav	Mynce	Mynce: Aargh!			
DE_C3DOME.TXT	119	voice	a3s9_rayne13.wav	$	Rayne: Mynce!	ミンス！	明斯！	
DE_C3DOME.TXT	120	voice	a3s9_Wulf5.wav	Wulf	Wulf: No one crosses me, ever.  Especially not a bastard vampire.  I am Jurgen Wulf.	ジャーゲン・ウルフは誰にも止められない\n特に不完全なヴァンパイアなどにはな	没有人能阻止尤尔根·沃尔夫，\n尤其是你这种不完整的吸血鬼。	
DE_C3DOME.TXT	121	voice	a3s9_Wulf6.wav	Wulf	Wulf: And I will soon hold the heart of Beliar and become immortal.  I will be God.	ベリアルの心臓を手に入れ\n不死身の神となる者...それは私だ	我会得到贝利亚之心，\n成为不死之神……那个人就是我！	
DE_C3DOME.TXT	122	voice	a3s9_rayne14.wav	$	Rayne: You bastard!	このゲス野郎！	你这个下流混账！	
DE_C3DOME.TXT	123	voice	a3s9_Wulf7.wav	Wulf	Wulf: Such hatred.  Such fear.	憎悪は恐怖を生む	仇恨会滋生恐惧。	
DE_C3DOME.TXT	124	voice	a3s9_rayne15.wav	$	Rayne: I'm going to make you pay for this.  You hear me?  You'll pay for this!	覚えておきな\nこの報いは きっちり受けてもらう\nわかったかい！	给我记住。\n这笔账，我一定会让你连本带利还清。\n听懂了吗！	
DE_C3DOME.TXT	125	voice	a3s9_Wulf8.wav	Wulf	Wulf: Yes!  Let the rage burn, Rayne.  Feed it.	おお！ 怒りを燃え上がらせろ レインよ！	对！让怒火燃烧吧，莱恩！	
DE_C3DOME.TXT	126	voice	a3s9_rayne16.wav	$	Rayne: Go to hell!	地獄へ落ちな！	下地狱吧！	
DE_C3DOME.TXT	127	voice	a3s9_Wulf9.wav	Wulf	Wulf: Why do you think I haven't killed you yet?	何故お前を生かしておいたと思う？	你以为我为什么一直留你一命？	
DE_C3DOME.TXT	128	voice	a3s9_rayne17.wav	$	Rayne: That's gonna be your biggest mistake you son of a bitch!	単なるミスよ\nあんたの最大のミスだけどね！	只不过是个失误。\n也是你犯过最大的失误！	
DE_C3DOME.TXT	129	voice	a3s9_Wulf10.wav	Wulf	Wulf: Hedrox waits in the cathedral.  You will join us?	ヘドロックスが大聖堂で待ってる\nお前も来るか？	赫德罗克斯正在大教堂等着。\n你也要来吗？	
DE_C3DOME.TXT	130	voice	a3s9_Wulf11.wav	Wulf	Wulf: You both have something I want.	お前たちの持ち物が必要だ	你们两个身上，都有我需要的东西。	
DE_C3DOME.TXT	131	voice	a3s9_rayne18.wav	$	Rayne: I'll kill you, Wulf!  Do you hear me?  I'll pull you to pieces!	いいかい あんたを殺す！\nバラバラに斬り裂いてやるからね！	听好了，我会杀了你！\n我要把你一块一块撕碎！	
DE_C3DOME.TXT	132	voice	a3s9_rayne19.wav	$	Rayne: Mynce!  Oh Jesus Mynce.  Please tell me you're somehow faking this.	ミンス！\nああ なんてこと...また死んだふりしてるんでしょう	明斯！\n不会吧……你又是在装死，对吧？	
DE_C3DOME.TXT	133	voice	a3s9_rayne20.wav	$	Rayne: Tell me!	そうでしょ！	对吧！	
DE_C3DOME.TXT	134	voice	a6s1_rayne193.wav	$	Rayne: Mynce! Oh, Jesus. Mynce.	ミンス！\nなんてこと...ミンス	明斯！\n不……明斯……	
DE_C3DOME.TXT	135	voice	a3s9_rayne21.wav	$	Rayne: You aren't coming back this time, are you?	今度は本当に死んじゃったの	这次你真的回不来了。	
DE_C3DOME.TXT	136	voice	a3s9_rayne22.wav	$	Rayne: I'll make him pay.  I promise.  Today, Jurgen Wulf will die.	報いを受けさせる 約束する\n今日がジャーゲン・ウルフの命日よ	我保证会让他付出代价。\n今天就是尤尔根·沃尔夫的死期。	
LA_BEAU.TXT	0	hud	MissionDescription		The Beauregard House	The Beauregard House	博勒加德宅邸	
LA_BEAU.TXT	2	hud	ost_message		Find and destroy the nest. Find any survivors.	バイオマスを駆除し、生存者を救出せよ	清除生物组织块并营救幸存者	
LA_BEAU.TXT	3	hud	ost_nestthree		Find and destroy the nest.	バイオマスを駆除せよ	清除生物组织块	
LA_BEAU.TXT	4	hud	ost_survivor		Find any survivors.	生存者を救出せよ	营救幸存者	
LA_BEAU.TXT	5	hud	ost_complete		Proceed to the next area.	次の任務に向え	前往下一个任务区域	
LA_BEAU.TXT	6	hud	ost_battery		Find the power supply for the elevator.	リフトに必要なバッテリーを入手せよ	取得升降机所需的电池	
LA_BEAU.TXT	7	hud	ost_lift		Activate the elevator.	地下室に侵入せよ	潜入地下室	
LA_BEAU.TXT	9	voice	a1s0_Rayne3.wav	$	Rayne: Nine left.	あと９つ	还剩9个	
LA_BEAU.TXT	10	voice	a1s0_Rayne4.wav	$	Rayne: Eight more.	あと８つ	还剩8个	
LA_BEAU.TXT	11	voice	a1s0_Rayne5.wav	$	Rayne: Seven left.	あと７つ	还剩7个	
LA_BEAU.TXT	12	voice	a1s0_Rayne6.wav	$	Rayne: Six left.	あと６つ	还剩6个	
LA_BEAU.TXT	13	voice	a1s0_Rayne7.wav	$	Rayne: Five more.	あと５つ	还剩5个	
LA_BEAU.TXT	14	voice	a1s0_Rayne8.wav	$	Rayne: Four remain.	あと４つ	还剩4个	
LA_BEAU.TXT	15	voice	a1s0_Rayne9.wav	$	Rayne: Three left.	あと３つ	还剩3个	
LA_BEAU.TXT	16	voice	a1s0_Rayne10.wav	$	Rayne: Only two more.	あと２つ	还剩2个	
LA_BEAU.TXT	17	voice	a1s0_Rayne11.wav	$	Rayne: One left.	あと１つよ	只剩最后1个	
LA_BEAU.TXT	19	voice	a1s0_Rayne12a.wav	$	Rayne: Blocked.	通れないわ	这里过不去。	
LA_BEAU.TXT	20	voice	a1s0_Rayne13b.wav	$	Rayne: Won't budge.	動かない	它动不了。	
LA_BEAU.TXT	21	voice	a1s0_Rayne14b.wav	$	Rayne: It won't open from this side.	中から鍵がかかってる	门从里面锁住了。	
LA_BEAU.TXT	22	voice	a1s0_Rayne15.wav	$	Rayne: Nothing that way.	こっちじゃなさそう	看来不是这边。	
LA_BEAU.TXT	23	voice	a1s0_Rayne16a.wav	$	Rayne: Wrong way.	こっちじゃない	不是这边。	
LA_BEAU.TXT	24	voice	a1s0_Rayne17c.wav	$	Rayne: Nope, not done here.	まだやり残した仕事がある	还有事情没做完。	
LA_BEAU.TXT	25	voice	a1s0_Rayne18a.wav	$	Rayne: I'm done there.	ここはもういい	这里已经没事了。	
LA_BEAU.TXT	27	voice	a1s8_Boyfriend1.wav	Boyfriend	Boyfriend: No!  Noooo!	やめてくれー！	住手！	
LA_BEAU.TXT	28	voice	a1s8_Kristin1.wav	Kristin	Kristin: Somebody help us!	誰かたすけて！	谁来救救我！	
LA_BEAU.TXT	29	voice	a1s8_Kristin2.wav	Kristin	Kristin: S'il vous plait!	助けて！	救命！	
LA_BEAU.TXT	30	voice	a1s8_Boyfriend2.wav	Boyfriend	Boyfriend: Run!  Run!	走れ 走れ！	快跑！快跑！	
LA_BEAU.TXT	31	voice	a1s8_Rayne1.wav	$	Rayne: Run to the Famille Termaine mausoleum.	ファーマイル・ターマインの聖堂まで走って	快跑到特梅恩家族陵墓！	
LA_BEAU.TXT	32	voice	a1s8_Boyfriend3.wav	Boyfriend	Boyfriend: Merci.	ありがとう	谢谢！	
LA_BEAU.TXT	33	voice	a1s8_Kristin3.wav	Kristin	Kristin: Merci.	ありがとう	谢谢！	
LA_BEAU.TXT	34	voice	a1s8_Boyfriend4.wav	Boyfriend	Boyfriend: Nooooooooo...	やめろー！	住手！	
LA_BEAU.TXT	35	voice	a1s8_Kristin4.wav	Kristin	Kristin: Nahhhhaaah!			
LA_BEAU.TXT	36	voice	a1s8_Boyfriend5.wav	Boyfriend	Boyfriend: Aaaammmmnnnnngh!			
LA_BEAU.TXT	37	voice	a1s8_Kristin5.wav	Kristin	Kristin: Nnneerrrgghh. Mmpf.			
LA_BEAU.TXT	38	voice	a1s8_Boyfriend6c.wav	Boyfriend				
LA_BEAU.TXT	39	voice	a1s8_Kristin6d.wav	Kristin				
LA_BEAU.TXT	40	voice	a1s8_Boyfriend7.wav	Boyfriend	Boyfriend: Kristin! Nooooooo!	クリスティン！ よせ！	克里斯汀！住手！	
LA_BEAU.TXT	41	voice	a1s8_Kristin7.wav	Kristin	Kristin: Why!? Why!?	どうして！	为什么！	
LA_BEAU.TXT	43	voice	a1s8_Rayne2.wav	$	Rayne: Damn. It had to be in a flooded basement, didn't it?	くそ どうしても水に入れってわけね	该死，非得让我下水是吧。	
LA_BEAU.TXT	44	voice	a5s5_Rayne127.wav	$	Rayne: The battery's dead.  I need another one.	バッテリーが見当たらないわ	这里没有电池。	
LA_BEAU.TXT	45	voice	a5s5_Rayne130.wav	$	Rayne: Ah!  A battery.	あら バッテリーだわ	啊，找到电池了。	
LA_BEAU.TXT	46	voice	a6s1_Rayne161.wav	$	Rayne: I bet the car in the garage has one.	ガレージの車にあったはずね	车库那辆车上应该有一块。	
LA_BEAU.TXT	48	voice	a1s8_Teengirl1.wav	Teengirl	Teengirl: Daddy!	あんた！	喂！	
LA_BEAU.TXT	49	voice	a1s8_Daddy1.wav	Daddy	Daddy: It's ok, mon petite.	大丈夫だよ　お前	没事了，孩子。	
LA_BEAU.TXT	50	voice	a1s8_Daddy2.wav	Daddy	Daddy: Who are you?	あんた誰だ？	你是谁？	
LA_BEAU.TXT	51	voice	a1s8_Rayne4.wav	$	Rayne: That doesn't matter.  Go to the Famille Termaine mausoleum as quickly as possible.	そんなことより出来るだけ早く\nファーマイル・ターマインの聖堂に向かって	这不重要。你们尽快\n赶去特梅恩家族陵墓。	
LA_BEAU.TXT	52	voice	a1s8_Teengirl2.wav	Teengirl	Teengirl: Da-aaa-dy!	あんた！	喂！	
LA_BEAU.TXT	53	voice	a1s8_Teengirl3.wav	Teengirl				
LA_BEAU.TXT	54	voice	a1s8_Rayne5.wav	$	Rayne: Go!	行って！	快走！	
LA_BEAU.TXT	55	voice	a1s8_Daddy3.wav	Daddy	Daddy: Argh, ack.	うわ！ そんな	哇！怎么会……	
LA_BEAU.TXT	56	voice	a1s8_Teengirl4.wav	Teengirl	Teengirl: Pleeaaase...	お願い...	求你……	
LA_BEAU.TXT	57	voice	a1s8_Daddy4.wav	Daddy	Daddy: Nnneerrrgghh.  Mmpf.			
LA_BEAU.TXT	58	voice	a1s8_Teengirl5.wav	Teengirl	Teengirl: Aaaammmmnnnnngggrrgh!			
LA_BEAU.TXT	59	voice	a1s8_Daddy5b.wav	Daddy				
LA_BEAU.TXT	60	voice	a1s8_Teengirl6b.wav	Teengirl				
LA_BOATYARD.TXT	0	hud	MissionDescription		The Ship Graveyard	The Ship Graveyard	船舶墓地	
LA_BOATYARD.TXT	2	hud	ost_boatyard		Follow the aura to the source.	バイオマスに続くオーラを追え	循着通往生物组织块的灵光前进	
LA_BOATYARD.TXT	4	voice	a1s0_Rayne12a.wav	$	Rayne: Blocked.	通れないわ	这里过不去。	
LA_BOATYARD.TXT	5	voice	a1s0_Rayne13b.wav	$	Rayne: Won't budge.	動かない	它动不了。	
LA_BOATYARD.TXT	6	voice	a1s0_Rayne14b.wav	$	Rayne: It won't open from this side.	中から鍵がかかってる	门从里面锁住了。	
LA_BOATYARD.TXT	7	voice	a1s0_Rayne15.wav	$	Rayne: Nothing that way.	こっちじゃなさそう	看来不是这边。	
LA_BOATYARD.TXT	8	voice	a1s0_Rayne16a.wav	$	Rayne: Wrong way.	こっちじゃない	不是这边。	
LA_BOATYARD.TXT	9	voice	a1s0_Rayne17c.wav	$	Rayne: Nope, not done here.	まだやり残した仕事がある	还有事情没做完。	
LA_BOATYARD.TXT	10	voice	a1s0_Rayne18a.wav	$	Rayne: I'm done there.	ここはもういい	这里已经没事了。	
LA_BOATYARD.TXT	12	voice	a1s13_rayne1.wav	$	Rayne: End of the line.	見失ったわ	跟丢了。	
LA_BOATYARD.TXT	13	voice	a1s13_rayne2.wav	$	Rayne: Hmm...what if?	いったいどっち？	到底往哪边走？	
LA_BOATYARD.TXT	14	voice	a1s13_rayne3.wav	$	Rayne: Mother of God!  What is that!?	一体、あれは何なの？	那到底是什么？	
LA_BOATYARD.TXT	15	voice	a1s13_rayne4.wav	$	Rayne: It's enormous.	巨大なオーラね	好强的灵光。	
LA_BOATYARD.TXT	16	voice	a1s13_rayne5.wav	$	Rayne: Only one way to find out.	調べてみる必要があるわ	我得过去调查一下。	
LA_CHURCH.TXT	0	hud	MissionDescription		Sanctuary	Sanctuary	避难所	
LA_CHURCH.TXT	2	hud	ost_mynce		Talk to Mynce.	ミンスと会話せよ	与明斯交谈	
LA_CHURCH.TXT	3	hud	ost_getweapons		Stock up on weapons.	武器を入手せよ	取得武器	
LA_CHURCH.TXT	4	hud	ost_wall		Investigate the wall.	壁を調査せよ	调查围墙	
LA_CHURCH.TXT	5	hud	ost_graveyard		Head to the Graveyard.	墓地に向え	前往墓地	
LA_CHURCH.TXT	6	hud	ost_blank					
LA_CHURCH.TXT	8	voice	a1s0_Rayne12a.wav	$	Rayne: Blocked.	通れないわ	这里过不去。	
LA_CHURCH.TXT	9	voice	a1s0_Rayne13b.wav	$	Rayne: Won't budge.	動かない	它动不了。	
LA_CHURCH.TXT	10	voice	a1s0_Rayne14b.wav	$	Rayne: It won't open from this side.	中から鍵がかかってる	门从里面锁住了。	
LA_CHURCH.TXT	11	voice	a1s0_Rayne15.wav	$	Rayne: Nothing that way.	こっちじゃなさそう	看来不是这边。	
LA_CHURCH.TXT	12	voice	a1s0_Rayne16a.wav	$	Rayne: Wrong way.	こっちじゃない	不是这边。	
LA_CHURCH.TXT	13	voice	a1s0_Rayne17c.wav	$	Rayne: Nope, not done here.	まだやり残した仕事がある	还有事情没做完。	
LA_CHURCH.TXT	14	voice	a1s0_Rayne18a.wav	$	Rayne: I'm done there.	ここはもういい	这里已经没事了。	
LA_CHURCH.TXT	16	voice	a1s2_mynce1.wav	Mynce	Mynce: What are you doing Rayne!?	何をしているの　レイン	莱恩，你在干什么？	
LA_CHURCH.TXT	17	voice	a1s2_mynce2.wav	Mynce	Mynce: Knock it off!	いい加減にして！	适可而止！	
LA_CHURCH.TXT	18	voice	a1s2_mynce3.wav	Mynce	Mynce: I wouldn't do that!	やめなさい！	住手！	
LA_CHURCH.TXT	19	voice	a1s2_mynce4.wav	Mynce	Mynce: Bitch!	メス豚！	你这母猪！	
LA_CHURCH.TXT	20	voice	a1s2_mynce5.wav	Mynce	Mynce: Quit!	やめなさい！	快住手！	
LA_CHURCH.TXT	21	voice	a1s4_mynce34.wav	Mynce	Mynce: You've got work to do.  Go!	他にやることがあるでしょう　行って	你还有别的事要做，快去吧。	
LA_CHURCH.TXT	23	hud	ost_mortton		1933 - Mortton, Louisiana	1933年アメリカ合衆国ルイジアナ州モ－トン	1933年，美国路易斯安那州莫顿	
LA_CHURCH.TXT	25	voice	a1s1_Rayne1.wav	Hero_Airboat	Rayne: Damn bloodsuckers...	うっとうしい奴ら...	这些家伙真烦……	
LA_CHURCH.TXT	26	voice	a1s1_mynce1.wav	Mynce	Mynce: Careful with your relatives.	あなたのお仲間でしょ	它们可是你的同类。	
LA_CHURCH.TXT	27	voice	a1s1_Rayne2.wav	Hero_Airboat	Rayne: They should have more sense.	一緒にしないで	别把我跟它们混为一谈。	
LA_CHURCH.TXT	28	voice	a1s1_mynce2.wav	Mynce	Mynce: Welcome to Louisiana, Rayne.	ルイジアナにようこそ レイン	欢迎来到路易斯安那，莱恩。	
LA_CHURCH.TXT	29	voice	a1s1_Rayne3.wav	Hero_Airboat	Rayne: Thanks for dragging me out here.  I just love the water.	素敵なところね 水も大好きだし	真是个好地方。我又偏偏最喜欢水。	
LA_CHURCH.TXT	30	voice	a1s1_mynce3.wav	Mynce	Mynce: You're only half-vampire.  A dip might hurt, but it won't kill you.	あなたは半分がヴァンパイア\n水に苦痛は感じるけど 死なないわ	你只有一半吸血鬼血统。\n水会让你感到痛苦，但不会杀死你。	
LA_CHURCH.TXT	31	voice	a5s5_Rayne136.wav	Hero_Airboat	Rayne: So does sticking a finger in my eye.  Doesn't mean I have to do it.	わかってるけど 試すほど馬鹿じゃないわ	我知道，但我没蠢到非得亲自试试。	
LA_CHURCH.TXT	32	voice	a1s1_mynce4.wav	Mynce	Mynce: No time for pleasantries.  Just like your half-sister.	私達の特性についての話はやめましょう	别再谈我们这些特性了。	
LA_CHURCH.TXT	33	voice	a1s1_Rayne5.wav	Hero_Airboat	Rayne: Yeah, it's a family trait.  I'd just like to walk on my own two feet someday.	その特性とはおさらばする気だけど	我倒是打算跟那种特性说再见。	
LA_CHURCH.TXT	34	voice	a1s1_mynce5.wav	Mynce	Mynce: You will.  I'm only here to make sure your cockiness doesn't get you killed.  That's all.	ならいいけど...あなたの自信過剰が命を縮めないことを願ってるわよ	那就好……但愿你的过度自信不会害死你。	
LA_CHURCH.TXT	35	voice	a1s1_Rayne6.wav	Hero_Airboat	Rayne: I'm just confident in my abilities.	自分の能力には自信があるわ	我只是对自己的本事有信心。	
LA_CHURCH.TXT	36	voice	a1s1_mynce6.wav	Mynce	Mynce: So am I.  But this is your first assignment for the Brimstone Society, so everything must go according to plan.	そうでしょうとも\nただし 今回はブリムストーン・ソサエティでの最初の任務だから\n計画通り やってちょうだい	我知道。\n不过，这是你加入硫磺会后的第一次任务，\n必须按计划行动。	
LA_CHURCH.TXT	37	voice	a5s5_Rayne137.wav	Hero_Airboat	Rayne: Or make sure I don't try to kill my vampire father again.	父であるヴァンパイアを殺す楽しみは先送りね	看来杀掉你那个吸血鬼父亲的乐趣，只能往后推了。	
LA_CHURCH.TXT	38	voice	a1s1_mynce7.wav	Mynce	Mynce: If needed.  And prepare you.	そのときが来たら教えるわ	时机到了，我会告诉你。	
LA_CHURCH.TXT	39	voice	a5s5_Rayne138.wav	Hero_Airboat	Rayne: I suppose you want me to go over the mission again?	例の任務にまた戻れということかしら	你又要让我重复一遍任务？	
LA_CHURCH.TXT	40	voice	a1s1_mynce8.wav	Mynce	Mynce: What do we know so far?	任務はわかっているの？	你真的清楚任务内容吗？	
LA_CHURCH.TXT	41	voice	a1s1_Rayne9.wav	Hero_Airboat	Rayne: The Earth is round and rotates around the sun...	いつまでたっても同じことの繰り返し...	总是反反复复说同一件事……	
LA_CHURCH.TXT	42	voice	a1s1_mynce9.wav	Mynce	Mynce: And beyond that?	また愚痴	又开始抱怨了。	
LA_CHURCH.TXT	43	voice	a1s1_Rayne10.wav	Hero_Airboat	Rayne: Fine.  Newspapers claim the people of Mortton, Louisiana are turning into some type of monster.  They're calling them 'Mutates'.  Doctors think a new disease is the cause, so they've quarantined the area.	新聞によるとルイジアナ州モートンの住人がある種の化け物に\n突如変化 彼らは「ミュータント」と呼ばれ 医師団は\n新種の病原体が原因と判断...	据报纸报道，路易斯安那州莫顿的居民突然变成了某种怪物。\n人们称他们为“变异体”，医生认为\n这一切是由一种新型病原体造成的……	
LA_CHURCH.TXT	44	voice	a1s1_mynce10.wav	Mynce	Mynce: You make me proud.	分かってるじゃない	看来你很清楚嘛。	
LA_CHURCH.TXT	45	voice	a1s1_Rayne11.wav	Hero_Airboat	Rayne: There are numerous known biological masses in town.  They appear to be the 'carriers' of the condition.	付け加えれば 町にはバイオマスがあって\n今もバケモノが増殖している...	另外，镇上还出现了生物组织块，\n那些怪物直到现在仍在不断繁殖……	
LA_CHURCH.TXT	46	voice	a1s1_mynce11.wav	Mynce	Mynce: And that's where you come in.  Destroy the sources of the infection.  And as many of the infected townspeople as possible.  The disease cannot spread beyond this village.	それが今回の任務よ ひとつ残らず叩きつぶし\n感染した住民も可能な限り片付けてちょうだい\nこの町で終わらせるのよ	这就是你这次的任务。把它们一个不留地全部摧毁，\n并尽可能处理掉受感染的居民。\n必须让这场灾难止步于这个镇子。	
LA_CHURCH.TXT	47	voice	a1s1_Rayne12.wav	Hero_Airboat	Rayne: Sort of a radical cure, don't you think?	完全な治療を施すのね？	也就是来一次彻底治疗？	
LA_CHURCH.TXT	48	voice	a1s1_mynce12.wav	Mynce	Mynce: You'll be doing them a favor.  In the final stages their brains liquify and run out their nose and ears.	まさにその通り\nミュータントは 死ぬときに溶けた脳みそを目や鼻から噴出すわよ	正是如此。\n变异体死亡时，液化的大脑会从眼睛和鼻子里喷出来。	
LA_CHURCH.TXT	49	voice	a1s1_Rayne13.wav	Hero_Airboat	Rayne: Hell of a cold.	素敵じゃない	真美妙。	
LA_CHURCH.TXT	51	voice	a1s1_mynce13.wav	Mynce	Mynce: Oh, you've seen it all, haven't you?	そろそろ私に慣れて	你也该习惯我了。	
LA_CHURCH.TXT	52	voice	a1s1_mynce14.wav	Mynce	Mynce: Land ho.	まったく	真受不了你。	
LA_CHURCH.TXT	53	voice	a1s1_mynce15.wav	Mynce	Mynce: One of the biological masses was found at the end of this road, in a graveyard behind the church.  We'll meet up there.	バイオマスの中の一つを教会の裏手にある墓場で発見したので\nあなたはそこに行ってちょうだい 私も向かう	我们在教堂后面的墓地发现了一处生物组织块。\n你先去那里，我也会赶过去。	
LA_CHURCH.TXT	55	hud	ost_move		Use @@moveAxis@@ to move BloodRayne forward and backward. @@turnAxis@@ turns.  @@pointAxis@@ looks up and down.	@@moveAxis@@で前後に移動することが可能\n@@turnAxis@@で方向転換し\n@@pointAxis@@で視線を上下に向けることが可能だ	使用@@moveAxis@@前后移动。\n使用@@turnAxis@@转向，\n使用@@pointAxis@@上下移动视线	
LA_CHURCH.TXT	56	hud	ost_look		@@turnAxis@@ turns.  @@pointAxis@@ looks up and down.	@@turnAxis@@で方向転換\n@@pointAxis@@で視線を上下に向けることが可能だ	使用@@turnAxis@@转向。\n使用@@pointAxis@@上下移动视线	
LA_CHURCH.TXT	57	hud	ost_adjust		Adjust the sensitivity of turning/looking in the control options menu by pressing @@startButtonName@@	操作方法はポーズメニューからオプション内の\n「コントローラ オプション」で調整可能\nポ－ズメニュ－:@@startButtonName@@	可从暂停菜单的“选项”中进入\n“控制器选项”，调整操作方式。\n暂停菜单：@@startButtonName@@	
LA_CHURCH.TXT	59	voice	a1s2_mynce7.wav	Mynce	Mynce: What's that mound by the telephone pole?	この物体が何かわかる？	你知道这东西是什么吗？	
LA_CHURCH.TXT	60	voice	a1s2_Rayne1.wav	$	Rayne: What is it?	何なの？	这是什么？	
LA_CHURCH.TXT	61	voice	a1s2_mynce8.wav	Mynce	Mynce: It is...was...human.  Might be remains from the final stages of the disease, but there's something not quite right about it.	これは人間よ 正確には「人間だった」と言うべきね\nここは静かだけど...何かおかしいわ	这是人。准确地说，应该是“曾经的人”。\n这里太安静了……有些不对劲。	
LA_CHURCH.TXT	62	voice	a1s2_mynce16.wav	Mynce	Mynce: Let's check inside.	中を調べましょう	我们进去看看。	
LA_CHURCH.TXT	63	voice	a5s5_Rayne140.wav	$	Rayne: Good thing we're not hypersensitive to holy items like some vampires.	映画のヴァンパイアみたいに神聖なものが怖けりゃアウトね	要是我们也像电影里的吸血鬼一样害怕圣物，那就麻烦了。	
LA_CHURCH.TXT	65	voice	a1s3_mynce48.wav	Mynce	Mynce: Hmmm, seems like somebody made their last stand here.  Grab some guns if you want.	誰かがここに立て篭もって 武器で抵抗したようね	看来有人曾躲在这里，用武器进行抵抗。	
LA_CHURCH.TXT	67	voice	a1s3_mynce56.wav	Mynce	Mynce: You should be all set.  I'm going to leaf through these documents.  Maybe I can find something about past outbreaks of the disease.	準備はいいわね 私はここの古い本を調べるわ\nもしかしたら感染の原因を見つけられるかもしれないから	准备好了吗？我留在这里查阅旧书。\n也许能从中找到感染的原因。	
LA_CHURCH.TXT	69	voice	a1s3_mynce57.wav	Mynce	Mynce: That wall stretches across the whole town.  Thirty feet high.	町全体がこの約４メートルの壁で取り囲まれているわね	整个镇子都被这堵大约四米高的围墙包围了。	
LA_CHURCH.TXT	70	voice	a1s3_Rayne23.wav	$	Rayne: I can see that.  So?	そうだけど 何か？	没错，怎么了？	
LA_CHURCH.TXT	71	voice	a1s3_mynce58.wav	Mynce	"Mynce: I found a book that said in 1903 the ""old town"" was completely evacuated.  No one has been on the other side of that wall ever since."	"私が見つけた本によると1903年に""古き街""は引き払われ\n以後、壁の向こうには誰一人行っていないわ"	我找到的书上说，1903年“旧城区”被全部撤空。\n从那以后，再也没人去过围墙另一边。	
LA_CHURCH.TXT	72	voice	a1s3_Rayne24.wav	$	Rayne: I don't think I follow.	理解できないわ	这说不通。	
LA_CHURCH.TXT	73	voice	a1s3_mynce60.wav	Mynce	Mynce: I found another book.  It was very old, and some of it was written in an antiquated dialect.	もう一冊 かなり昔の方言が使われている古い本を見つけたわ	我还找到了一本用古老方言写成的旧书。	
LA_CHURCH.TXT	74	voice	a1s3_mynce61.wav	Mynce	Mynce: From what I understood, even the earliest French settlers feared something in these swamps.	教会の本にはフランスの入植者は\n沼地に何か恐怖を感じていたとあった	教堂的记录说，法国殖民者\n非常惧怕沼泽里的某种东西。	
LA_CHURCH.TXT	75	voice	a1s3_Rayne26.wav	$	Rayne: Feared what?	恐怖？	惧怕？	
LA_CHURCH.TXT	76	voice	a1s3_mynce62.wav	Mynce	Mynce: What's this?	何かしら？	他们到底在怕什么？	
LA_CHURCH.TXT	77	voice	a1s3_mynce63.wav	Mynce	"Mynce: ""After our dark year, in 1873 the first stone of this great Wall of Fortitude was laid."""	"暗黒の時代が過ぎ去った1873年より\nここに建設された""不屈の壁""の定礎"	黑暗时代结束后的1873年，\n“不屈之墙”在此奠基。	
LA_CHURCH.TXT	78	voice	a1s3_mynce64.wav	Mynce	"Mynce: ""With this plaque mounted in the year 1888 of our Lord, construction is complete."""	1888年 君主の名の元にこのプレートを取り付け 壁の完成を宣言	1888年，以君主之名嵌入此牌，宣告高墙竣工。	
LA_CHURCH.TXT	79	voice	a1s3_mynce65.wav	Mynce	"Mynce: ""May this Wall of Fortitude, with the grace of God, shield us from evil and keep us safe now and forever."""	"""不屈の壁""は神の名の元に 人々を邪悪なものから護り\n安息と平和を与える 永久に..."	“不屈之墙”将以神之名保护人民免受邪恶侵害，\n赐予他们永恒的安宁与和平……	
LA_CHURCH.TXT	80	voice	a1s3_mynce66.wav	Mynce		"""古き街""は1837年に建設が始まり 完成に１５年を要している"	“旧城区”从1837年开始建设，足足用了十五年才完工。	
LA_CHURCH.TXT	81	voice	a1s3_Rayne27.wav	$	Rayne: Exactly thirty years apart.	30年しか使われてないわ	可它只使用了三十年。	
LA_CHURCH.TXT	82	voice	a1s3_mynce67.wav	Mynce	Mynce: Something tells me they didn't build that wall to keep out a disease.	壁は病原体から隔離するためのものではないわね	看来这堵墙并不是为了隔离病原体。	
LA_CHURCH.TXT	83	voice	a1s3_mynce69.wav	Mynce	Mynce: I'm going to see what else I can find in those books.	もう一度教会の本を調べてみる	我再仔细查查教堂里的书。	
LA_CHURCH.TXT	84	voice	a1s3_mynce70.wav	Mynce	Mynce: You should take out those bio-masses.  The first one's in the graveyard.  I'll meet up with you later.	あなたはバイオマスをやってちょうだい 最初のターゲットは墓場よ\nそこで会いましょう	你去处理生物组织块。第一个目标就在墓地。\n我们在那里会合。	
LA_CHURCH.TXT	85	voice	a1s4_rayne12.wav	$	Rayne: Seems like they built that wall for nothing.	何のために造ったのかしら	这堵墙究竟是为了什么而建的？	
LA_COURT.TXT	0	hud	MissionDescription		Town Hall	Town Hall	市政厅	
LA_COURT.TXT	2	hud	ost_message		Find and destroy the nest. Find any survivors.	バイオマスを駆除し、生存者を救出せよ	清除生物组织块并营救幸存者	
LA_COURT.TXT	3	hud	ost_nestthree		Find and destroy the nest.	バイオマスを駆除せよ	清除生物组织块	
LA_COURT.TXT	4	hud	ost_complete		Proceed to the next area.	次の任務に向え	前往下一个任务区域	
LA_COURT.TXT	5	hud	ost_survivor		Find any survivors.	生存者を救出せよ	营救幸存者	
LA_COURT.TXT	7	voice	a1s0_Rayne3.wav	$	Rayne: Nine left.	あと９つ	还剩9个	
LA_COURT.TXT	8	voice	a1s0_Rayne4.wav	$	Rayne: Eight more.	あと８つ	还剩8个	
LA_COURT.TXT	9	voice	a1s0_Rayne5.wav	$	Rayne: Seven left.	あと７つ	还剩7个	
LA_COURT.TXT	10	voice	a1s0_Rayne6.wav	$	Rayne: Six left.	あと６つ	还剩6个	
LA_COURT.TXT	11	voice	a1s0_Rayne7.wav	$	Rayne: Five more.	あと５つ	还剩5个	
LA_COURT.TXT	12	voice	a1s0_Rayne8.wav	$	Rayne: Four remain.	あと４つ	还剩4个	
LA_COURT.TXT	13	voice	a1s0_Rayne9.wav	$	Rayne: Three left.	あと３つ	还剩3个	
LA_COURT.TXT	14	voice	a1s0_Rayne10.wav	$	Rayne: Only two more.	あと２つ	还剩2个	
LA_COURT.TXT	15	voice	a1s0_Rayne11.wav	$	Rayne: One left.	あと１つよ	只剩最后1个	
LA_COURT.TXT	17	voice	a1s0_Rayne12a.wav	$	Rayne: Blocked.	通れないわ	这里过不去。	
LA_COURT.TXT	18	voice	a1s0_Rayne13b.wav	$	Rayne: Won't budge.	動かない	它动不了。	
LA_COURT.TXT	19	voice	a1s0_Rayne14b.wav	$	Rayne: It won't open from this side.	中から鍵がかかってる	门从里面锁住了。	
LA_COURT.TXT	20	voice	a1s0_Rayne15.wav	$	Rayne: Nothing that way.	こっちじゃなさそう	看来不是这边。	
LA_COURT.TXT	21	voice	a1s0_Rayne16a.wav	$	Rayne: Wrong way.	こっちじゃない	不是这边。	
LA_COURT.TXT	22	voice	a1s0_Rayne17c.wav	$	Rayne: Nope, not done here.	まだやり残した仕事がある	还有事情没做完。	
LA_COURT.TXT	23	voice	a1s0_Rayne18a.wav	$	Rayne: I'm done there.	ここはもういい	这里已经没事了。	
LA_COURT.TXT	25	voice	a5s5_Rayne146.wav	$	Rayne: Flooded. Why can it never be easy?	水浸し どうしていつもこうなの？	又是一片水。为什么每次都这样？	
LA_COURT.TXT	27	voice	a1s6_Deputy1.wav	Deputy	Deputy: Hiyah! Die you ugly son o'bitch!	メス豚め！ ぶっ殺してやる！	你这母猪！我要杀了你！	
LA_COURT.TXT	28	voice	a1s6_Deputy2.wav	Deputy	Deputy: Oh.	あれ？	嗯？	
LA_COURT.TXT	29	voice	a1s6_Rayne2.wav	$	Rayne: Easy with that thing.  And who'd you call ugly?	落ち着いてちょうだい 誰がメス豚なの？	冷静点。你刚才骂谁母猪？	
LA_COURT.TXT	30	voice	a1s6_Deputy3.wav	Deputy	Deputy: Excuse moi.  I, ahhh...I didn't mean to...	悪い 一瞬...バケモノに見えて...	抱歉，我刚才有那么一瞬间……把你看成怪物了。	
LA_COURT.TXT	31	voice	a1s6_Rayne3.wav	$	Rayne: Save it.  Just go to Famille Termaine mausoleum.  You'll be safe there.	まぁ いいわ\nすぐにファーマイル・ターマインの聖堂へ 安全だから	算了。\n马上去特梅恩家族陵墓，那里很安全。	
LA_COURT.TXT	32	voice	a1s6_Deputy4.wav	Deputy	Deputy: Well I don' t'ink so, you see, I got it pretty good right here, ya.  All the guns I need and...	それはどうかな ここには十分な銃だとか\n頼りになるものが 沢山そろってるし...	这可不好说。这里有足够的枪，\n还有不少能派上用场的东西……	
LA_COURT.TXT	33	voice	a1s6_Rayne4.wav	$	Rayne: ...and it's only a matter of time before these things find a way in.  I did.  And what if your ammo runs out?	だけど 時間が過ぎれば問題噴出よ\n例えば もし弾が切れたらどうする？	可时间拖得越久，问题就越多。\n比如子弹打光以后，你怎么办？	
LA_COURT.TXT	34	voice	a1s6_Deputy5.wav	Deputy	Deputy: Well...maybe you got a point, but...	まあ それも一理あるが 俺としちゃ...	你说得也有道理，可我还是觉得……	
LA_COURT.TXT	35	voice	a1s6_Rayne5.wav	$	Rayne: Take your gun and go.  The gravedigger's already there.  It's the safest place for now.	つべこべ言わずに銃を持って ここを出なさい\n墓堀りが待ってるわ	别再废话了。带上枪，离开这里。\n掘墓人正在等你。	
LA_COURT.TXT	36	voice	a1s6_Deputy6.wav	Deputy	Deputy: Gravedigger?  Jean's alive?  My brother in-law?  A'right, I go.	墓堀り？ ジョーンは俺の義理の兄貴だ\nああ すぐ行くよ	掘墓人？让是我姐夫。\n好，我马上过去。	
LA_COURT.TXT	37	voice	a1s6_Deputy7.wav	Deputy	Deputy: Excuse my manners.  Adieu mademoiselle.	なんか失礼しちまったな\nお嬢さん ごきげんよう	刚才是我失礼了。\n小姐，再会。	
LA_COURT.TXT	38	voice	a1s6_Rayne6.wav	$	Rayne: Hold on there, Mr....	待ってよ 保安官...	等等，警长……	
LA_COURT.TXT	39	voice	a1s6_Deputy8.wav	Deputy	Deputy: That'd be Deputy Gorham, cher.	俺は...保安官代理のゴーラムだ	我只是……副警长戈勒姆。	
LA_COURT.TXT	40	voice	a1s6_Rayne7.wav	$	Rayne: Deputy Gorham then, how about unlocking this thing?	ゴーラム保安官代理 ここを開けてくれる？	戈勒姆副警长，能帮我把这里打开吗？	
LA_COURT.TXT	41	voice	a1s6_Deputy9.wav	Deputy	Deputy: Ah oui, bien sur.	おー これは...失礼した	哦，这个……刚才失礼了。	
LA_COURT.TXT	42	voice	a1s6_Deputy11.wav	Deputy	Deputy: Sorry, so sorry.	申し訳ない 本当に	真对不起。	
LA_COURT.TXT	43	voice	a1s6_Deputy12.wav	Deputy	Deputy: Say fin'.  Well I'm off now.  Later, mon' cher.	さぁ お嬢さん どうぞお入りを\nではまた...後ほど	请进吧，小姐。\n我们之后再见……	
LA_COURT.TXT	44	voice	a1s6_Deputy13.wav	Deputy	Deputy: Huahharggghhh...	うあぁぁ！　あああ	呜啊啊啊！啊啊啊！	
LA_COURT.TXT	45	voice	a1s6_Deputy14a.wav	Deputy				
LA_COURT.TXT	46	voice	a1s6_Rayne9.wav	$	Rayne: I can't carry them all.  I can always come back.	全部は持ち歩けないわ また戻ろう	我带不了这么多东西，之后再回来吧。	
LA_COURT.TXT	48	voice	a1s7_BigMan1.wav	BigMan	BigMan: Yeeeowww!	いあああああああ！	呀啊啊啊啊啊！	
LA_COURT.TXT	49	voice	a1s7_BigMan2.wav	BigMan	BigMan: Damn.  I shot my own damn foot.	くっそー\n自分の足を撃っちまったぜ	该死！\n我竟然一枪打中了自己的脚。	
LA_COURT.TXT	50	voice	a1s7_Rayne7.wav	$	Rayne: You ok?	大丈夫なの？	你没事吧？	
LA_COURT.TXT	51	voice	a1s7_BigMan3.wav	BigMan	BigMan: I'm fine, I'm fine.  I done it before.  Twice.	なに 平気だ\n前にもやったしな 二回ほど	没事。\n以前也干过，两次。	
LA_COURT.TXT	52	voice	a1s7_Rayne8.wav	$	Rayne: Maybe you should give me that gun.	その銃 預かってあげるわよ	我看你还是把枪交给我吧。	
LA_COURT.TXT	53	voice	a1s7_BigMan4.wav	BigMan	BigMan: Yeah ok, but what about me?	そうだな\nでも...俺はどうすりゃいい？	也是。\n可我接下来怎么办？	
LA_COURT.TXT	54	voice	a1s7_Rayne9.wav	$	Rayne: Can you walk?	歩けそう？	你还能走吗？	
LA_COURT.TXT	55	voice	a1s7_BigMan5.wav	BigMan	BigMan: Hell, I can run if I want.  Ain't got no feeling in my foot anyway.	走れってんなら走れるよ\n足の感覚なんか元からねぇんだ	你要我跑，我也能跑。\n这只脚本来就没什么知觉。	
LA_COURT.TXT	56	voice	a1s7_Rayne10.wav	$	Rayne: Then go to Famille Termaine mausoleum and hide out there.	ならファーマイル・ターマインの聖堂に隠れて	那就去特梅恩家族陵墓躲着。	
LA_COURT.TXT	57	voice	a1s7_BigMan6.wav	BigMan	BigMan: Wit' dem dead bodies?  I can't even stand de smell!	まさか冗談だろ あの臭ぇ死体の山と一緒にかよ	你在开玩笑吧？要我跟那堆发臭的尸体待在一起？	
LA_COURT.TXT	58	voice	a1s7_Rayne11.wav	$	Rayne: It's no rose garden here either.  Now move it.	ここも変わんないじゃない\nさあ 行って	这里也好不到哪儿去。\n快走吧。	
LA_COURT.TXT	59	voice	a1s7_BigMan7.wav	BigMan	BigMan: You sorry rascal, you ain't never gonna kill...aahhh.	このろくでなしめ おまえは殺したり...	你这个混账……你杀了……	
LA_COURT.TXT	60	voice	a1s7_BigMan8b.wav	BigMan				
LA_GHETTO.TXT	0	hud	MissionDescription		Ghetto	Ghetto	贫民区	
LA_GHETTO.TXT	2	hud	ost_message		Find and destroy the nest. Find any survivors.	バイオマスを駆除し、生存者を救出せよ	清除生物组织块并营救幸存者	
LA_GHETTO.TXT	3	hud	ost_nesttwo		Find and destroy the nest.	バイオマスを駆除せよ	清除生物组织块	
LA_GHETTO.TXT	4	hud	ost_complete		Proceed to the next area.	次の任務に向え	前往下一个任务区域	
LA_GHETTO.TXT	5	hud	ost_survivor		Find any survivors.	生存者を救出せよ	营救幸存者	
LA_GHETTO.TXT	6	hud	ost_PowerUp		Gained Level 3 Normal Attack.	レベル3のノ－マルアタックをマスタ－した	已掌握3级普通攻击	
LA_GHETTO.TXT	7	hud	ost_blank					
LA_GHETTO.TXT	9	hud	ost_door		Rebound kick can be used to break down weak spots in walls.	脆くなっている壁やドアはドリルキックで粉砕可能だ	可使用钻头踢粉碎脆弱的墙壁和门	
LA_GHETTO.TXT	11	voice	a1s0_Rayne3.wav	$	Rayne: Nine left.	あと９つ	还剩9个	
LA_GHETTO.TXT	12	voice	a1s0_Rayne4.wav	$	Rayne: Eight more.	あと８つ	还剩8个	
LA_GHETTO.TXT	13	voice	a1s0_Rayne5.wav	$	Rayne: Seven left.	あと７つ	还剩7个	
LA_GHETTO.TXT	14	voice	a1s0_Rayne6.wav	$	Rayne: Six left.	あと６つ	还剩6个	
LA_GHETTO.TXT	15	voice	a1s0_Rayne7.wav	$	Rayne: Five more.	あと５つ	还剩5个	
LA_GHETTO.TXT	16	voice	a1s0_Rayne8.wav	$	Rayne: Four remain.	あと４つ	还剩4个	
LA_GHETTO.TXT	17	voice	a1s0_Rayne9.wav	$	Rayne: Three left.	あと３つ	还剩3个	
LA_GHETTO.TXT	18	voice	a1s0_Rayne10.wav	$	Rayne: Only two more.	あと２つ	还剩2个	
LA_GHETTO.TXT	19	voice	a1s0_Rayne11.wav	$	Rayne: One left.	あと１つよ	只剩最后1个	
LA_GHETTO.TXT	21	voice	a1s0_Rayne12a.wav	$	Rayne: Blocked.	通れないわ	这里过不去。	
LA_GHETTO.TXT	22	voice	a1s0_Rayne13b.wav	$	Rayne: Won't budge.	動かない	它动不了。	
LA_GHETTO.TXT	23	voice	a1s0_Rayne14b.wav	$	Rayne: It won't open from this side.	中から鍵がかかってる	门从里面锁住了。	
LA_GHETTO.TXT	24	voice	a1s0_Rayne15.wav	$	Rayne: Nothing that way.	こっちじゃなさそう	看来不是这边。	
LA_GHETTO.TXT	25	voice	a1s0_Rayne16a.wav	$	Rayne: Wrong way.	う～ん、こっちじゃない	嗯……不是这边。	
LA_GHETTO.TXT	26	voice	a1s0_Rayne17c.wav	$	Rayne: Nope, not done here.	まだやり残した仕事がある	还有事情没做完。	
LA_GHETTO.TXT	27	voice	a1s0_Rayne18a.wav	$	Rayne: I'm done there.	ここはもういい	这里已经没事了。	
LA_GHETTO.TXT	29	voice	a1s5_MaleSurvivor1.wav	MaleSurvivor	Survivor: Please don' kill me!	ああ 殺さねえでくれ！	啊，别杀我！	
LA_GHETTO.TXT	30	voice	a1s5_Rayne1.wav	$	Rayne: Go to the Famille Termaine mausoleum.  You'll be safe there.	ファーマイル・ターマインの聖堂に行きなさい\nあそこは安全よ	去特梅恩家族陵墓。\n那里很安全。	
LA_GHETTO.TXT	31	voice	a1s5_MaleSurvivor2.wav	MaleSurvivor	Survivor: Anyt'ing you say.  Just don' kill me.  Merci.	言う通りにしますで 殺さねえでくれ！\nじゃあ	我听你的！求你别杀我！\n我这就走！	
LA_GHETTO.TXT	32	voice	a1s5_MaleSurvivor3.wav	MaleSurvivor	Survivor: Ahhhhh!			
LA_GHETTO.TXT	33	voice	a1s5_Rayne2.wav	$	Rayne: Oh Christ!	なんなのよ！	怎么回事！	
LA_GHETTO.TXT	34	voice	a1s5_MaleSurvivor4.wav	MaleSurvivor	Survivor: I thank you.  Merci.  Please check on my frien' Claude Latrelle!  He's 'oled up wit a shotgun over there...	お願えだ 友達のクロード・ラトレールを助けてくれ！\nショットガンひとつで戦ってる	求求你，救救我的朋友克洛德·拉特雷尔！\n他只拿着一把霰弹枪在那里抵抗。	
LA_GHETTO.TXT	35	voice	a1s5_Houseman1.wav	Houseman	Houseman: Neeeaaah!  Ahhh!  Ahhhrgh...			
LA_GHETTO.TXT	36	voice	a1s5_MaleSurvivor5.wav	MaleSurvivor	Survivor: Da's 'im!	あああ...俺は	啊啊……我……	
LA_GHETTO.TXT	37	voice	a1s5_Rayne3.wav	$	Rayne: Get moving!  I'll see what I can do.	行って！ なんとするから	快走！这里交给我。	
LA_GHETTO.TXT	38	voice	a1s5_MaleSurvivor6.wav	MaleSurvivor	Survivor: Oh no! Yeaaaarrgh...	やめてくれ！	别这样！	
LA_GHETTO.TXT	39	voice	a1s5_MaleSurvivor7c.wav	MaleSurvivor				
LA_GHETTO.TXT	40	voice	a1s5_Rayne4.wav	$	Rayne: So much for Claude.	クロードじゃ無理ね	克洛德恐怕撑不住了。	
LA_GHETTO.TXT	41	voice	a1s6_Rayne1.wav	$	Rayne: This is going to hurt a little.	ああ...ちょっと痛むわよ	啊……可能会有点疼。	
LA_GHETTO.TXT	43	hud	1s7_Rayne1	$	Rayne: Run to Famille Termain mausoleum. You'll be safe there.	ファーマイル・ターマインの聖堂まで走って\nあそこなら安全よ	快跑到特梅恩家族陵墓。\n那里很安全。	
LA_GHETTO.TXT	44	voice	a1s7_Kazi1.wav	Kazi	Kazi: Mmmrrrggggffff!  Mrg!  Mrg!  Mrggrrt!	んむむむ！　ぐぐぐぐ！　うううう	唔唔唔！呃呃呃！啊啊啊！	
LA_GHETTO.TXT	45	voice	a1s7_Kazi2.wav	Kazi	Kazi: Tank you.  No pleasure lookin' at insides.	ありがとう こんな状況耐えられなかったよ	谢谢你。我实在受不了刚才那种处境了。	
LA_GHETTO.TXT	46	voice	a1s7_Kazi3.wav	Kazi	Kazi: Dat bitch Marassa.  I git me hands on her, I make her eat her magic.	マラーサの馬鹿女！\nこんな目にあわせて 呪って復讐してやる！	玛拉莎那个贱人！\n她把我害成这样，我一定要用诅咒报复她！	
LA_GHETTO.TXT	47	voice	a1s7_Rayne2.wav	$	Rayne: Who?	誰を？	你说谁？	
LA_GHETTO.TXT	48	voice	a1s7_Kazi4.wav	Kazi	Kazi: Marassa.  Fancies 'erself Marie Laveau, Voodoo priestess.	馬鹿マラーサだ\nあの女 ブードゥー教の巫女なんだ	玛拉莎那个贱人。\n她是个巫毒女祭司。	
LA_GHETTO.TXT	49	voice	a1s7_Rayne3.wav	$	Rayne: What about her?	何をしたの？	她做了什么？	
LA_GHETTO.TXT	50	voice	a1s7_Kazi5.wav	Kazi	Kazi: She hook up wit dee old German who came 'ere.  She go out to boat graveyard an' she do black magic.	ドイツ軍と一緒に ここに来て...あいつは墓場で黒魔術を使ったのさ	她跟来这里的德军混在一起……还在墓地施展了黑魔法。	
LA_GHETTO.TXT	51	voice	a1s7_Rayne4.wav	$	Rayne: She's responsible for this?	それでこんなひどいことが起こった？	所以这里才会变成这样？	
LA_GHETTO.TXT	52	voice	a1s7_Kazi6.wav	Kazi	Kazi: Oui!  She and dee German.  Scary man.  Evil.	そうだよ それにドイツ軍\n恐ろしい男だ 悪魔だよ	没错。还有那个德国男人，\n他太可怕了，简直就是恶魔。	
LA_GHETTO.TXT	53	voice	a1s7_Kazi7.wav	Kazi	Kazi: She said she goin' out dere to raise the mother of dee underworld!	「奈落の母」を呼び覚ます為に来たと言っていた	他们说自己是来唤醒“冥界之母”的。	
LA_GHETTO.TXT	54	voice	a1s7_Rayne5.wav	$	Rayne: Must be one attractive lady.  You better get going to Famille Termaine mausoleum.  It's the only safe place in town.	あなたって勇敢なのね\nファーマイル・ターマインの聖堂なら安全だから避難して\n知ってるわね？	你还挺勇敢。\n去特梅恩家族陵墓避难，那里很安全。\n你知道怎么走吧？	
LA_GHETTO.TXT	55	voice	a1s7_Kazi8.wav	KAZI	Kazi: I will.	わかったよ	知道了。	
LA_GHETTO.TXT	56	voice	a1s7_Kazi9.wav	KAZI	Kazi: Marassa.  Voodoo priestess.  Hah!  Five cent magic.  I show you.  I make you look at insides.	マラーサはブードゥー教の巫女さ は！ ５セントのマジックだ これであんたのことを占ったげるよ	玛拉莎是巫毒女祭司？哈！五分钱的魔术。来，我也给你算一卦。	
LA_GHETTO.TXT	57	voice	a1s7_Kazi10.wav	Kazi	Kazi: Arhhhhhhh.	やめろ！	住手！	
LA_GHETTO.TXT	58	voice	a1s7_Kazi11b.wav	Kazi				
LA_GRAVEYARD.TXT	0	hud	MissionDescription		City of the Dead	City of the Dead	死者之城	
LA_GRAVEYARD.TXT	2	hud	ost_firstnest		Investigate the bio-mass.	バイオマスを駆除せよ	清除生物组织块	
LA_GRAVEYARD.TXT	3	hud	ost_newtown		Find the other nests.	他のバイオマスを駆除せよ	清除其他生物组织块	
LA_GRAVEYARD.TXT	4	hud	ost_oldtown		Find the source.	モライスレックたちを追え	追踪马雷斯克	
LA_GRAVEYARD.TXT	5	hud	ost_mynce		Talk to Mynce.	ミンスと会話せよ	与明斯交谈	
LA_GRAVEYARD.TXT	6	hud	ost_blank					
LA_GRAVEYARD.TXT	8	voice	a1s0_Rayne12a.wav	$	Rayne: Blocked.	通れないわ	这里过不去。	
LA_GRAVEYARD.TXT	9	voice	a1s0_Rayne13b.wav	$	Rayne: Won't budge.	動かない	它动不了。	
LA_GRAVEYARD.TXT	10	voice	a1s0_Rayne14b.wav	$	Rayne: It won't open from this side.	中から鍵がかかってる	门从里面锁住了。	
LA_GRAVEYARD.TXT	11	voice	a1s0_Rayne15.wav	$	Rayne: Nothing that way.	こっちじゃなさそう	看来不是这边。	
LA_GRAVEYARD.TXT	12	voice	a1s0_Rayne16a.wav	$	Rayne: Wrong way.	こっちじゃない	不是这边。	
LA_GRAVEYARD.TXT	13	voice	a1s0_Rayne17c.wav	$	Rayne: Nope, not done here.	まだやり残した仕事がある	还有事情没做完。	
LA_GRAVEYARD.TXT	14	voice	a1s0_Rayne18a.wav	$	Rayne: I'm done there.	ここはもういい	这里已经没事了。	
LA_GRAVEYARD.TXT	16	voice	a1s2_mynce1.wav	Mynce	Mynce: What are you doing Rayne!?	何をしているの レイン	莱恩，你在干什么？	
LA_GRAVEYARD.TXT	17	voice	a1s2_mynce2.wav	Mynce	Mynce: Knock it off!	いい加減にして！	适可而止！	
LA_GRAVEYARD.TXT	18	voice	a1s2_mynce3.wav	Mynce	Mynce: I wouldn't do that!	やめなさい！	住手！	
LA_GRAVEYARD.TXT	19	voice	a1s2_mynce4.wav	Mynce	Mynce: Bitch!	メス豚！	你这母猪！	
LA_GRAVEYARD.TXT	20	voice	a1s2_mynce5.wav	Mynce	Mynce: Quit!	やめなさい！	快住手！	
LA_GRAVEYARD.TXT	22	voice	a1s4_Rayne1.wav	$	Rayne: What the?  Is that the bio-mass?	醜い連中ね\nどこからわいたの？	真丑。\n这些东西到底从哪儿冒出来的？	
LA_GRAVEYARD.TXT	23	voice	a1s4_Rayne2.wav	$	Rayne: That can't be good.	たまらない	真让人受不了。	
LA_GRAVEYARD.TXT	24	voice	a1s4_Rayne3.wav	$	Rayne: The bio-mass!	バイオマス！	生物组织块！	
LA_GRAVEYARD.TXT	25	voice	a1s4_Rayne4.wav	$	Rayne: It's a nest!?	これがそうなの？	这就是生物组织块？	
LA_GRAVEYARD.TXT	27	voice	a1s4_mynce1.wav	Mynce	Mynce: Well done.  Strange creatures, aren't they?	良くやったわ\n気味の悪い生物でしょ？	干得好。\n这东西很恶心吧？	
LA_GRAVEYARD.TXT	28	voice	a1s4_Rayne5.wav	$	Rayne: Strange isn't the first word that comes to mind.  What are they?	気味が悪いなんてもんじゃないわね\n正体は？	已经不是“恶心”两个字能形容的了。\n它到底是什么？	
LA_GRAVEYARD.TXT	29	voice	a1s4_mynce2.wav	Mynce	Mynce: I'm not sure.  But it seems they carry a disease that causes mutations in humans.	わからないわ\nだけどバイオマスの病原体が この惨事を起こしているようね	我也不知道。\n不过看来是生物组织块携带的病原体造成了这场灾难。	
LA_GRAVEYARD.TXT	30	voice	a1s4_Rayne6.wav	$	Rayne: The Mutates.	感染？	感染？	
LA_GRAVEYARD.TXT	31	voice	a1s4_mynce3.wav	Mynce	Mynce: Right, and remember those sludge mounds we've been finding everywhere?	ええ 電柱の側にもあった泥の山がいっぱいあるでしょ？	对。你看到电线杆旁边那些泥堆了吗？	
LA_GRAVEYARD.TXT	32	voice	a1s4_Rayne7.wav	$	Rayne: What about them?	それが何？	那些泥堆怎么了？	
LA_GRAVEYARD.TXT	33	voice	a1s4_mynce4.wav	Mynce	Mynce: Humans.  What's left of them.  The spider creatures regurgitate what they eat.	それは人間の抜け殻よ\nバケグモが食べて吐き出したってわけ	那是人类留下的空壳。\n那些怪蜘蛛吃完人以后，又把残渣吐了出来。	
LA_GRAVEYARD.TXT	34	voice	a5s5_Rayne145.wav	$	Rayne: Ugh...creature vomit?	うわ...化け物のゲロ...	呃……怪物的呕吐物……	
LA_GRAVEYARD.TXT	35	voice	a1s4_Rayne8.wav	$	Rayne: Strange doesn't even begin to cover it.	心底気味の悪い奴らね	这些东西真是恶心到骨子里。	
LA_GRAVEYARD.TXT	36	voice	a1s4_Gravedigger1.wav	Gravedigger	Gravedigger: Hello?  Hello?	おーい！ ちょっと！	喂！外面的人！	
LA_GRAVEYARD.TXT	37	voice	a1s4_Gravedigger2.wav	Gravedigger	Gravedigger: Is somebody d'ere?	誰かいるんかい？	有人吗？	
LA_GRAVEYARD.TXT	38	voice	a1s4_Gravedigger3.wav	Gravedigger	Gravedigger: Ahh!  Please, is somebody d'ere!?	おおい！ 誰かいるのかい？	喂！外面有人吗？	
LA_GRAVEYARD.TXT	39	voice	a1s4_mynce6.wav	Mynce	Mynce: Open up.	開けて	把门打开。	
LA_GRAVEYARD.TXT	40	voice	a1s4_Gravedigger4.wav	Gravedigger	Gravedigger: Are dey Maraisreq gone?	モライスレックがいるのか？	马雷斯克还在外面吗？	
LA_GRAVEYARD.TXT	41	voice	a1s4_Rayne9.wav	$	Rayne: Is what gone?	モライ 何？	马雷什么？	
LA_GRAVEYARD.TXT	42	voice	a1s4_mynce7.wav	Mynce	"Mynce: The Maraisreq.  ""Swamp monster"".  That's what the Creole call the creatures."	モライスレック あのバケグモよ\nこの土地の人はそう呼んでる	马雷斯克，就是那些怪蜘蛛。\n当地人都这么叫它们。	
LA_GRAVEYARD.TXT	43	voice	a1s4_Gravedigger5.wav	Gravedigger	Gravedigger: Are dey gone!?	いなくなったか？	它们已经走了吗？	
LA_GRAVEYARD.TXT	44	voice	a1s4_mynce9.wav	Mynce	Mynce: Yes.  Now open the door.	ええ ドアを開けて	走了，快开门。	
LA_GRAVEYARD.TXT	45	voice	a1s4_Gravedigger6.wav	Gravedigger	Gravedigger: Mon dieu, les diables!	あれ！ バケモノでねえか！	妈呀！你不也是怪物吗？	
LA_GRAVEYARD.TXT	46	voice	a1s4_mynce10.wav	Mynce	Mynce: Nice welcome for the rescue team.  Who are you?	言ってくれるわね\nあんた 名前は？	你这话说得真好听。\n你叫什么名字？	
LA_GRAVEYARD.TXT	47	voice	a1s4_Gravedigger7.wav	Gravedigger	Gravedigger: I'm Jean Sigmon.  I'm dee grave digger.	ジョーン・シグモン ここの墓堀りだ	让·西格蒙，我是这里的掘墓人。	
LA_GRAVEYARD.TXT	48	voice	a1s4_mynce11.wav	Mynce	Mynce: What happened here?	いったい何があったの？	这里到底发生了什么？	
LA_GRAVEYARD.TXT	49	voice	a1s4_Gravedigger8.wav	Gravedigger	Gravedigger: I don' know.  I hid in 'ere when those...when those 'tings came.  Dey can't get in wit'out dem holes.	よぐは分かんねども バケモンが来たで おらはここにかぐれてた\nんで 助かっただよ	我也不太清楚。怪物来的时候，我就躲进了这里。\n所以才保住了命。	
LA_GRAVEYARD.TXT	50	voice	a1s4_Rayne10.wav	$	Rayne: Doesn't seem like he's infected.	感染してなさそうよ	你看起来没有被感染。	
LA_GRAVEYARD.TXT	51	voice	a1s4_Gravedigger9.wav	Gravedigger	Gravedigger: Some of us didn't catch it.	感染してねえやつもいる	也有些人没染上。	
LA_GRAVEYARD.TXT	52	voice	a1s4_mynce14.wav	Mynce	Mynce: If that's the case, there might be other survivors.	だとしたら 他にも生存者がいるはずね	那镇上肯定还有其他幸存者。	
LA_GRAVEYARD.TXT	53	voice	a1s4_mynce15.wav	Mynce	Mynce: Jean, you stay put.  This place is obviously safe.  We'll bring other survivors here.	もう少しここにいて\n私達は生存者がいないか調べて ここに連れて来るわ	你先在这里待一会儿。\n我们去寻找幸存者，把他们带到这里。	
LA_GRAVEYARD.TXT	54	voice	a1s4_Gravedigger10.wav	Gravedigger	Gravedigger: We not leaving?	すぐに逃げないだか？	你们不马上逃走吗？	
LA_GRAVEYARD.TXT	55	voice	a1s4_mynce16.wav	Mynce	Mynce: Not yet.  You'll be safe here for a while longer.	まだよ\nここにいればあなたは安全だから	还不行。\n你待在这里很安全。	
LA_GRAVEYARD.TXT	56	voice	a1s4_Gravedigger11.wav	Gravedigger	Gravedigger: Okay.  Okay.  Send 'dem here to Famille Termaine mausoleum and we wait.	いいよ いいよ\n誰か生きとったら聖堂に連れてきてくれ	好吧，好吧。\n要是找到活人，就让他们来陵墓。	
LA_GRAVEYARD.TXT	57	voice	a1s4_mynce17.wav	Mynce	Mynce: If you find anyone that is healthy and alive, send them here.  But don't forget about the nests.	生存者を見つけたらこの場所を教えるのよ\nバイオマスは駆除して	找到幸存者后，就告诉他们这个地方。\n你负责清除生物组织块。	
LA_GRAVEYARD.TXT	58	voice	a1s4_Rayne12.wav	$	Rayne: Seems like they built that wall for nothing.	何のために造ったのかしら	那堵墙究竟是为了什么而建的？	
LA_GRAVEYARD.TXT	59	voice	a1s4_mynce18a.wav	Mynce	Mynce: Maybe.  Or maybe this time around things got worse.  These creatures are very insect-like.  Seems every thirty years they swarm.	むしろ 隔離されていることで事態が悪化しているかもしれないわ\nそこらじゅうバケモノだらけじゃない ほとんど虫並みの数だわ	隔离反而可能让情况变得更糟。\n到处都是怪物，数量简直跟虫群一样。	
LA_GRAVEYARD.TXT	60	voice	a1s4_mynce19.wav	Mynce	Mynce: Only this one's different.  More dangerous.  We can't let them spread any further.	ちょっと危険な状況よ\n生存者たちに 蔓延させるわけには行かないわ	现在的情况很危险。\n绝不能让感染通过幸存者扩散出去。	
LA_GRAVEYARD.TXT	61	voice	a1s4_mynce20.wav	Mynce	Mynce: I sketched out a map of approximate locations.  The reports weren't exact, so you'll have to search the area thoroughly.	地図にバイオマスの場所を書いておいたわ\nあまり正確じゃないけどターゲットのいる方向くらいはわかるはず	我已经在地图上标出了生物组织块的位置。\n虽然不太准确，但至少能看出目标的大致方向。	
LA_GRAVEYARD.TXT	63	hud	ost_obj		Press @@startButtonName@@ and select Map of Mortton to view the map/objectives at any time.	"地図を開く:@@startButtonName@@を押してポ－ズメニュ－から\n""モ－トンの地図""を選択"	打开地图：按@@startButtonName@@进入暂停菜单，\n选择“莫顿地图”	
LA_GRAVEYARD.TXT	65	voice	a1s4_mynce23.wav	Mynce	Mynce: Once you're back we'll head over that wall.  There must be some type of source where all these creatures come from.	あなたがバイオマスを全て始末して戻ってきたら\n壁の向こうを調べましょう 向こうにも何かありそうなの	等你清除所有生物组织块并回来以后，\n我们再调查围墙另一边。那里肯定还有什么东西。	
LA_GRAVEYARD.TXT	66	voice	a1s4_Rayne13.wav	$	Rayne: Another nest?	他にもあるの？	还有别的东西？	
LA_GRAVEYARD.TXT	67	voice	a1s4_mynce24.wav	Mynce	Mynce: Maybe.  Or something bigger.	きっとあるわ 奴らの本体が...	肯定有。也许是它们的本体……	
LA_GRAVEYARD.TXT	68	voice	a1s4_mynce26.wav	Mynce	Mynce: I almost forgot.  I have something for you.	ああ すっかり忘れていたわ\nプレゼントがあるの	啊，我差点忘了。\n我有件礼物要给你。	
LA_GRAVEYARD.TXT	70	hud	ost_harp		Hit bite button @@harpoonbitebuttonname@@ when far from a target to throw out a harpoon.	獲物から離れて@@harpoonbitebuttonname@@を押すと\nハ－プ－ンを投げて吸血することが可能だ	与目标保持距离时按@@harpoonbitebuttonname@@，\n可以投出鱼叉并进行吸血	
LA_GRAVEYARD.TXT	71	hud	ost_reel		Then hold the bite button @@harpoonbitebuttonname@@ and the harpoon will reel in the victim if they were caught off guard, scared, or wounded.	防御体制にある獲物の正面からはハープーンは弾かれてしまうことがある	从正面攻击处于防御状态的目标时，鱼叉可能会被弹开	
LA_GRAVEYARD.TXT	73	voice	a1s4_mynce27.wav	Mynce	Mynce: It's essentially a harpoon.  It helps with feeding and has a decent range.	この武器はハープーンよ\n離れた敵をたぐり寄せ 血を吸えるわ	这件武器叫鱼叉。\n它能把远处的敌人拉到身边，再吸他们的血。	
LA_GRAVEYARD.TXT	74	voice	a1s4_Rayne16.wav	$	Rayne: Thanks.	ありがとう	谢了。	
LA_GRAVEYARD.TXT	76	hud	ost_feed		Then tap the bite button @@harpoonbitebuttonname@@ to feed.	@@harpoonbitebuttonname@@を押すと吸血することが可能だ	按@@harpoonbitebuttonname@@即可吸血	
LA_GRAVEYARD.TXT	77	hud	ost_dismount		Press @@jumpbuttonname@@ to quit feeding early and dismount.	吸血中に@@jumpbuttonname@@を押すと吸血を中止することが可能だ	吸血时按@@jumpbuttonname@@，可以提前停止吸血	
LA_GRAVEYARD.TXT	78	hud	ost_knife		Do not hold the bite button if you wish to use the harpoon as a damaging knife attack.	@@jumpbuttonname@@ボタンを押して素早く放せば\nハ－プ－ンのナイフで攻撃することが可能だ	快速按下并松开@@jumpbuttonname@@，\n可以使用鱼叉的刀刃发动攻击	
LA_GRAVEYARD.TXT	79	hud	ost_shoot		While holding in, hit bite button @@harpoonbitebuttonname@@ for harpoon, or the weapon attack button for guns to shoot breakable objects like furniture, barrels, crates, etc.	While holding in, hit bite button @@harpoonbitebuttonname@@ for harpoon, or the weapon attack button for guns to shoot breakable objects like furniture, barrels, crates, etc.	按住方向时，按吸血键@@harpoonbitebuttonname@@可使用鱼叉；\n按武器攻击键则可用枪射击家具、木桶、箱子等可破坏物体	
LA_GRAVEYARD.TXT	81	voice	a1s4_mynce28.wav	Mynce	Mynce: I'll protect the mausoleum.  You go find those nests.	私は聖堂を守るから バイオマスを駆除して	我来守住陵墓，你去清除生物组织块。	
LA_GRAVEYARD.TXT	83	voice	a1s4_Gravedigger12.wav	Gravedigger	Gravedigger: Huh, who dat?	おい 誰だい？	喂，谁在那里？	
LA_GRAVEYARD.TXT	84	voice	a1s4_Gravedigger13.wav	Gravedigger	Gravedigger: Hey, who's dere?	誰かいんのか？	有人吗？	
LA_GRAVEYARD.TXT	85	voice	a1s4_Gravedigger14.wav	Gravedigger	Gravedigger: Dat you jolies dames?	ジョリーの女か？	是乔莉家的女人吗？	
LA_GRAVEYARD.TXT	86	voice	a1s4_Gravedigger15.wav	Gravedigger	Gravedigger: Aaaah!	うわああ あああ！	呜啊啊！啊啊啊！	
LA_GRAVEYARD.TXT	87	voice	a1s4_Gravedigger16.wav	Gravedigger	Gravedigger: Leave me alone!	来るんでねぇ！	别过来！	
LA_GRAVEYARD.TXT	88	voice	a1s4_Gravedigger17.wav	Gravedigger	Gravedigger: Go away!	あっち 行け！	滚开！	
LA_GRAVEYARD.TXT	90	voice	a1s4_mynce29.wav	Mynce	Mynce: Having fun tormenting our local friend?	相手を痛め付けるの 楽しんでる？	欺负这里的人很开心吗？	
LA_GRAVEYARD.TXT	91	voice	a1s4_Rayne17.wav	$	Rayne: Beats hunting bugs and hopping through water.	虫けらをひねり潰す程度よ	也就跟碾死虫子差不多。	
LA_GRAVEYARD.TXT	92	voice	a1s4_mynce30.wav	Mynce	Mynce: Need help?  Use your aura vision.  It will guide you to the right area.  Look for the bright aura.  If it's not exact it will at least be very close.	アドバイスよ オーラビジョンを使いなさい\n光を放っているオーラを探せば\n厳密じゃないけど かなり近くまで\nあなたを導いてくれるわ	给你一个建议：使用灵光视野。\n寻找发出亮光的灵光。\n位置虽然不会完全准确，\n但至少能把你带到目标附近。	
LA_GRAVEYARD.TXT	93	voice	a1s4_mynce31.wav	Mynce	Mynce: Look in every building.  Look in every room, upstairs and down.  You need to find those nests.	全ての建物の 全ての階\n全ての部屋をチェックなさい\nバイオマスは全て駆除して	检查每一栋建筑的每一层，\n搜索每一个房间。\n把所有生物组织块全部清除。	
LA_GRAVEYARD.TXT	94	voice	a1s4_mynce32.wav	Mynce	Mynce: You have a map.  Check it to get a general idea of where the nests are.	地図があるでしょ\nバイオマスのだいたいの位置を確認しておきなさい	你有地图。\n记得先确认生物组织块的大致位置。	
LA_GRAVEYARD.TXT	95	voice	a1s4_mynce33.wav	Mynce	Mynce: Some places might be very tricky to get into.  Use your brain and all of your abilities to get into each house.	侵入にはかなり用心したほうが\nいい家もあるわ\nしっかり考えた上で\nあなたの能力を十分発揮して	有些房子很难进去，\n你得格外小心。\n先动脑想清楚，\n再充分利用自己的能力。	
LA_GRAVEYARD.TXT	97	hud	ost_auraobj		If you can't find your objective go to aura vision and go toward the bright aura.  If there is no bright aura you are in the right area already.  Look all over.	If you can find your objective go to aura vision and go toward the bright aura.  If there is no bright aura you are in the right area already.  Look all over.	找不到目标时，切换到灵光视野，朝明亮的灵光前进。\n如果没有明亮灵光，说明你已经到了正确区域，仔细搜索周围。	
LA_GRAVEYARD.TXT	99	voice	a1s4_mynce34.wav	Mynce	Mynce: You've got work to do.  Go!	他にやることがあるでしょう\n行って	你还有别的事要做。\n快去吧。	
LA_GRAVEYARD.TXT	100	voice	a1s4_mynce35.wav	Mynce	Mynce: Ok...you got me.  I'll tell you a secret.  If you press left, left, right, up, down, left, down, up, up, all of our clothes disappear.	わかった しかたないから とっておきの秘密を教えるわ\nこう押して『左、左、右、上、下、左、下、上、上』私達の着ている服が全部消えるわ	好吧，我就勉为其难告诉你一个秘密。\n依次按“左、左、右、上、下、左、下、上、上”，我们身上的衣服就会全部消失。	
LA_GRAVEYARD.TXT	101	voice	a1s4_mynce36.wav	Mynce	Mynce: Not fast enough.  Try again.	それじゃ遅すぎる もう一度	太慢了。再来一次。	
LA_GRAVEYARD.TXT	102	voice	a1s4_mynce37.wav	Mynce	Mynce: Ha! Ha!  There is no code!  You should see yourself, hopping around like a chicken on a hot plate.  And only to have us naked in a graveyard.	ウソにきまってるでしょ あなた よくもまあ\nそこまで一生懸命になれるものね 墓地で裸になる馬鹿なんかいないわよ！	当然是骗你的。真没想到，\n你居然会这么拼命。哪有蠢货会在墓地里脱光衣服！	
LA_GRAVEYARD.TXT	103	voice	a1s4_mynce38.wav	Mynce	Mynce: Ha! Ha!  There is no code!  You should see yourself, hopping around like a chicken on a hot plate.  And only to have us naked in a graveyard.	ウソにきまってるじゃない！\nあなた今まで見たことないほど真剣になってたわね そんなに私達の裸が見たかったの	当然是骗你的！\n你刚才认真得前所未有。就这么想看我们两个的裸体？	
LA_GRAVEYARD.TXT	104	voice	a1s4_mynce39.wav	Mynce	Mynce: Maybe you chose the wrong profession.	本気で裸になると期待してたのかしら	你不会真以为我们会脱光吧？	
LA_GRAVEYARD.TXT	105	voice	a1s4_mynce40.wav	Mynce	Mynce: I can't believe I kept a straight face that whole time!	その間抜けっぷり 笑いをこらえるの大変だったわ	看你那副蠢样，我差点憋不住笑。	
LA_GRAVEYARD.TXT	107	hud	ost_naked		Press left, left, right, up, down, left, down, up, up to make BloodRayne and Mynce naked.	方向キ－を左、左、右、上、下、左、下、上、上と押せばレインとミンスのコスチュ－ムが消える	依次按方向键左、左、右、上、下、左、下、上、上，可使莱恩和明斯的服装消失	
LA_GRAVEYARD.TXT	109	voice	a1s11_mynce1.wav	Mynce	Mynce: Ahuh...ahhhhhhhhh!  Arrgh!			
LA_GRAVEYARD.TXT	110	voice	a1s11_rayne1.wav	$	Rayne: Mynce!	ミンス！	明斯！	
LA_GRAVEYARD.TXT	111	voice	a1s4_Gravedigger18.wav	Gravedigger	Gravedigger: Merde.	クソ！	该死！	
LA_GRAVEYARD.TXT	112	voice	a1s4_Gravedigger19.wav	Gravedigger	Gravedigger: Yaaaaiiiii!			
LA_GRAVEYARD.TXT	113	voice	a1s7_BigMan9.wav	BigMan	BigMan: Gasp!			
LA_GRAVEYARD.TXT	114	voice	a1s11_MaleSurvivor8.wav	MaleSurvivor	MaleSurvivor: Run for you life!	ああ 俺は死なないぞ！	我不会死的！	
LA_GRAVEYARD.TXT	115	voice	a1s11_Boyfriend8.wav	Boyfriend	Boyfriend: Yiii!	いやあああ！	不要啊啊啊！	
LA_GRAVEYARD.TXT	116	voice	a1s11_Kristin8.wav	Kristin	Kristin: Ahhhhhaaah!			
LA_GRAVEYARD.TXT	117	voice	a1s11_Deputy15.wav	Deputy	Deputy: Whoa!			
LA_GRAVEYARD.TXT	118	voice	a1s11_Teengirl7.wav	Teengirl	Teengirl: Aaaaaaahhhh!			
LA_GRAVEYARD.TXT	119	voice	a1s7_Kazi12.wav	Kazi	Kazi: Great Loa!	この悪魔！	你这个恶魔！	
LA_GRAVEYARD.TXT	120	voice	a1s11_Daddy6.wav	Daddy	Daddy: You'll pay dear for hurtin' ma family!	俺の家族の仇だ！	你杀了我的家人！	
LA_GRAVEYARD.TXT	121	voice	a1s11_Teengirl8.wav	Teengirl	Teengirl: I want my Mama!	お母さんを返して！	把妈妈还给我！	
LA_GRAVEYARD.TXT	122	voice	a1s11_Kazi13.wav	Kazi	Kazi: Oh Saint Peter, here we come.	あたしの聖ペテロ...	我的圣彼得……	
LA_GRAVEYARD.TXT	123	voice	a1s7_BigMan10.wav	BigMan	BigMan: Wahuh!			
LA_GRAVEYARD.TXT	124	voice	a1s11_Boyfriend9.wav	Boyfriend	Boyfriend: Dey're everywhere!	奴らでいっぱいだ！	这里全是它们！	
LA_GRAVEYARD.TXT	125	voice	a1s11_Kristin9.wav	Kristin	Kristin: Ahhhhhaaah!	いやぁぁぁぁ！	呀啊啊啊啊！	
LA_GRAVEYARD.TXT	126	voice	a1s6_Deputy1.wav	Deputy	Deputy: Hiya! To hell with ya, ya ugly sons a bitches!	メスブタめ！ ぶっ殺してやる！	你这母猪！我要杀了你！	
LA_GRAVEYARD.TXT	127	voice	a1s7_BigMan11.wav	BigMan	BigMan: Ahhhh!	ああっ！	啊！	
LA_GRAVEYARD.TXT	128	voice	a1s11_rayne2.wav	$	Rayne: No one left.	みんな食われた...	大家都被吃掉了……	
LA_GRAVEYARD.TXT	129	voice	a1s11_rayne3.wav	$	Rayne: Mynce...	ミンス...	明斯……	
LA_GRAVEYARD.TXT	130	voice	a1s11_rayne4.wav	$	Rayne: Dammit.	畜生！	该死！	
LA_GRAVEYARD.TXT	131	voice	a1s11_rayne5.wav	$	Rayne: Time to put an end to this.  I'll find those bastards and rip their legs off one by one.	ケリをつけてやるわ\nもし見つけたら一本一本足を引きちぎってやる	我要结束这一切。\n只要找到那些东西，我就把它们的腿一条一条扯下来。	
LA_GRAVEYARD.TXT	132	voice	a1s11_rayne6.wav	$	Rayne: You hear me you rotten stinking crab legged chicken-shit dirtballs!?  Run!  Because here I come!	この腐った蟹足野郎！ 走りな！\nでないとぶった切るわよ！	你们这些腐烂的蟹腿混账！快跑！\n不然我就把你们剁碎！	
LA_GRAVEYARD.TXT	133	voice	a1s11_rayne7.wav	$	Rayne: I will finish this, Mynce.	ミンス 私がけりをつける	明斯，我会了结这一切。	
LA_HILL.TXT	0	hud	MissionDescription		The Hill	The Hill	山丘	
LA_HILL.TXT	2	hud	ost_nestFive		Find and destroy the nest.	バイオマスを駆除せよ	清除生物组织块	
LA_HILL.TXT	3	hud	ost_complete		Proceed to the next area.	次の任務に向え	前往下一个任务区域	
LA_HILL.TXT	4	hud	ost_survivor		Find any survivors.	生存者を救出せよ	营救幸存者	
LA_HILL.TXT	6	voice	a1s0_Rayne3.wav	$	Rayne: Nine left.	あと９つ	还剩9个	
LA_HILL.TXT	7	voice	a1s0_Rayne4.wav	$	Rayne: Eight more.	あと８つ	还剩8个	
LA_HILL.TXT	8	voice	a1s0_Rayne5.wav	$	Rayne: Seven left.	あと７つ	还剩7个	
LA_HILL.TXT	9	voice	a1s0_Rayne6.wav	$	Rayne: Six left.	あと６つ	还剩6个	
LA_HILL.TXT	10	voice	a1s0_Rayne7.wav	$	Rayne: Five more.	あと５つ	还剩5个	
LA_HILL.TXT	11	voice	a1s0_Rayne8.wav	$	Rayne: Four remain.	あと４つ	还剩4个	
LA_HILL.TXT	12	voice	a1s0_Rayne9.wav	$	Rayne: Three left.	あと３つ	还剩3个	
LA_HILL.TXT	13	voice	a1s0_Rayne10.wav	$	Rayne: Only two more.	あと２つ	还剩2个	
LA_HILL.TXT	14	voice	a1s0_Rayne11.wav	$	Rayne: One left.	あと１つよ	只剩最后1个	
LA_HILL.TXT	16	voice	a1s0_Rayne12a.wav	$	Rayne: Blocked.	通れないわ	这里过不去。	
LA_HILL.TXT	17	voice	a1s0_Rayne13b.wav	$	Rayne: Won't budge.	動かない	它动不了。	
LA_HILL.TXT	18	voice	a1s0_Rayne14b.wav	$	Rayne: It won't open from this side.	中から鍵がかかってる	门从里面锁住了。	
LA_HILL.TXT	19	voice	a1s0_Rayne15.wav	$	Rayne: Nothing that way.	こっちじゃなさそう	看来不是这边。	
LA_HILL.TXT	20	voice	a1s0_Rayne16a.wav	$	Rayne: Wrong way.	こっちじゃない	不是这边。	
LA_HILL.TXT	21	voice	a1s0_Rayne17c.wav	$	Rayne: Nope, not done here.	まだやり残した仕事がある	还有事情没做完。	
LA_HILL.TXT	22	voice	a1s0_Rayne18a.wav	$	Rayne: I'm done there.	ここはもういい	这里已经没事了。	
LA_HILL.TXT	24	hud	ost_start		Find and destroy the nest.	バイオマスを駆除せよ	清除生物组织块	
LA_HILL.TXT	25	hud	ost_finish		Objective Complete.	任務完了	任务完成	
LA_HILL.TXT	26	hud	Intro_VO1		Mortton, Louisiana, 1933. Mission briefing: A mysterious plague has devastated the quiet rural village of Mortton.	１９３３年－ルイジアナ州　モートン。任務概要：　ある不可解な疫病が静かな農村モートンを荒廃させた。	1933年，路易斯安那州莫顿\n任务概要：一场原因不明的瘟疫摧毁了宁静的乡村小镇莫顿。	
LA_HILL.TXT	27	hud	Intro_VO2		This disease is 100% lethal, causing the brains of the infected to liquify, and seep through facial orifices in a thick, viscous fluid.  Prior to death, some cases mutate into mindless, disfigured monsters.  There is no known cure...	この病原体は、顔面開口部から高粘度液体化された脳の滲出を引き起こし、致死率は１００パーセントとされている。感染から死に至るまでの間、非道徳かつ邪悪な怪物への突然変異をとげる例も挙げられているが、いまだ知られていない治癒方法があるともいわれている……。	这种病原体的致死率为100%，会使感染者的大脑液化，\n并以浓稠液体的形式从眼、鼻等面部孔窍渗出。\n部分感染者还会在死亡前变异成凶残邪恶的怪物。\n目前没有任何已知疗法……	
LA_HILL.TXT	28	hud	Intro_VO3		Even more disturbing are the plague's carriers: large insectoid creatures originating from the bayous surrounding Mortton.	更なる不安材料である疫病の保菌者：　モートンを取り囲んだバイユーを起源に巨大化した昆虫類似生物。	更令人不安的是瘟疫的携带者：一种源自莫顿周边河口沼泽的大型昆虫状生物。	
LA_HILL.TXT	29	hud	Intro_VO4		BloodRayne, you must find and destroy the nests of the plague carriers before they can reproduce and spread the infestation to neighboring towns.	ブラッドレイン、近郊の町へと感染を蔓延させる前に疫病源の巣を見つけだし破壊してほしい。	莱恩，你必须在感染扩散到邻近城镇前，找到并摧毁这些瘟疫载体的巢穴。	
LA_HILL.TXT	30	hud	Intro_VO5		The nests are usually hidden, though because of their large size, they're hard to miss.  Find them and destroy them.	巣は大概隠れた場所に存在する。だがやつらのサイズから判断して巣自体も巨大だと思われる為、発見はそれほど困難ではないはず。捜し出し、そして駆除すを行うのだ。	巢穴通常藏在隐蔽的地方。\n不过这些生物体型巨大，巢穴应该也小不了，因此不会太难发现。\n找到它们，彻底清除。	
LA_OLDTOWN.TXT	0	hud	MissionDescription		Old Town	Old Town	旧城区	
LA_OLDTOWN.TXT	2	hud	ost_chase		Follow the Maraisreq to find the source.	モライスレックを追跡せよ	追踪马雷斯克	
LA_OLDTOWN.TXT	4	voice	a1s0_Rayne12a.wav	$	Rayne: Blocked.	通れないわ	这里过不去。	
LA_OLDTOWN.TXT	5	voice	a1s0_Rayne13b.wav	$	Rayne: Won't budge.	動かない	它动不了。	
LA_OLDTOWN.TXT	6	voice	a1s0_Rayne14b.wav	$	Rayne: It won't open from this side.	中から鍵がかかってる	门从里面锁住了。	
LA_OLDTOWN.TXT	7	voice	a1s0_Rayne15.wav	$	Rayne: Nothing that way.	こっちじゃなさそう	看来不是这边。	
LA_OLDTOWN.TXT	8	voice	a1s0_Rayne16a.wav	$	Rayne: Wrong way.	こっちじゃない	不是这边。	
LA_OLDTOWN.TXT	9	voice	a1s0_Rayne17c.wav	$	Rayne: Nope, not done here.	まだやり残した仕事がある。	还有事情没做完。	
LA_OLDTOWN.TXT	10	voice	a1s0_Rayne18a.wav	$	Rayne: I'm done there.	ここはもういい	这里已经没事了。	
LA_OLDTOWN.TXT	12	voice	a1s13_rayne1.wav	$	Rayne: End of the line.	見失ったわ	跟丢了。	
LA_OLDTOWN.TXT	13	voice	a1s13_rayne2.wav	$	Rayne: Hmm...what if?	いったいどっち？	到底往哪边走？	
LA_OLDTOWN.TXT	14	voice	a1s13_rayne3.wav	$	Rayne: Mother of God!  What is that!?	一体 あれは何なの？	那到底是什么？	
LA_OLDTOWN.TXT	15	voice	a1s13_rayne4.wav	$	Rayne: It's enormous.	巨大なオーラね	好强的灵光。	
LA_OLDTOWN.TXT	16	voice	a1s13_rayne5.wav	$	Rayne: Only one way to find out.	調べてみる必要があるわ	我得过去调查一下。	
LA_OLDTOWN.TXT	18	voice	a1s12_rayne1.wav	$	Rayne: Look who's scampering along.			
LA_OLDTOWN.TXT	19	voice	a1s12_rayne2.wav	$	Rayne: Go ahead.  Lead me to your nest.	さあ お願い\nバイオマスのところへ案内して	来吧，求你了。\n带我去生物组织块那里。	
LA_OLDTOWN.TXT	20	voice	a1s12_rayne3.wav	$	Rayne: Get out of my way!	どいてちょうだい！	给我让开！	
LA_OLDTOWN.TXT	21	voice	a1s12_rayne4.wav	$	Rayne: Urgh!  I lost him!	しまった 見失ったわ！	糟了，跟丢了！	
LA_OLDTOWN.TXT	22	voice	a1s12_rayne5.wav	$	Rayne: It's over.	ああ もうだめね	啊，这下没办法了。	
LA_OLDTOWN.TXT	23	voice	a1s12_rayne6.wav	$	Rayne: That was smart, Rayne.  You killed it.  Where to now?	何で殺したのよ\nバイオマスの場所が判らない...！	你为什么把它杀了？\n这下我不知道生物组织块在哪里了……！	
LA_OLDTOWN.TXT	24	voice	a1s12_rayne7.wav	$	Rayne: It's all over.	諦めるしかないわ	只能放弃了。	
LA_POWER.TXT	0	hud	MissionDescription		Colonial Power	Colonial Power	殖民电厂	
LA_POWER.TXT	2	hud	ost_nestFour		Find and destroy the nest.	バイオマスを駆除せよ	清除生物组织块	
LA_POWER.TXT	3	hud	ost_complete		Proceed to the next area.	次の任務に向え	前往下一个任务区域	
LA_POWER.TXT	4	hud	ost_survivor		Find any survivors.	生存者を救出せよ	营救幸存者	
LA_POWER.TXT	5	hud	ost_PowerUp		Gained Level 4 Normal Attack.	レベル4のノーマルアタックをマスターした	已掌握4级普通攻击	
LA_POWER.TXT	6	hud	ost_blank					
LA_POWER.TXT	8	voice	a1s0_Rayne3.wav	$	Rayne: Nine left.	あと９つ	还剩9个	
LA_POWER.TXT	9	voice	a1s0_Rayne4.wav	$	Rayne: Eight more.	あと８つ	还剩8个	
LA_POWER.TXT	10	voice	a1s0_Rayne5.wav	$	Rayne: Seven left.	あと７つ	还剩7个	
LA_POWER.TXT	11	voice	a1s0_Rayne6.wav	$	Rayne: Six left.	あと６つ	还剩6个	
LA_POWER.TXT	12	voice	a1s0_Rayne7.wav	$	Rayne: Five more.	あと５つ	还剩5个	
LA_POWER.TXT	13	voice	a1s0_Rayne8.wav	$	Rayne: Four remain.	あと４つ	还剩4个	
LA_POWER.TXT	14	voice	a1s0_Rayne9.wav	$	Rayne: Three left.	あと３つ	还剩3个	
LA_POWER.TXT	15	voice	a1s0_Rayne10.wav	$	Rayne: Only two more.	あと２つ	还剩2个	
LA_POWER.TXT	16	voice	a1s0_Rayne11.wav	$	Rayne: One left.	あと１つよ	只剩最后1个	
LA_POWER.TXT	18	voice	a1s0_Rayne12a.wav	$	Rayne: Blocked.	通れないわ	这里过不去。	
LA_POWER.TXT	19	voice	a1s0_Rayne13b.wav	$	Rayne: Won't budge.	動かない	它动不了。	
LA_POWER.TXT	20	voice	a1s0_Rayne14b.wav	$	Rayne: It won't open from this side.	中から鍵がかかってる	门从里面锁住了。	
LA_POWER.TXT	21	voice	a1s0_Rayne15.wav	$	Rayne: Nothing that way.	こっちじゃなさそう	看来不是这边。	
LA_POWER.TXT	22	voice	a1s0_Rayne16a.wav	$	Rayne: Wrong way.	こっちじゃない	不是这边。	
LA_POWER.TXT	23	voice	a1s0_Rayne17c.wav	$	Rayne: Nope, not done here.	まだやり残した仕事がある	还有事情没做完。	
LA_POWER.TXT	24	voice	a1s0_Rayne18a.wav	$	Rayne: I'm done there.	ここはもういい	这里已经没事了。	
LA_POWER.TXT	26	hud	ost_start		Find and destroy the nest.	バイオマスを駆除せよ	清除生物组织块	
LA_POWER.TXT	27	hud	ost_finish		Objective Complete.	任務完了	任务完成	
LA_POWER.TXT	28	voice	a4s0-rayne1.wav	$	Rayne: That's as good as it gets.  Looks like I'll have to get my feet wet.	最高ね どうしても足を濡らさなきゃいけないってわけだ	太好了，看来我非得弄湿脚不可。	
LA_POWER.TXT	29	hud	Intro_VO1		Mortton, Louisiana, 1933. Mission briefing: A mysterious plague has devastated the quiet rural village of Mortton.	１９３３年－ルイジアナ州モートン。任務概要：　ある不可解な疫病が静かな農村モートンを荒廃させた。	1933年，路易斯安那州莫顿\n任务概要：一场原因不明的瘟疫摧毁了宁静的乡村小镇莫顿。	
LA_POWER.TXT	30	hud	Intro_VO2		This disease is 100% lethal, causing the brains of the infected to liquify, and seep through facial orifices in a thick, viscous fluid.  Prior to death, some cases mutate into mindless, disfigured monsters.  There is no known cure...	この病原体は、顔面開口部から高粘度液体化された脳の滲出を引き起こし、致死率は１００パーセントとされている。感染から死に至るまでの間、非道徳かつ邪悪な怪物への突然変異をとげる例も挙げられているが、いまだ知られていない治癒方法があるともいわれている……。	这种病原体的致死率为100%，会使感染者的大脑液化，\n并以浓稠液体的形式从眼、鼻等面部孔窍渗出。\n部分感染者还会在死亡前变异成凶残邪恶的怪物。\n目前没有任何已知疗法……	
LA_POWER.TXT	31	hud	Intro_VO3		Even more disturbing are the plague's carriers: large insectoid creatures originating from the bayous surrounding Mortton.	更なる不安材料である疫病の保菌者：　モートンを取り囲んだバイユーを起源に巨大化した昆虫類似生物。	更令人不安的是瘟疫的携带者：一种源自莫顿周边河口沼泽的大型昆虫状生物。	
LA_POWER.TXT	32	hud	Intro_VO4		BloodRayne, you must find and destroy the nests of the plague carriers before they can reproduce and spread the infestation to neighboring towns.	ブラッドレイン、近郊の町へと感染を蔓延させる前に疫病源の巣を見つけだし破壊してほしい。	莱恩，你必须在感染扩散到邻近城镇前，找到并摧毁这些瘟疫载体的巢穴。	
LA_POWER.TXT	33	hud	Intro_VO5		The nests are usually hidden, though because of their large size, they're hard to miss.  Find them and destroy them.	巣は大概隠れた場所に存在する。だがやつらのサイズから判断して巣自体も巨大だと思われる為、発見はそれほど困難ではないはず。捜し出し、そして駆除すを行うのだ。	巢穴通常藏在隐蔽的地方。\n不过这些生物体型巨大，巢穴应该也小不了，因此不会太难发现。\n找到它们，彻底清除。	
LA_POWER.TXT	35	voice	a1s9_rayne1.wav	$	Rayne: As good as it gets.  Is there no dry land anymore?	これ以上 水は抜けない\n足が濡れるのは我慢ね	水已经抽不下去了。\n只能忍着把脚弄湿了。	
LA_POWER.TXT	36	voice	a1s10_rayne1.wav	$	Rayne: That's the last of 'em.  Time to head back to the graveyard and meet up with Mynce.	全てのバイオマスを始末した\n墓場に戻ってミンスと合流しよう	所有生物组织块都已经清除。\n回墓地和明斯会合吧。	
LA_SWAMP.TXT	0	hud	MissionDescription		Queen of the Underworld	Queen of the Underworld	冥界女王	
LA_SWAMP.TXT	2	hud	ost_queen		Kill the Queen.	奈落の母を始末せよ	消灭冥界之母	
LA_SWAMP.TXT	3	hud	ost_aura		Investigate the aura.	謎のオーラを調査せよ	调查神秘灵光	
LA_SWAMP.TXT	4	hud	bloodrage		You have gained the ability to perform a Level 3 Bloodrage attack!	レベル3のブラッドレイジアタックをマスターした	已掌握3级血怒攻击	
LA_SWAMP.TXT	5	hud	ost_blank					
LA_SWAMP.TXT	7	voice	a1s0_Rayne12a.wav	$	Rayne: Blocked.	通れないわ	这里过不去。	
LA_SWAMP.TXT	8	voice	a1s0_Rayne13b.wav	$	Rayne: Won't budge.	動かない	它动不了。	
LA_SWAMP.TXT	9	voice	a1s0_Rayne14b.wav	$	Rayne: It won't open from this side.	中から鍵がかかってる	门从里面锁住了。	
LA_SWAMP.TXT	10	voice	a1s0_Rayne15.wav	$	Rayne: Nothing that way.	こっちじゃなさそう	看来不是这边。	
LA_SWAMP.TXT	11	voice	a1s0_Rayne16a.wav	$	Rayne: Wrong way.	こっちじゃない	不是这边。	
LA_SWAMP.TXT	12	voice	a1s0_Rayne17c.wav	$	Rayne: Nope, not done here.	まだやり残した仕事がある	还有事情没做完。	
LA_SWAMP.TXT	13	voice	a1s0_Rayne18a.wav	$	Rayne: I'm done there.	ここはもういい	这里已经没事了。	
LA_SWAMP.TXT	15	voice	a1s14_rayne1.wav	$	Rayne: The aura's gone. But what's that?	オーラが消えた 一体何故？	灵光消失了。为什么？	
LA_SWAMP.TXT	16	voice	a1s14_rayne2.wav	$	Rayne: A Voodoo ritual.	ブードゥー教の儀式？	巫毒仪式？	
LA_SWAMP.TXT	17	voice	a1s14_rayne4.wav	$	"Rayne: ...to awaken the ""mother of the underworld""?"	「奈落の母を呼び覚ます」か...	“唤醒冥界之母”吗……	
LA_SWAMP.TXT	18	voice	a1s14_rayne5.wav	$	Rayne: Either she's a smoker or someone was just here.	ブードゥーの巫女はタバコの火の始末もしないの	那个巫毒女祭司连烟头都不灭吗？	
LA_SWAMP.TXT	19	voice	a1s14_rayne7.wav	$	Rayne: Hello?	誰かいる？	有人吗？	
LA_SWAMP.TXT	20	voice	a1s14_rayne8.wav	$	Rayne: Aaaaaaaaaa!	あああああ！	啊啊啊啊！	
LA_SWAMP.TXT	21	voice	a1s14_Rayne9.wav	$	Rayne: Big momma.	でかいママだわね	好大一只妈妈。	
LA_SWAMP.TXT	22	voice	a1s14_rayne10.wav	$	Rayne: Back to sleep for you.	また眠ってな	回去继续睡吧。	
LA_SWAMP.TXT	23	voice	a1s14_Queen1.wav	Queen	Queen: Splooch.	Queen: Splooch.	女王：噗嗤。	
LA_SWAMP.TXT	24	voice	a1s14_rayne11.wav	$	Rayne: Awww...did you eat something that isn't agreeing with your tummy?	あら 拾い食いでもしてお腹壊しちゃった？	哎呀，是不是乱吃东西，把肚子吃坏了？	
LA_SWAMP.TXT	25	voice	a1s14_rayne12.wav	$	Rayne: Glowing ribs?	肋骨が光ってる...	肋骨在发光……	
LA_SWAMP.TXT	26	voice	a1s14_rayne13.wav	$				
LA_SWAMP.TXT	27	voice	a1s14_rayne14.wav	$	Rayne: Hghn...neeeaarrr!			
LA_SWAMP.TXT	28	voice	a1s14_rayne15.wav	$	Rayne: Neeeaaaaaaaaaggh!			
LA_SWAMP.TXT	29	voice	a1s14_rayne16.wav	$	Rayne: It burns!  Oh god it burns!	熱い ああ 熱いわ！	好烫！啊，好烫！	
LA_SWAMP.TXT	30	voice	a1s14_wulf1.wav	Wulf	Wulf: I believe you have what I'm looking for.	私の探し物を持っているな	你拿到了我要找的东西。	
LA_SWAMP.TXT	31	voice	a1s14_wulf3.wav	Wulf	Wulf: You might say I'm a collector of these things.	そうだ あるものを収集しているんだ	没错，我一直在收集这些东西。	
LA_SWAMP.TXT	32	voice	a1s14_rayne17.wav	$	Rayne: Oh god...god...	くそ...	该死……	
LA_SWAMP.TXT	33	voice	a1s14_wulf4.wav	Wulf	Wulf: Nothing personal, although I will enjoy this greatly.	痛いか？ 君には恨みはないんだがなぁ	很疼吗？我对你倒没什么私人恩怨。	
LA_SWAMP.TXT	35	voice	a1s13_rayne4.wav	$	Rayne: It's enormous.	巨大なオーラね	好强的灵光。	
LA_SWAMP.TXT	36	voice	a3s8_rayne16.wav	$	Rayne: What the fuck?	一体何？	这到底是什么？	
LA_SWAMP.TXT	37	voice	a6s1_rayne154.wav	$	Rayne: No...can't control...neeeaargh!	コントロールがきかない...！	我控制不住了……！	
LA_TRAINING.TXT	0	hud	MissionDescription		Initiation	Initiation	入会试炼	
LA_TRAINING.TXT	2	hud	ost_mynce		Follow Mynce.	ミンスと行動を共にせよ	与明斯一同行动	
LA_TRAINING.TXT	3	hud	ost_mortton		1933 - Mortton, Louisiana	1933年 アメリカ合衆国ルイジアナ州モートン	1933年，美国路易斯安那州莫顿	
LA_TRAINING.TXT	4	hud	ost_blank					
LA_TRAINING.TXT	6	voice	a1s0_Rayne12a.wav	$	Rayne: Blocked.	通れないわ	这里过不去。	
LA_TRAINING.TXT	7	voice	a1s0_Rayne13b.wav	$	Rayne: Won't budge.	動かない	它动不了。	
LA_TRAINING.TXT	8	voice	a1s0_Rayne14b.wav	$	Rayne: It won't open from this side.	中から鍵がかかってる	门从里面锁住了。	
LA_TRAINING.TXT	9	voice	a1s0_Rayne15.wav	$	Rayne: Nothing that way.	こっちじゃなさそう	看来不是这边。	
LA_TRAINING.TXT	10	voice	a1s0_Rayne16a.wav	$	Rayne: Wrong way.	こっちじゃないわ	不是这边。	
LA_TRAINING.TXT	11	voice	a1s0_Rayne17c.wav	$	Rayne: Nope, not done here.	何かやり残したようだわ	我好像还有事情没做完。	
LA_TRAINING.TXT	12	voice	a1s0_Rayne18a.wav	$	Rayne: I'm done there.	こっちに興味は無いわ	我对这边没兴趣。	
LA_TRAINING.TXT	14	voice	a1s2_mynce1.wav	Mynce	Mynce: What are you doing Rayne!?	何をしているの レイン	莱恩，你在干什么？	
LA_TRAINING.TXT	15	voice	a1s2_mynce2.wav	Mynce	Mynce: Knock it off!	いい加減にして！	适可而止！	
LA_TRAINING.TXT	16	voice	a1s2_mynce3.wav	Mynce	Mynce: I wouldn't do that!	やめなさい！	住手！	
LA_TRAINING.TXT	17	voice	a1s2_mynce4.wav	Mynce	Mynce: Bitch!	メス豚！	你这母猪！	
LA_TRAINING.TXT	18	voice	a1s2_mynce5.wav	Mynce	Mynce: Quit!	やめなさい！	快住手！	
LA_TRAINING.TXT	20	voice	a1s2_mynce6.wav	Mynce	Mynce: Let's go then!	ついてきて	跟我来。	
LA_TRAINING.TXT	22	hud	ost_jump		Jump = press and hold @@jumpbuttonname@@	ジャンプ:@@jumpbuttonname@@を押す	跳跃：按@@jumpbuttonname@@	
LA_TRAINING.TXT	24	hud	ost_right		"BloodRayne automatically ""tightropes"" when close enough to an appropriate object."	電線などの細い場所では移動に補正がかかり\n簡単に墜落することはない	在电线等狭窄物体上移动时，系统会自动辅助平衡，\n不容易从上面掉下去	
LA_TRAINING.TXT	25	hud	ost_balance		Press Left or Right on D-pad if BloodRayne begins to lose balance.  To turn around perform a quick-turn.	Press Left or Right on D-pad if BloodRayne begins to lose balance.  To turn around perform a quick-turn.	当莱恩失去平衡时，按方向键左或右。需要转身时，执行快速转身	
LA_TRAINING.TXT	26	hud	ost_avoid		To avoid obstacles, you may need to jump over them.  Press @@jumpbuttonname@@ to jump.	@@jumpbuttonname@@を押して電線に飛び乗れ	按@@jumpbuttonname@@跳到电线上	
LA_TRAINING.TXT	28	voice	a1s2_mynce16.wav	Mynce	Mynce: Let's check inside.	中を調べましょう	我们进去看看。	
LA_TRAINING.TXT	29	voice	a1s2_mynce17.wav	Mynce	Mynce: Locked.  And the windows are blocked.	鍵が掛かってる\n窓も塞がれてるわ	门锁着，\n窗户也被封住了。	
LA_TRAINING.TXT	30	voice	a1s2_mynce18.wav	Mynce	Mynce: Let's hope they didn't barricade the door from the inside.	ドアが塞がれていなければいいんだけど	但愿门没有被什么东西挡住。	
LA_TRAINING.TXT	31	hud	ost_rebound		Rebound kick = Jump @@jumpbuttonname@@, then release and press again near any character or breakable environment piece.	ドリルキック:ジャンプ中に@@jumpbuttonname@@を押す	钻头踢：跳跃时按@@jumpbuttonname@@	
LA_TRAINING.TXT	32	hud	ost_low		Often a double jump works the best for low objects.	障害物を粉砕する時に有効だ	钻头踢适合用来粉碎障碍物	
LA_TRAINING.TXT	34	voice	a1s2_mynce19.wav	Mynce	Mynce: It's blocked from the other side.  But there seems to be a weak spot in the wall.	何かが邪魔してドアが開かないわ\nどこか脆くなっている壁がないかしら...	有什么东西挡住了门。\n附近有没有比较脆弱的墙壁……	
LA_TRAINING.TXT	35	voice	a1s2_mynce20.wav	Mynce	Mynce: Kindly make us a new door, Miss Rayne.  I'd like to investigate.	レイン　この先の部屋に入るために\n新しいドアを作ってくれない？	莱恩，为了进入前面的房间，\n能不能给我们开一道新门？	
LA_TRAINING.TXT	36	hud	ost_door		Rebound kick can be used to break down weak spots in walls.	ドリルキックは脆くなっている壁や\nドアを粉砕する時に有効だ	钻头踢可以粉碎脆弱的墙壁和\n门	
LA_TRAINING.TXT	37	voice	a1s2_mynce22.wav	Mynce	Mynce: Tear it apart Rayne!	切り刻んでやって！	把它切碎！	
LA_TRAINING.TXT	38	hud	ost_blade		Blade/kick attack = @@action1buttonname@@	ブレード/キック攻撃:@@action1buttonname@@を押す	刀刃／踢击攻击：按@@action1buttonname@@	
LA_TRAINING.TXT	39	voice	a1s3_mynce52.wav	Mynce	Mynce: Good girl.	いい子ね	好姑娘。	
LA_TRAINING.TXT	41	voice	a1s2_mynce26.wav	Mynce_StandIn	Mynce: Watch this!	良く見て	看清楚。	
LA_TRAINING.TXT	42	hud	ost_combo		Perform combos by hitting Blade/Kick @@action1buttonname@@ at the end of each attack.	コンボアタック:ブレード/キック攻撃が命中している間に@@action1buttonname@@を押す	连击：刀刃／踢击命中时，继续按@@action1buttonname@@	
LA_TRAINING.TXT	43	hud	ost_swipe		Press @@action1buttonname@@ for level 1 - Quick swipe.	"コンボアタックレベル1""クイックスラッシュ"":@@action1buttonname@@を押す"	1级连击“快速斩击”：按@@action1buttonname@@	
LA_TRAINING.TXT	44	hud	ost_spin		Press now to trigger level 2 - Spin Kick.	"コンボアタックレベル2""スピンキック"":続けて@@action1buttonname@@を押す"	2级连击“旋身踢”：继续按@@action1buttonname@@	
LA_TRAINING.TXT	45	voice	a1s2_Rayne5.wav	$	Rayne: Showoff.  Bloodlust satisfied?	この人ったら ほんとに怖いわね	这家伙还真吓人。	
LA_TRAINING.TXT	46	hud	ost_meter		Attacking enemies fills your Bloodlust meter.  More spectacular attacks fill the meter faster.	Attacking enemies fills your Bloodlust meter.  More spectacular attacks fill the meter faster.	攻击敌人会填充杀戮欲望槽。攻击方式越华丽，填充速度越快	
LA_TRAINING.TXT	47	voice	a1s2_mynce27.wav	Mynce_StandIn	Mynce: Not bad...	そろそろ私に慣れて	你也该习惯我了。	
LA_TRAINING.TXT	48	voice	a1s2_mynce28.wav	Mynce_StandIn	Mynce: ...but more to come.  And there's a volunteer.	まだまだ来るわよ\nほら そこにも	还有更多敌人。\n看，那边还有一个。	
LA_TRAINING.TXT	49	hud	ost_bomb		"Fill your Bloodlust meter to earn a Blood Rage ""bomb""."	"ブラッドラストゲ－ジがたまった時\n""ブラッドレイジ""を発動させることが可能だ"	杀戮欲望槽蓄满时，\n可以发动“血怒”	
LA_TRAINING.TXT	50	hud	ost_rage		Enter Blood Rage @@bloodragebuttonname@@ to gain a speed advantage, increase dismemberment, and perform new attacks.	"@@bloodragebuttonname@@を押して""ブラッドレイジ""を発動させると\n攻撃力とスピードが一時的に上昇する"	按@@bloodragebuttonname@@发动“血怒”后，\n攻击力和速度会暂时提升	
LA_TRAINING.TXT	51	hud	ost_brspin		Hit @@action1buttonname@@ for level 1 B.R. - Spinning blade.	"ブラッドレイジコンボレベル1""スピニングブレード"":@@action1buttonname@@を押す"	1级血怒连击“旋转刀刃”：按@@action1buttonname@@	
LA_TRAINING.TXT	52	hud	ost_scissor		Press @@action1buttonname@@ now to trigger level 2 Blood Rage - Scissor Kick.	"ブラッドレイジコンボレベル2""シザーキック"":続けて@@action1buttonname@@を押す"	2级血怒连击“剪刀脚”：继续按@@action1buttonname@@	
LA_TRAINING.TXT	53	hud	ost_slave		Press @@visionNormalButtonName@@ to enter normal view and exit Blood Rage early.  This conserves Bloodlust.	ブラッドレイジは@@visionNormalButtonName@@を押して中断することも可能だ	也可以按@@visionNormalButtonName@@提前结束血怒	
LA_TRAINING.TXT	54	voice	a1s2_mynce29.wav	Mynce	Mynce: Next one's for you.	次は あなたの獲物よ	下一个是你的猎物。	
LA_TRAINING.TXT	56	voice	a1s2_mynce30.wav	Mynce	Mynce: Shhh.  There's one.  Use your Aura Sense to see it in the dark.	静かに まだいるわ\nあなたのオーラセンスで探すのよ	安静，还有一个。\n用你的灵光感知把他找出来。	
LA_TRAINING.TXT	57	hud	ost_aura		Press @@visionAuraButtonName@@ to enter aura vision.  Aura vision works well as night vision.  But it also shows enemies' health and awareness.	オ－ラセンス:@@visionAuraButtonName@@\n暗視能力と獲物のオーラを目視する	灵光感知：@@visionAuraButtonName@@\n可进行夜视，并观察猎物的灵光	
LA_TRAINING.TXT	58	hud	ost_green		Normally an enemies' health goes from green to yellow to orange to red.  Green is 100% healthy and aware of BloodRayne.	Normally an enemies' health goes from green to yellow to orange to red.  Green is 100% healthy and aware of BloodRayne.	敌人的生命值通常会从绿色依次变为黄色、橙色和红色。\n绿色表示目标生命值为100%，并且已经察觉莱恩	
LA_TRAINING.TXT	59	voice	a1s2_mynce31.wav	Mynce	Mynce: Easy prey if you want it.	その気になれば狩りはチョロいわ	只要认真起来，狩猎很简单。	
LA_TRAINING.TXT	60	voice	a1s2_mynce32.wav	Mynce	Mynce: He's a big meal.  Look how bright his aura is.  He has no idea we're here.	でっかな肉の塊\nオーラの色が明るいわ 私達に気付いていない証拠よ	好大一块肉。\n他的灵光很亮，说明他还没有发现我们。	
LA_TRAINING.TXT	62	voice	a1s2_Rayne6.wav	$	Rayne: He's not panicking or hurt...yet.	恐怖も傷もない 今はね	他既没害怕，也没受伤……暂时还没有。	
LA_TRAINING.TXT	63	hud	ost_red		There are three special instances when an enemy has a red aura. 1: he is caught off guard.  2: he is scared.  3: he is low in health.	There are three special instances when an enemy has a red aura. 1: he is caught off guard.  2: he is scared.  3: he is low in health.	敌人的灵光会在三种特殊情况下变红：1.毫无防备；2.受到惊吓；3.生命值较低	
LA_TRAINING.TXT	64	hud	ost_guage		If the aura is red you can gauge the health by the brightness of the glow.  The brighter it is, the healthier the enemy.	If the aura is red you can gauge the health by the brightness of the glow.  The brighter it is, the healthier the enemy.	灵光呈红色时，可以根据光芒的亮度判断目标的生命值。光芒越亮，目标越健康	
LA_TRAINING.TXT	65	voice	a1s2_mynce33.wav	Mynce	Mynce: This one's yours.  Take him down, or grab a bite to eat.	あなたの獲物よ 切り刻む？ 血を頂く？	你的猎物。想把他切碎，还是吸他的血？	
LA_TRAINING.TXT	66	hud	ost_bite		Bite = get close to a victim and tap @@harpoonbitebuttonname@@ quickly.	吸血:獲物に近づいて@@harpoonbitebuttonname@@を押す	吸血：靠近猎物后按@@harpoonbitebuttonname@@	
LA_TRAINING.TXT	67	hud	ost_steer		"Steer standing victims to use as a ""human shield"" = @@turnAxis@@"	周囲からの攻撃がある場合は\n@@turnAxis@@を使って獲物の体を盾にすることも可能だ	遭到周围敌人攻击时，\n可以使用@@turnAxis@@转动猎物，把他的身体当作盾牌	
LA_TRAINING.TXT	69	voice	a1s2_Rayne10.wav	$	Rayne: Where to now?	次は？	接下来呢？	
LA_TRAINING.TXT	70	voice	a1s2_mynce42.wav	Mynce	Mynce: You tell me.  Use your aura sense.	オーラセンスを使えば きっとわかるはずよ	使用灵光感知，你应该就能知道。	
LA_TRAINING.TXT	71	hud	ost_go		If you don't know where to go, use your aura vision (@@visionAuraButtonName@@) and look for a bright glow.	次の目的地がわからない場合は\nオ－ラセンスを使用せよ\n蒼白いオ－ラが次の目的地を表している	不知道下一个目的地时，\n请使用灵光感知。\n苍白的灵光表示下一个目的地	
LA_TRAINING.TXT	72	hud	ost_objective		This glow is your immediate objective. This glow will even shine through walls.	次の目的地を表す蒼白いオ－ラは\n障害物でさえぎられていても目視が可能だ	表示下一个目的地的苍白灵光，\n即使被障碍物挡住也能看见	
LA_TRAINING.TXT	74	voice	a1s2_mynce41.wav	Mynce	Mynce: Guess we're done here.  Let's go to the church.	ここで教えることはもうない\nこの先の教会へ	我已经没什么可教你的了。\n去前面的教堂吧。	
LA_TRAINING.TXT	75	voice	a5s1_Rayne34.wav	$	Let's use the boat.	あのボートで行きましょう	我们坐那条船过去。	
LA_TRAINING.TXT	77	hud	ost_weapons		Weapons with ammo will flash.  These are automatically picked up by walking over them until inventory is full - two large guns, four small guns, two grenades, and one special gun.	Weapons with ammo will flash.  These are automatically picked up by walking over them until inventory is full - two large guns, four small guns, two grenades, and one special gun.	有弹药的武器会闪光。\n走到武器上即可自动拾取，直到携带栏装满：\n两把大型枪械、四把小型枪械、两枚手榴弹和一把特殊枪械	
LA_TRAINING.TXT	78	hud	ost_cycle		Hit weapon button @@weaponmodeforwardbuttonname@@ and @@weaponmodereversebuttonname@@ to cycle through available weapons and view ammo counts.	Hit weapon button @@weaponmodeforwardbuttonname@@ and @@weaponmodereversebuttonname@@ to cycle through available weapons and view ammo counts.	按武器切换键@@weaponmodeforwardbuttonname@@和@@weaponmodereversebuttonname@@，可循环选择现有武器并查看弹药数量	
LA_TRAINING.TXT	80	voice	a5s5_Rayne115.wav	$	Rayne: The piles of melted people obviously won't need them anymore.	ぐちゃぐちゃになった人に\nもうこんなものは使えないわね	那些已经变成肉泥的人，\n也用不上这些东西了。	
LA_TRAINING.TXT	82	voice	a1s3_Rayne15.wav	$	Rayne: Guns are fine, but nothing beats blades in close combat.	銃も悪くないけど\n接近戦ならブレードね	枪也不错，\n但近战还是刀刃最好用。	
LA_TRAINING.TXT	83	voice	a1s3_mynce49.wav	Mynce	Mynce: Agreed.  But if you use a gun, be smart about it.	そうね 銃は状況を考えスマートに使って	没错。使用枪械时，要根据情况聪明选择。	
LA_TRAINING.TXT	85	hud	ost_blades		Blades are always better in close range than guns.	接近戦はブレード攻撃が有効だ	近战时，刀刃攻击非常有效	
LA_TRAINING.TXT	87	voice	a5s5_Rayne141.wav	$	Rayne: I have a feeling you're going to give me some more training.	どうせ もっとトレーニングさせる気でしょ	你肯定还想继续训练我吧？	
LA_TRAINING.TXT	88	voice	a5s5_Rayne142.wav	$	Rayne: Even though I said I didn't need it.	嫌だなんて言えないわよね	我又不能说不，对吧？	
LA_TRAINING.TXT	90	voice	a1s3_mynce50.wav	Mynce	Mynce: A loaded gun is a nice present, but I wouldn't waste my time fumbling with ammo clips during combat.  Toss the thing when it's empty.	弾の入った銃は魅力があるけど 戦闘中にマガジン交換なんていただけないわ\n空っぽの銃は棄てなさい	装满子弹的枪确实很诱人，但战斗中更换弹匣太麻烦。\n枪打空以后就扔掉	
LA_TRAINING.TXT	91	voice	a1s3_Rayne16.wav	$	Rayne: I know.  I'm not a pack mule.	ガキじゃないんだから知ってる	我又不是小孩，这种事我知道。	
LA_TRAINING.TXT	93	hud	ost_discard		BloodRayne automatically discards empty guns and likewise will not pick up any.  Empty guns do not flash.	BloodRayne automatically discards empty guns and likewise will not pick up any.  Empty guns do not flash.	莱恩会自动丢弃空枪，也不会拾取没有弹药的枪械。空枪不会闪光	
LA_TRAINING.TXT	95	voice	a1s3_Rayne18.wav	$	Rayne: I'm no gun collector either.  If I find something better, I'm trading.	銃に思い入れは無いから いい物が見つかれば取りかえるわ	我又不收藏枪，找到更好的当然就换。	
LA_TRAINING.TXT	97	hud	ost_inv		Rayne automatically keeps inventory optimal according to fire power versus ammo count; hit 'start' and go to options to adjust pickup settings.	Rayne automatically keeps inventory optimal according to fire power versus ammo count; hit 壮tart・and go to options to adjust pickup settings.	莱恩会根据火力和弹药量自动优化携带武器；按START进入选项，可调整拾取设置	
LA_TRAINING.TXT	99	voice	a5s5_Rayne143.wav	$	Rayne: So... what's your favorite?	あなたは何が好きなの？	你最喜欢什么武器？	
LA_TRAINING.TXT	100	voice	a1s3_mynce53.wav	Mynce	Mynce: Double barrel shotgun.	二連式ショットガン	双管霰弹枪。	
LA_TRAINING.TXT	101	voice	a1s3_Rayne20.wav	$	Rayne: Good bye stealth, welcome brute strength.	あら 力押しが好みなのね	原来你喜欢硬来。	
LA_TRAINING.TXT	103	hud	ost_special		"Some weapons are ""Special"" because they have unique properties like short range, wide damage cone, 100% accuracy, etc.  The last slot in BloodRayne's inventory is reserved for these."	"Some weapons are ""Special"" because they have unique properties like short range, wide damage cone, 100% accuracy, etc.  The last slot in BloodRayne痴 inventory is reserved for these."	部分武器因射程短、伤害范围广、命中率100%等特殊性能而被归为“特殊”武器。\n莱恩携带栏的最后一个位置专门用于此类武器	
LA_TRAINING.TXT	105	voice	a1s3_mynce54.wav	Mynce	Mynce: What can I say.  I'm a proponent of the big-bang theory.	あなた 派手な破壊はグッとくるって知らないの	你不知道大场面最让人兴奋吗？	
LA_TRAINING.TXT	107	hud	ost_one		"BloodRayne can only carry one ""Special"" gun at a time, but can switch to another when she finds one."	"BloodRayne can only carry one ""Special"" gun at a time, but can switch to another when she finds one."	莱恩一次只能携带一把“特殊”枪械，但发现另一把时可以进行替换	
LA_TRAINING.TXT	109	voice	a5s5_Rayne144.wav	$	Rayne: Shotgun philosophy of the half-vampire.	ショットガン好きのハーフ・ヴァンパイアなのね	原来你是个喜欢霰弹枪的半吸血鬼。	
MSGLIST.TXT	6	ui			There's a problem with the disc you're using.\nIt may be dirty or damaged.	ゲームディスクに問題が発生しました\nゲームディスクが破損しているか汚れている可能性があります。	游戏光盘发生问题。\n游戏光盘可能已损坏或沾有污渍。	
MSGLIST.TXT	7	ui			Resolution\t%dx%d	解像度\t%dx%d	分辨率\t%dx%d	
MSGLIST.TXT	8	ui			Color Depth\t%d	色深度\t%d	色彩深度\t%d	
MSGLIST.TXT	9	ui			Renderer\t%s	レンダラー\t%s	渲染器\t%s	
MSGLIST.TXT	10	ui			3D Card\t(Software)	3Dカード\t(ソフトウェア)	3D显卡\t（软件）	
MSGLIST.TXT	11	ui			3D Card\t%s	3Dカード\t%s	3D显卡\t%s	
MSGLIST.TXT	12	ui			3D Card\tDirectX 8.1 Not Detected	3Dカード\tDirectX 8.1が見つかりません	3D显卡\t未找到DirectX 8.1	
MSGLIST.TXT	13	ui			Restore defaults	初期設定に戻す	恢复默认设置	
MSGLIST.TXT	14	ui			Play	ゲームを起動	启动游戏	
MSGLIST.TXT	15	ui			BloodRayne(TM) Setup Options	BloodRayne(TM) 設定オプション	BloodRayne(TM) 设置选项	
MSGLIST.TXT	16	ui			BloodRayne requires 3D hardward acceleration.	ブラッドレインを動作させるためには3Dグラフィックカードが必要です。	运行《吸血莱恩》需要3D图形显卡。	
MSGLIST.TXT	17	ui			This CPU does not have an MMX unit.	お使いのパソコンのCPUはMMXに対応していません。	您的计算机CPU不支持MMX。	
MSGLIST.TXT	18	ui			Windows is reporting 	Windows is reporting 	Windows报告的系统内存为	
MSGLIST.TXT	19	ui			MB of system RAM.	MB of system RAM.	MB。	
MSGLIST.TXT	20	ui			Nocturne requires at least 64MB of system RAM.	Nocturne requires at least 64MB of system RAM.	《夜曲》至少需要64MB系统内存。	
MSGLIST.TXT	21	ui			If you think you have at least 64MB of system RAM	If you think you have at least 64MB of system RAM	如果您确认系统内存不少于64MB，	
MSGLIST.TXT	22	ui			then ignore this message.	then ignore this message.	请忽略此消息。	
MSGLIST.TXT	23	ui			See README.TXT for more information.	詳しい情報はREADME.TXTを参照ください。	详情请参阅README.TXT。	
MSGLIST.TXT	24	ui			MB of free swap disk space.	MB of free swap disk space.	MB可用交换磁盘空间。	
MSGLIST.TXT	25	ui			Nocturne runs best with at least 200MB free.	Nocturne runs best with at least 200MB free.	《夜曲》在至少有200MB可用空间时运行效果最佳。	
MSGLIST.TXT	26	ui			The door is locked.	このドアは鍵がかかっている	这扇门锁着。	
MSGLIST.TXT	27	ui			Slew mode enabled	スレイモードを開始	已开启屠杀模式	
MSGLIST.TXT	28	ui			Slew mode disabled	スレイモードを終了	已关闭屠杀模式	
MSGLIST.TXT	29	ui			God mode enabled	ゴッドモードを開始	已开启无敌模式	
MSGLIST.TXT	30	ui			God mode disabled	ゴッドモードを終了	已关闭无敌模式	
MSGLIST.TXT	31	ui			Time factor = %.2f	タイムファクター = %.2f	时间倍率 = %.2f	
MSGLIST.TXT	32	ui			Gratuitous dismemberment enabled	リッパーモードを開始	已开启肢解模式	
MSGLIST.TXT	33	ui			Gratuitous dismemberment disabled	リッパーモードを終了	已关闭肢解模式	
MSGLIST.TXT	34	ui			Enter cheat code	チートコードを入力	输入作弊码	
MSGLIST.TXT	35	ui			Buy Nocturne today!	Buy Nocturne today!	立即购买《夜曲》！	
MSGLIST.TXT	36	ui			Juggy Dance Squad!!!	Juggy Dance Squad!!!	巨乳舞蹈队！！！	
MSGLIST.TXT	37	ui			Have a nice day	Have a nice day	祝你今天愉快	
MSGLIST.TXT	38	ui			Enemies frozen	敵を動けなくしてやりました	敌人已被定住	
MSGLIST.TXT	39	ui			Enemies thawed	敵を自由にしてやりました	敌人已恢复行动	
MSGLIST.TXT	40	ui			Health restored.	体力が回復しました	生命值已恢复	
MSGLIST.TXT	41	ui			Blade Attack	攻撃	攻击	
MSGLIST.TXT	42	ui			Weapon Attack	銃撃	射击	
MSGLIST.TXT	43	ui			Center view	視線を中央に戻す	视线回正	
MSGLIST.TXT	44	ui			Jump	ジャンプ	跳跃	
MSGLIST.TXT	45	ui			Harpoon/Bite	ハープーン/吸血	鱼叉／吸血	
MSGLIST.TXT	46	ui			Quick Turn	クイックターン	快速转身	
MSGLIST.TXT	47	ui			Blood Rage	ブラッドレイジ	血怒	
MSGLIST.TXT	48	ui			Normal Vision	ノーマルビュー	普通视野	
MSGLIST.TXT	49	ui			Aura Vision	オーラセンス	灵光感知	
MSGLIST.TXT	50	ui			Extruded Vision	スナイパービュー	狙击视野	
MSGLIST.TXT	51	ui			Dilated Vision	ディレイトモード	延缓模式	
MSGLIST.TXT	52	ui			Weapon Mode Forward	次の武器を選択	选择下一件武器	
MSGLIST.TXT	53	ui			Weapon Mode Reverse	前の武器を選択	选择上一件武器	
MSGLIST.TXT	54	ui			Screen Shot	画面写真を撮影	截取屏幕截图	
MSGLIST.TXT	55	ui			Debug	デバッグ	调试	
MSGLIST.TXT	56	ui			Move Forward	前進	前进	
MSGLIST.TXT	57	ui			Move Backward	後退	后退	
MSGLIST.TXT	58	ui			Strafe Left	左移動	向左移动	
MSGLIST.TXT	59	ui			Strafe Right	右移動	向右移动	
MSGLIST.TXT	60	ui			Look Up	視線の上移動	视线上移	
MSGLIST.TXT	61	ui			Look Down	視線の下移動	视线下移	
MSGLIST.TXT	62	ui			Turn Left	左転進	向左转	
MSGLIST.TXT	63	ui			Turn Right	右転進	向右转	
MSGLIST.TXT	64	ui			D-Pad Left	方向キー左	方向键左	
MSGLIST.TXT	65	ui			D-Pad Right	方向キー右	方向键右	
MSGLIST.TXT	66	ui			D-Pad Up	方向キー上	方向键上	
MSGLIST.TXT	67	ui			D-Pad Down	方向キー下	方向键下	
MSGLIST.TXT	68	ui			Button %d	ボタン%d	按钮%d	
MSGLIST.TXT	69	ui			Otto Gottleib	オットー・ゴットライブ	奥托·戈特利布	
MSGLIST.TXT	70	ui			Stefan Gustafson	ステファン・グスタフソン	斯特凡·古斯塔夫森	
MSGLIST.TXT	71	ui			J. Becker	J・ベッカー	J·贝克尔	
MSGLIST.TXT	72	ui			Ruprecht Reiner	ルプレクト・ライナー	鲁普雷希特·莱纳	
MSGLIST.TXT	73	ui			Timitheus Tischler	ティミテウス・ティシュラー	蒂莫特乌斯·蒂施勒	
MSGLIST.TXT	74	ui			P. Eckstein	P・エクスタイン	P·埃克施泰因	
MSGLIST.TXT	75	ui			Nicholaus Reinhardt	ニコラウス・ラインハート	尼古劳斯·莱因哈特	
MSGLIST.TXT	76	ui			Braun Mekay	ブラウン・ミケイ	布劳恩·米凯	
MSGLIST.TXT	77	ui			R. Wauher	R・ワウハー	R·瓦乌赫	
MSGLIST.TXT	78	ui			J. A. Cotter	J・A・カッター	J·A·卡特	
MSGLIST.TXT	79	ui			(Name unknown)	(姓名不明)	（姓名不明）	
MSGLIST.TXT	80	ui			D. Mauler	D・ミュラー	D·穆勒	
MSGLIST.TXT	81	ui			Dr. Bathory Mengele	Dr.バスリー・メンゲール	巴托里·门格勒博士	
MSGLIST.TXT	82	ui			Von Blut	フォン・ブルト	冯·布鲁特	
MSGLIST.TXT	83	ui			Jurgen Wulf	ジャーゲン・ウルフ	尤尔根·沃尔夫	
MSGLIST.TXT	84	ui			K. Kephardt	K・ケハート	K·凯哈特	
MSGLIST.TXT	85	ui			C. Reichard	C・ライハード	C·莱哈德	
MSGLIST.TXT	86	ui			D. Von Haber	D・フォン・ヘーバー	D·冯·赫伯	
MSGLIST.TXT	87	ui			G. Saxon	G・サクソン 	G·萨克森	
MSGLIST.TXT	88	ui			C. Bogue	C・ボーグ	C·博格	
MSGLIST.TXT	89	ui			Arno Samsa	アルノ・サムサ	阿尔诺·萨姆萨	
MSGLIST.TXT	90	ui			N. Rausch	N・ラウシェ	N·劳舍	
MSGLIST.TXT	91	ui			Hans Eldrich	ハンツ・エルドリッヒ	汉茨·埃尔德里希	
MSGLIST.TXT	92	ui			Andreas Zahl	アンドレアス・ザヒ	安德烈亚斯·扎希	
MSGLIST.TXT	93	ui			Heinrich Eberhard	ハインリッヒ・エバハード	海因里希·埃伯哈德	
MSGLIST.TXT	94	ui			Demetrius Klaus	デメトリウス・クラウス	德米特里乌斯·克劳斯	
MSGLIST.TXT	95	ui			D. Traugott	D・トラウゴット	D·特劳戈特	
MSGLIST.TXT	96	ui			G. Gosler	G・ゴスラー	G·戈斯勒	
MSGLIST.TXT	97	ui			Simon/Sigmund Krieger	サイモン/シグモント・クリューガー	西蒙／西格蒙德·克鲁格	
MSGLIST.TXT	98	ui			Jurgen Wulf	ジャーゲン・ウルフ	尤尔根·沃尔夫	
MSGLIST.TXT	99	ui			Name unknown	(正体不明)	（身份不明）	
MSGLIST.TXT	100	ui			High Engineer	 技術将校	 技术军官	
MSGLIST.TXT	101	ui			2nd Lieutenant	 少尉	 少尉	
MSGLIST.TXT	102	ui			Garrison Captain	 大尉	 上尉	
MSGLIST.TXT	103	ui			Naval Captain Kreigsmarine	 海軍大尉	 海军上尉	
MSGLIST.TXT	104	ui			Major	 少佐	 少校	
MSGLIST.TXT	105	ui			Naval Lt. Colonel	 海軍中佐	 海军中佐	
MSGLIST.TXT	106	ui			Colonel	 大佐	 上校	
MSGLIST.TXT	107	ui			Brigadier General	 准尉	 准尉	
MSGLIST.TXT	108	ui			Major General of Intelligence	 情報少将	 情报少将	
MSGLIST.TXT	109	ui			Infantry Colonel, a.k.a. 'Kommando'	 歩兵大佐, 通称'コマンドー'	 步兵上校，绰号“突击队长”	
MSGLIST.TXT	110	ui			Infantry Brigadier General	 歩兵准尉	 步兵准尉	
MSGLIST.TXT	111	ui			Death Head Leader, aka. 'The Butcheress'	 デアマイツ計画幹部, 通称'死神ドクター'	 魔蛭计划负责人，绰号“死神博士”	
MSGLIST.TXT	112	ui			High Priest	 大司教	 大主教	
MSGLIST.TXT	113	ui			Supreme Commander	 最高指揮官	 最高指挥官	
MSGLIST.TXT	114	ui			General Officer	 大将	 大将	
MSGLIST.TXT	115	ui			2nd Lieutenant of Infantry	 歩兵少尉	 步兵少尉	
MSGLIST.TXT	116	ui			Airforce 1st Lieutenant	 空軍中尉	 空军中尉	
MSGLIST.TXT	117	ui			1st Lieutenant	 中尉	 中尉	
MSGLIST.TXT	118	ui			Captain	 大尉	 上尉	
MSGLIST.TXT	119	ui			Lietenant-Col., Karstjager Gruppe	 中佐	 中佐	
MSGLIST.TXT	120	ui			Lieutenant Colonel	 中佐	 中佐	
MSGLIST.TXT	121	ui			Major General	 少将	 少将	
MSGLIST.TXT	122	ui			Super Tank Lieutenant Gen.	 試作戦車実験隊指揮官	 试作坦克实验队指挥官	
MSGLIST.TXT	123	ui			Senior Armed Forces Commanders	 装甲師団上級指揮官	 装甲师高级指挥官	
MSGLIST.TXT	124	ui			High Commander	 上級指揮官	 高级指挥官	
MSGLIST.TXT	125	ui			Greaser SMG	Greaserサブマシンガン	Greaser冲锋枪	
MSGLIST.TXT	126	ui			Mauz 9mm Pistol	Mauz 9mmピストル	Mauz 9毫米手枪	
MSGLIST.TXT	127	ui			Leug P08 Pistol	Leug P08ピストル	Leug P08手枪	
MSGLIST.TXT	128	ui			SMP34 SMG	SMP34サブマシンガン	SMP34冲锋枪	
MSGLIST.TXT	129	ui			ZZG33 SMG	ZZG33サブマシンガン	ZZG33冲锋枪	
MSGLIST.TXT	130	ui			G33 Rifle	G33ライフル	G33步枪	
MSGLIST.TXT	131	ui			Kaxik Mg08 MG	Kaxik Mg08マシンガン	Kaxik MG08机枪	
MSGLIST.TXT	132	ui			PumpShotgun	ポンプ式ショットガン	泵动式霰弹枪	
MSGLIST.TXT	133	ui			Doublebarreled Shotgun	ダブルバレルショットガン	双管霰弹枪	
MSGLIST.TXT	134	ui			FlameThrower	火炎放射器	火焰喷射器	
MSGLIST.TXT	135	ui			Panzershreck	パンツァーシュレック	坦克杀手火箭筒	
MSGLIST.TXT	136	ui			MG32 MG	MG32マシンガン	MG32机枪	
MSGLIST.TXT	137	ui			Kennings Rifle	Kenningsライフル	Kennings步枪	
MSGLIST.TXT	138	ui			Cole 44 Revolver	Cole44リボルバーピストル	Cole 44左轮手枪	
MSGLIST.TXT	139	ui			Grenade	手榴弾	手榴弹	
MSGLIST.TXT	140	ui			W&S M1917 Revolver	W&S M1917リボルバーピストル	W&S M1917左轮手枪	
MSGLIST.TXT	141	ui			Blitzgewehr 32 SMG	Blitzgewehr32サブマシンガン	Blitzgewehr 32冲锋枪	
MSGLIST.TXT	142	ui			Winkesler Rifle	Winkeslerライフル	Winkesler步枪	
MSGLIST.TXT	143	ui			W&S Double action revolver	W&Sダブルアクションリボルバーピストル	W&S双动左轮手枪	
MSGLIST.TXT	144	ui			Deerhunter rifle	Deerhunter小銃	Deerhunter步枪	
MSGLIST.TXT	145	ui			Dynamite	ダイナマイト	炸药	
MSGLIST.TXT	146	ui			Walthurm PP Pistol	Walthurm PP拳銃	Walthurm PP手枪	
MSGLIST.TXT	147	ui			Springbrook Rifle	Springbrook小銃	Springbrook步枪	
MSGLIST.TXT	148	ui			Breaning A5 Shotgun	Breaning A5ショットガン	Breaning A5霰弹枪	
MSGLIST.TXT	149	ui			Ethica 33 Shotgun	Ethica 33ショットガン	Ethica 33霰弹枪	
MSGLIST.TXT	150	ui			Leug P08 Artil Pistol	Leug P08アーティラリーピストル	Leug P08炮兵型手枪	
MSGLIST.TXT	151	ui			Greaser Artil SMG	Greaserアーティラリーサブマシンガン	Greaser炮兵型冲锋枪	
MSGLIST.TXT	152	ui			SMP34 Artil SMG	SMP34アーティラリーサブマシンガン	SMP34炮兵型冲锋枪	
MSGLIST.TXT	153	ui			Bergstein MP28 SMG	Bergstein MP28サブマシンガン	Bergstein MP28冲锋枪	
MSGLIST.TXT	154	ui			MG06 MG	MG06マシンガン	MG06机枪	
MSGLIST.TXT	155	ui			Granatewurf	グレネードランチャー	榴弹发射器	
MSGLIST.TXT	156	ui			Panzerfaust	パンツァーファウスト	铁拳反坦克火箭筒	
MSGLIST.TXT	157	ui			Head	アタマ角	阿塔玛角	
MSGLIST.TXT	158	ui			M1918 GAR	M1918 GAR	M1918 GAR	
MSGLIST.TXT	159	ui			Gun	銃	枪械	
MSGLIST.TXT	160	ui			Please install BloodRayne to your hard drive	'ブラッドレイン'をインストールしてください。	请安装《吸血莱恩》。	
MSGLIST.TXT	161	ui			Loading...	ロード中...	正在载入……	
MSGLIST.TXT	162	ui			You need to feed.	生き血をすすれ	痛饮鲜血	
MSGLIST.TXT	163	ui			Press @@bloodragebuttonname@@ to activate Blood Rage.	@@bloodragebuttonname@@を押してブラッドレイジ発動	按@@bloodragebuttonname@@发动血怒	
MSGLIST.TXT	164	ui			(none)	(未設定)	（未设置）	
MSGLIST.TXT	165	ui			Mouse X-Axis	マウスX軸	鼠标X轴	
MSGLIST.TXT	166	ui			Mouse Y-Axis	マウスY軸	鼠标Y轴	
MSGLIST.TXT	167	ui			Mouse B1	マウスボタン1	鼠标按钮1	
MSGLIST.TXT	168	ui			Mouse B2	マウスボタン2	鼠标按钮2	
MSGLIST.TXT	169	ui			Mouse B3	マウスボタン3	鼠标按钮3	
MSGLIST.TXT	170	ui			Axis %d	%d軸	%d轴	
MSGLIST.TXT	171	ui			Traditional 3rd Person	Traditional 3rd Person	传统第三人称	
MSGLIST.TXT	172	ui			3rd person with strafe	3rd person with strafe	第三人称平移操作	
MSGLIST.TXT	173	ui			1st person	1st person	第一人称	
MSGLIST.TXT	174	ui			Traditional 3rd person LH	Traditional 3rd person LH	传统第三人称（左手）	
MSGLIST.TXT	175	ui			3rd person with strafe LH	3rd person with strafe LH	第三人称平移操作（左手）	
MSGLIST.TXT	176	ui			1st person LH	1st person LH	第一人称（左手）	
MSGLIST.TXT	177	ui			Can't read the gamepad.  Make sure a gamepad is plugged in and try again.	ゲームパッドを認識できません。\nゲームパッドを接続してください。	无法识别游戏手柄。\n请连接游戏手柄。	
MSGLIST.TXT	178	ui			Your gamepad hasn't been properly calibrated.  Please calibrate your gamepad.	ゲームパッドが正しくキャリブレーションされていません。\nゲームパッドのキャリブレーションを行ってください。	游戏手柄未正确校准。\n请校准游戏手柄。	
MSGLIST.TXT	179	ui			Unable to load saved game.	セーブゲームがロードできません。	无法载入存档。	
MSGLIST.TXT	180	ui			%s\nLoad failed.	%s\nロードが失敗しました。	%s\n载入失败。	
MSGLIST.TXT	181	ui			%s\nSave failed.	%s\nセーブが失敗しました。	%s\n保存失败。	
MSGLIST.TXT	182	ui			There's a problem with the disc you're using.  It is damaged or dirty.	ゲームディスクに問題が発生しました。\nゲームディスクが破損しているか汚れている可能性があります。	游戏光盘发生问题。\n游戏光盘可能已损坏或沾有污渍。	
MSGLIST.TXT	183	ui			Please wait while BloodRayne game data is copied to your Xbox hard disk.  This is only necessary the first time you play BloodRayne.	Please wait while BloodRayne game data is copied to your Xbox hard disk.  This is only necessary the first time you play BloodRayne.	正在将《吸血莱恩》的游戏数据复制到Xbox硬盘，请稍候。\n只有第一次运行《吸血莱恩》时需要执行此操作。	
MSGLIST.TXT	184	ui			Feeding not only restores Rayne's health, it also eliminates an enemy, and you can rotate the victim to block bullets.	Feeding not only restores Rayne's health, it also eliminates an enemy, and you can rotate the victim to block bullets.	吸血不仅能恢复莱恩的生命值，还能解决一名敌人。\n吸血时可以转动目标，用他的身体抵挡子弹。	
MSGLIST.TXT	185	ui			Use Dilated perception when encountering large numbers of enemies. This gives you ample time to plan each attack.	Use Dilated perception when encountering large numbers of enemies. This gives you ample time to plan each attack.	面对大量敌人时，请使用延缓模式。这样你会有充足时间规划每一次攻击。	
MSGLIST.TXT	186	ui			Strafe back and forth while fighting. Enemies have difficulty aiming at a moving target.	Strafe back and forth while fighting. Enemies have difficulty aiming at a moving target.	战斗时不断左右移动。敌人很难瞄准移动中的目标。	
MSGLIST.TXT	187	ui			If Rayne is hurt and outnumbered, don稚 be afraid to retreat.	If Rayne is hurt and outnumbered, don稚 be afraid to retreat.	当莱恩受伤并且寡不敌众时，不要害怕撤退。	
MSGLIST.TXT	188	ui			Use the harpoon with care. It leaves Rayne exposed and does not work on powerful characters.	Use the harpoon with care. It leaves Rayne exposed and does not work on powerful characters.	谨慎使用鱼叉。使用时莱恩容易暴露，而且鱼叉对强大的角色无效。	
MSGLIST.TXT	189	ui			When there are no doors to open, look for cracks in the walls. 	When there are no doors to open, look for cracks in the walls. 	没有门可以打开时，检查墙壁上有没有裂缝。	
MSGLIST.TXT	190	ui			Some vehicles have heavy mounted weapons that you can take with you.	Some vehicles have heavy mounted weapons that you can take with you.	部分载具装有重型固定武器，莱恩可以将其取走使用。	
MSGLIST.TXT	191	ui			Use Aura Vision and your compass if you ever get lost.	Use Aura Vision and your compass if you ever get lost.	迷路时，请使用灵光视野和指南针。	
MSGLIST.TXT	192	ui			If Rayne runs out of guns, return to dead bodies for weapons she may have left behind.	If Rayne runs out of guns, return to dead bodies for weapons she may have left behind.	莱恩没有枪时，可以回到尸体附近，寻找之前丢下的武器。	
MSGLIST.TXT	193	ui			If Rayne is at full health and a soldier is running away, you might want to let him go. You never know when Rayne might need a light snack later.	If Rayne is at full health and a soldier is running away, you might want to let him go. You never know when Rayne might need a light snack later.	如果莱恩生命值已满，而一名士兵正在逃跑，可以考虑放他一马。\n说不定之后莱恩会需要一份小点心。	
MSGLIST.TXT	194	ui			If Rayne is in an elevated position with a good view of her enemies, she can use Extruded View to place her bullets accurately and pick off her opponents one at a time.	If Rayne is in an elevated position with a good view of her enemies, she can use Extruded View to place her bullets accurately and pick off her opponents one at a time.	当莱恩处于高处并能清楚看到敌人时，可以使用狙击视野精确瞄准，逐个消灭目标。	
MSGLIST.TXT	195	ui			Rayne has many foes. Sometimes her enemies are more interested in fighting each other than fighting Rayne. Let conflicting sides weaken each other before jumping into the fray.	Rayne has many foes. Sometimes her enemies are more interested in fighting each other than fighting Rayne. Let conflicting sides weaken each other before jumping into the fray.	莱恩有很多敌人。\n有时他们更愿意互相厮杀，而不是攻击莱恩。\n先让敌对双方彼此削弱，再加入战斗。	
MSGLIST.TXT	196	ui			Rayne not only runs fast; she also jumps high. She can quickly get out of trouble if she needs to. Remember to think about leaping up, not just running away.	Rayne not only runs fast; she also jumps high. She can quickly get out of trouble if she needs to. Remember to think about leaping up, not just running away.	莱恩不仅跑得快，也跳得很高。\n需要时，她可以迅速脱离险境。别只想着逃跑，也要考虑向高处跳。	
MSGLIST.TXT	197	ui			Deep water rapidly damages Rayne. Stay high and dry as often as possible. Don稚 run through it if you can jump over it.	Deep water rapidly damages Rayne. Stay high and dry as often as possible. Don稚 run through it if you can jump over it.	深水会迅速伤害莱恩，尽量待在高处和干燥区域。\n能跳过去时，就不要直接从水里跑过。	
MSGLIST.TXT	198	ui			When Rayne fights soldiers, the rebound kick (double-tap the Jump button) will often disarm them. Rayne can snatch his gun out of the air before it hits the ground.	When Rayne fights soldiers, the rebound kick (double-tap the Jump button) will often disarm them. Rayne can snatch his gun out of the air before it hits the ground.	莱恩与士兵战斗时，反弹踢（连续按两次跳跃键）通常能打掉他们的武器。\n枪落地前，莱恩可以在空中将其接住。	
MSGLIST.TXT	199	ui			%d%% complete.	%d%% complete.	完成度：%d%%	
MSGLIST.TXT	200	ui			Checking saved games and unlocking levels...	セレクト可能なステージをチェック中...\n	正在检查可选择的关卡……\n	
MSGLIST.TXT	201	ui			Cheat already unlocked	このチートはすでに使用可能です	此作弊功能已经可以使用	
MSGLIST.TXT	202	ui			Cheat unlocked!	チートが使用可能になりました	作弊功能已解锁	
MSGLIST.TXT	203	ui			Try again later	やり直してください	请重试	
MSGLIST.TXT	204	ui			Game unlocked!	ゲームが選択可能になりました	游戏已解锁	
MSGLIST.TXT	205	ui			Have a nice day!	Have a nice day!	祝你今天愉快！	
MSGLIST.TXT	206	ui			Secret Louisiana level unlocked	ルイジアナのシークレットステージがプレイ可能になりました	路易斯安那秘密关卡已解锁	
MSGLIST.TXT	207	ui			Level select enabled	ステージセレクトが有効になりました	关卡选择已启用	
MSGLIST.TXT	208	ui			Cheat Invalid	チートコードが間違っています	作弊码错误	
MSGLIST.TXT	209	ui			Start	スタート	开始	
MSGLIST.TXT	210	ui			New	ニューゲーム	新游戏	
MSGLIST.TXT	211	ui			Load	ロード	载入	
MSGLIST.TXT	212	ui			Options	オプション	选项	
MSGLIST.TXT	213	ui			Quit	終了	退出	
MSGLIST.TXT	214	ui			New Game	ニューゲーム	新游戏	
MSGLIST.TXT	215	ui			Argentina 1 - Nazi Sub Bay	アルゼンチン 1 - ナチス潜水艦基地	阿根廷1——纳粹U型潜艇基地	
MSGLIST.TXT	216	ui			Prelude	序章	序章	
MSGLIST.TXT	217	ui			Training	トレーニング	训练	
MSGLIST.TXT	218	ui			Act 1 - Louisiana	第1章 ルイジアナ	第一章：路易斯安那	
MSGLIST.TXT	219	ui			Act 2 - Argentina	第2章 アルゼンチン	第二章：阿根廷	
MSGLIST.TXT	220	ui			Act 3 - Germany	第3章 ドイツ	第三章：德国	
MSGLIST.TXT	221	ui			Choose difficulty level	難易度を選択してください	请选择难度	
MSGLIST.TXT	222	ui			Easy	イージー	简单	
MSGLIST.TXT	223	ui			Normal	ノーマル	普通	
MSGLIST.TXT	224	ui			Hard	ハード	困难	
MSGLIST.TXT	225	ui			Control scheme	Control scheme	操作方案	
MSGLIST.TXT	226	ui			Next, select a 1st- or 3rd-person control scheme.	Next, select a 1st- or 3rd-person control scheme.	接下来，请选择第一人称或第三人称操作方案。	
MSGLIST.TXT	227	ui			'1st person' control provides the most control.  It requires the use of both the left and right analog sticks.	'1st person' control provides the most control.  It requires the use of both the left and right analog sticks.	“第一人称”操作控制更加精确，但需要同时使用左右两个模拟摇杆。	
MSGLIST.TXT	228	ui			'3rd person' control is easier for many players.  It uses a single stick to turn and run forward/backward.	'3rd person' control is easier for many players.  It uses a single stick to turn and run forward/backward.	“第三人称”操作对大多数玩家更加简单，只需使用一个摇杆转向及前后移动。	
MSGLIST.TXT	229	ui			Choose control scheme	Choose control scheme	选择操作方案	
MSGLIST.TXT	230	ui			Control style	Control style	操作风格	
MSGLIST.TXT	231	ui			Look up/down style	視線の上下移動	视线上下移动	
MSGLIST.TXT	232	ui			Aviation	反転	反转	
MSGLIST.TXT	233	ui			Start Game	ゲーム開始	开始游戏	
MSGLIST.TXT	234	ui			Load Game - Select Memory Card	Load Game - Select Memory Card	载入游戏——选择记忆卡	
MSGLIST.TXT	235	ui			Save Game - Select Memory Card	Save Game - Select Memory Card	保存游戏——选择记忆卡	
MSGLIST.TXT	236	ui			Load Game - Select memory card (for PS2).	Load Game - Select memory card (for PS2).	载入游戏——选择记忆卡（PS2）	
MSGLIST.TXT	237	ui			Save Game - Select memory card (for PS2).	Save Game - Select memory card (for PS2).	保存游戏——选择记忆卡（PS2）	
MSGLIST.TXT	238	ui			Load Game - Select Storage Device	Load Game - Select Storage Device	载入游戏——选择存储设备	
MSGLIST.TXT	239	ui			Save Game - Select Storage Device	Save Game - Select Storage Device	保存游戏——选择存储设备	
MSGLIST.TXT	240	ui			(Unformatted)	(Unformatted)	（未格式化）	
MSGLIST.TXT	241	ui			 free	 空き	 空闲	
MSGLIST.TXT	242	ui			Please insert a Memory card (for PS2)\ninto Memory Card slot 1	Please insert a Memory card (for PS2)\ninto Memory Card slot 1	请将记忆卡（PS2）插入\n记忆卡插槽1	
MSGLIST.TXT	243	ui			Please insert a memory unit	Please insert a memory unit	请插入记忆单元	
MSGLIST.TXT	244	ui			Load Game - Select Save Game	ロードゲーム - セーブゲームの選択	载入游戏——选择存档	
MSGLIST.TXT	245	ui			Save Game - Select Save Game	セーブゲーム - セーブゲームの選択	保存游戏——选择存档	
MSGLIST.TXT	246	ui			Checking memory unit...	Checking memory unit...	正在检查记忆单元……	
MSGLIST.TXT	247	ui			Checking memory card (for PS2)...	Checking memory card (for PS2)...	正在检查记忆卡（PS2）……	
MSGLIST.TXT	248	ui			Checking memory card...	Checking memory card.	正在检查记忆卡……	
MSGLIST.TXT	249	ui			No save games found	セーブゲームがありません。	没有存档。	
MSGLIST.TXT	250	ui			(New save game)	(新規セーブ)	（新建存档）	
MSGLIST.TXT	251	ui			Game saved.	ゲームをセーブしました。	游戏已保存。	
MSGLIST.TXT	252	ui			OK	OK	确定	
MSGLIST.TXT	253	ui			Resume game	ゲーム再開	继续游戏	
MSGLIST.TXT	254	ui			Back to pause menu	ポーズメニューに戻る	返回暂停菜单	
MSGLIST.TXT	255	ui			The memory card (for PS2) is unformatted.	The memory card (for PS2) is unformatted.	记忆卡（PS2）尚未格式化。	
MSGLIST.TXT	256	ui			Select a different memory card (for PS2).\n\n	Select a different memory card(PS2).\n\n	请选择另一张记忆卡（PS2）。\n\n	
MSGLIST.TXT	257	ui			Format memory card (for PS2) \nin MEMORY CARD slot %d.	Format memory card (for PS2) \nin MEMORY CARD slot %d.	格式化记忆卡（PS2）\n记忆卡插槽：%d	
MSGLIST.TXT	258	ui			Memory unit not formatted	Memory unit not formatted	记忆单元尚未格式化	
MSGLIST.TXT	259	ui			Quit game and go to Xbox Dashboard	Quit game and go to Xbox Dashboard	退出游戏并前往Xbox控制面板	
MSGLIST.TXT	260	ui			Select a different memory unit	Select a different memory unit	选择其他记忆单元	
MSGLIST.TXT	261	ui			Memory card not formatted	Memory card not formatted	记忆卡尚未格式化	
MSGLIST.TXT	262	ui			Format memory card	Format memory card	格式化记忆卡	
MSGLIST.TXT	263	ui			Select a different memory card	Select a different memory card	选择其他记忆卡	
MSGLIST.TXT	264	ui			Save Game?	セーブしますか？	要保存游戏吗？	
MSGLIST.TXT	265	ui			Quick save	クイックセーブ	快速保存	
MSGLIST.TXT	266	ui			Save game	セーブ	保存	
MSGLIST.TXT	267	ui			Don't save game	ゲームをセーブしない	不保存游戏	
MSGLIST.TXT	268	ui			Controller Disconnected!	コントローラが抜かれました。	控制器已断开连接。	
MSGLIST.TXT	269	ui			\nPlease reconnect the controller\nand press START to continue.	\nコントローラを接続しなおして\nSTARTボタンを押してください。	\n请重新连接控制器，\n然后按START键。	
MSGLIST.TXT	270	ui			\nPlease insert a Controller\nand press START to continue.	\nコントローラを接続して\nSTARTボタンを押してください。	\n请连接控制器，\n然后按START键。	
MSGLIST.TXT	271	ui			Continue	続ける	继续	
MSGLIST.TXT	272	ui			Control options	コントローラ オプション	控制器选项	
MSGLIST.TXT	273	ui			\nPlease insert a controller\nand press START to continue.	\nコントローラを接続して\nSTARTボタンを押してください。	\n请连接控制器，\n然后按START键。	
MSGLIST.TXT	274	ui			Pause	ポーズ	暂停	
MSGLIST.TXT	275	ui			Skip scene	シーンをスキップ	跳过场景	
MSGLIST.TXT	276	ui			Resume	ゲーム再開	继续游戏	
MSGLIST.TXT	277	ui			Map of Mortton	モートンの地図	莫顿地图	
MSGLIST.TXT	278	ui			Target List	暗殺リスト	暗杀名单	
MSGLIST.TXT	279	ui			Restart level	ステージをやり直す	重新开始关卡	
MSGLIST.TXT	280	ui			Save	セーブ	保存	
MSGLIST.TXT	281	ui			Cheats	チート	作弊	
MSGLIST.TXT	282	ui			Quit game and load another game?	進行中のゲームを終了し\n別のゲームをロードしますか？	是否结束当前游戏，\n并载入其他游戏？	
MSGLIST.TXT	283	ui			Yes	はい	是	
MSGLIST.TXT	284	ui			No	いいえ	否	
MSGLIST.TXT	285	ui			Overwrite save game?	上書きしますか？	要覆盖吗？	
MSGLIST.TXT	286	ui			Quit game?	ゲームを終了しますか？	要退出游戏吗？	
MSGLIST.TXT	287	ui			Restart level?	ステージを最初からやり直しますか？	要从头重新开始本关吗？	
MSGLIST.TXT	288	ui			Game Over	ゲームオーバー	游戏结束	
MSGLIST.TXT	289	ui			Control Options	コントローラ オプション	控制器选项	
MSGLIST.TXT	290	ui			Effects Volume	効果音 ボリューム	音效音量	
MSGLIST.TXT	291	ui			Music Volume	音楽 ボリューム	音乐音量	
MSGLIST.TXT	292	ui			Sound Options	サウンド オプション	声音选项	
MSGLIST.TXT	293	ui			Brightness	画面の明るさ	画面亮度	
MSGLIST.TXT	294	ui			Enter Cheat	コードを入力	输入代码	
MSGLIST.TXT	295	ui			Help	ヘルプ	帮助	
MSGLIST.TXT	296	ui			Controller	コントローラ	控制器	
MSGLIST.TXT	297	ui			Attacking	攻撃	攻击	
MSGLIST.TXT	298	ui			Feeding	吸血	吸血	
MSGLIST.TXT	299	ui			HUD	HUD	HUD	
MSGLIST.TXT	300	ui			Aura Sense	オーラセンス	灵光感知	
MSGLIST.TXT	301	ui			Dilated Perception	ディレイトモード	延缓模式	
MSGLIST.TXT	302	ui			Extruded View	スナイパービュー	狙击视野	
MSGLIST.TXT	303	ui			Objectives	任務	任务	
MSGLIST.TXT	304	ui			Controls	操作	操作	
MSGLIST.TXT	305	ui			Keyboard/mouse	キーボード/マウス	键盘／鼠标	
MSGLIST.TXT	306	ui			Gamepad	ゲームパッド	游戏手柄	
MSGLIST.TXT	307	ui			Customize keys	キーの設定	按键设置	
MSGLIST.TXT	308	ui			Mouse X sensitivity	マウスX方向の感度	鼠标X轴灵敏度	
MSGLIST.TXT	309	ui			Mouse Y sensitivity	マウスY方向の感度	鼠标Y轴灵敏度	
MSGLIST.TXT	310	ui			Rumble Feature	振動機能	振动功能	
MSGLIST.TXT	311	ui			Off	オフ	关	
MSGLIST.TXT	312	ui			On	オン	开	
MSGLIST.TXT	313	ui			Vibration	振動	振动	
MSGLIST.TXT	314	ui			Customize gamepad controls	ゲームパッドのボタン設定	游戏手柄按钮设置	
MSGLIST.TXT	315	ui			Calibrate gamepad	ゲームパッドのキャリブレーション	游戏手柄校准	
MSGLIST.TXT	316	ui			Look up/down speed	視線の上下移動速度	视线上下移动速度	
MSGLIST.TXT	317	ui			Turn left/right speed	視線の左右移動速度	视线左右移动速度	
MSGLIST.TXT	318	ui			Always Run	常に走る	始终奔跑	
MSGLIST.TXT	319	ui			Look up/down autocenter	視線を自動で中央に戻す	自动将视线回正	
MSGLIST.TXT	320	ui			Restore default controls	初期設定に戻す	恢复默认设置	
MSGLIST.TXT	321	ui			No sound devices.	サウンドデバイスがみつかりません。	未找到声音设备。	
MSGLIST.TXT	322	ui			Mute	消音	静音	
MSGLIST.TXT	323	ui			Select Device	デバイスの選択	选择设备	
MSGLIST.TXT	324	ui			Quality (Bits)	音質 (ビット数)	音质（位数）	
MSGLIST.TXT	325	ui			8-bit	8ビット	8位	
MSGLIST.TXT	326	ui			16-bit	16ビット	16位	
MSGLIST.TXT	327	ui			Quality (Hz)	音質 (周波数)	音质（采样率）	
MSGLIST.TXT	328	ui			22 Khz	22 Khz	22 kHz	
MSGLIST.TXT	329	ui			44 Khz	44 Khz	44 kHz	
MSGLIST.TXT	330	ui			Acceleration	アクセラレーション	硬件加速	
MSGLIST.TXT	331	ui			2D	2D	2D	
MSGLIST.TXT	332	ui			3D	3D	3D	
MSGLIST.TXT	333	ui			Display Options	ディスプレイ オプション	显示选项	
MSGLIST.TXT	334	ui			Customize Keys	キーの設定	按键设置	
MSGLIST.TXT	335	ui			Customize Gamepad	ゲームパッドのボタン設定	游戏手柄按钮设置	
MSGLIST.TXT	336	ui			Move forward/back	前進/後退	前进／后退	
MSGLIST.TXT	337	ui			Strafe left/right	左移動/右移動	向左／向右移动	
MSGLIST.TXT	338	ui			Turn left/right	左転進/右転進	向左／向右转	
MSGLIST.TXT	339	ui			Look up/down	視線の上下	视线上下移动	
MSGLIST.TXT	340	ui			Customize Gamepad Button	ゲームパッドのボタン設定	游戏手柄按钮设置	
MSGLIST.TXT	341	ui			Customize Gamepad Axis	ゲームパッドの軸を設定	设置游戏手柄轴	
MSGLIST.TXT	342	ui			Gamepad calibration: Step 1	ゲームパッドのキャリブレーション: ステップ 1	游戏手柄校准：步骤1	
MSGLIST.TXT	343	ui			Move all gamepad axes in all directions, then press ENTER.	ゲームパッドの方向キーまたはスティックを全ての方向に入力して\nENTERキーを押してください。	将游戏手柄的方向键或摇杆推向所有方向，\n然后按ENTER键。	
MSGLIST.TXT	344	ui			Gamepad calibration: Step 2	ゲームパッドのキャリブレーション: ステップ 2	游戏手柄校准：步骤2	
MSGLIST.TXT	345	ui			Center gamepad on all axes, then press ENTER	ゲームパッドの方向キーまたはスティックを中心位置に合わせて\nENTERキーを押してください。	将游戏手柄的方向键或摇杆恢复到中央位置，\n然后按ENTER键。	
MSGLIST.TXT	346	ui			Select sound device	サウンドデバイスの選択	选择声音设备	
MSGLIST.TXT	347	ui			Warning	警告	警告	
MSGLIST.TXT	348	ui			Save Game	セーブゲーム	保存游戏	
MSGLIST.TXT	349	ui			Your game will be saved at the start of the current level.  Continue with save?	現在進行中のステージの始まりから\nゲームを開始することができます\nセーブしますか?	可以从当前关卡的起点\n重新开始游戏。\n要保存吗？	
MSGLIST.TXT	350	ui			Don't save	セーブしない	不保存	
MSGLIST.TXT	351	ui			Message	メッセージ	消息	
MSGLIST.TXT	352	ui			Try again	やり直す	重试	
MSGLIST.TXT	353	ui			Back	戻る	返回	
MSGLIST.TXT	354	ui			God mode	ゴッドモード	无敌模式	
MSGLIST.TXT	355	ui			Time factor	タイムファクター	时间倍率	
MSGLIST.TXT	356	ui			Enemies	敵の移動	敌人移动	
MSGLIST.TXT	357	ui			Thawed	自由	自由	
MSGLIST.TXT	358	ui			Frozen	拘束	定身	
MSGLIST.TXT	359	ui			Restore health	体力回復	恢复生命值	
MSGLIST.TXT	360	ui			Fill bloodlust	ブラッドラスト回復	恢复杀戮欲望	
MSGLIST.TXT	361	ui			Show weapons on body	携行する武器を表示	显示携带武器	
MSGLIST.TXT	362	ui			Juggy mode	ジャギーモード	Juggy模式	
MSGLIST.TXT	363	ui			Gratuitous dismemberment	リッパーモード	肢解模式	
MSGLIST.TXT	364	ui			Enter Cheat Code	チートコードを入力してください	请输入作弊码	
MSGLIST.TXT	365	ui			Your Xbox has %s free.  You need at least 9 blocks free to save games.	Your Xbox has %s free.  You need at least 9 blocks free to save games.	您的Xbox有%s可用空间。保存游戏至少需要9个区块。	
MSGLIST.TXT	366	ui			Launch Xbox Dashboard to free blocks	Launch Xbox Dashboard to free blocks	启动Xbox控制面板以释放区块	
MSGLIST.TXT	367	ui			You have reached the maximum number of saved games.	You have reached the maximum number of saved games.	存档数量已达到上限。	
MSGLIST.TXT	368	ui			Unable to save to the hard disk.	Unable to save to the hard disk.	无法保存到硬盘。	
MSGLIST.TXT	369	ui			Start game without saving	Start game without saving	不保存并开始游戏	
MSGLIST.TXT	370	ui			Are you sure?	よろしいですか?	确定吗？	
MSGLIST.TXT	371	ui			Launch Xbox Dashboard without saving	Launch Xbox Dashboard without saving	不保存并启动Xbox控制面板	
MSGLIST.TXT	372	ui			Warning!	Warning!	警告！	
MSGLIST.TXT	373	ui			You will not be able to save your game	You will not be able to save your game	您将无法保存游戏	
MSGLIST.TXT	374	ui			Retry	リトライ	重试	
MSGLIST.TXT	375	ui			Continue without loading	Continue without loading	不载入并继续	
MSGLIST.TXT	376	ui			Continue without saving	Continue without saving	不保存并继续	
MSGLIST.TXT	377	ui			Format	Format	格式化	
MSGLIST.TXT	378	ui			Delete	削除	删除	
MSGLIST.TXT	379	ui			Warning!\nSome Actions have been left unmapped.	警告!\nキーかボタンを割り当てられていないアクションが残っています。	警告！\n仍有操作未分配按键或按钮。	
MSGLIST.TXT	380	ui			%s\nFormat failed.	%s\nFormat failed.	%s\n格式化失败。	
MSGLIST.TXT	381	ui			Push a new key for 	の操作を割り当てるキーを押してください。	请按下要分配给该操作的按键。	
MSGLIST.TXT	382	ui			Push gamepad button for 	の操作を割り当てる\nゲームパッドのボタンを押してください。	请按下要分配给该操作的\n游戏手柄按钮。	
MSGLIST.TXT	383	ui			Push gamepad axis for 	の操作を割り当てる\nゲームパッドのスティックを倒してください。	请推动要分配给该操作的\n游戏手柄摇杆。	
MSGLIST.TXT	384	ui			Move forward	前進	前进	
MSGLIST.TXT	385	ui			Strafe right	右移動	向右移动	
MSGLIST.TXT	386	ui			Look up	視線の上移動	视线上移	
MSGLIST.TXT	387	ui			Turn right	右転進	向右转	
MSGLIST.TXT	388	ui			All nests destroyed	全てのバイオマスを駆除した	已清除所有生物组织块	
MSGLIST.TXT	389	ui			1 nest remaining	残存するバイオマスは1	剩余生物组织块：1	
MSGLIST.TXT	390	ui			%d nests remaining	残存するバイオマスは%d	剩余生物组织块：%d	
MSGLIST.TXT	391	ui			Ghetto.	少数民族居住区	贫民区	
MSGLIST.TXT	392	ui			Town Hall.	タウンホール	市政厅	
MSGLIST.TXT	393	ui			The Hill.	丘	山丘	
MSGLIST.TXT	394	ui			The Beauregard House.	ボールガードハウス	博勒加德宅邸	
MSGLIST.TXT	395	ui			Colonial Power.	発電所	发电厂	
MSGLIST.TXT	396	ui			Target eliminated	ターゲット抹殺	消灭目标	
MSGLIST.TXT	397	ui			A memory card (for PS2) is not\ninserted. At least %d KB is needed\nto save your game data.	A memory card (for PS2) is not\ninserted. At least %d KB is needed\nto save your game data.	未插入记忆卡（PS2）。\n保存游戏数据\n至少需要%d KB空间。	
MSGLIST.TXT	398	ui			There is insufficient space on\nthe memory card (for PS2).\nAt least %d KB is needed\nto save your game data.	There is insufficient space on\nthe memory card (for PS2).\nAt least %d KB is needed\nto save your game data.	记忆卡（PS2）的\n可用空间不足。\n保存游戏数据\n至少需要%d KB空间。	
MSGLIST.TXT	399	ui			@@okButtonName@@ Continue	@@okButtonName@@ 続ける	@@okButtonName@@ 继续	
MSGLIST.TXT	400	ui			Formatting the Memory Card will erase\nall previously saved data.\n\nDo you wish to proceed with formatting?	Formatting the Memory Card will erase\nall previously saved data.\n\nDo you wish to proceed with formatting?	格式化记忆卡将删除\n此前保存的所有数据。\n\n是否继续格式化？	
MSGLIST.TXT	401	ui			@@okButtonName@@ Insert   @@cancelButtonName@@ Back   @@startButtonName@@ Accept	@@okButtonName@@ 入力   @@cancelButtonName@@ 戻る   @@startButtonName@@ 適用	@@okButtonName@@ 确认   @@cancelButtonName@@ 返回   @@startButtonName@@ 应用	
MSGLIST.TXT	402	ui			@@okButtonName@@ Accept   @@cancelButtonName@@ Cancel   @@startButtonName@@ Accept & Resume	@@okButtonName@@ 適用   @@cancelButtonName@@ キャンセル   @@startButtonName@@ 適用 & 再開	@@okButtonName@@ 应用   @@cancelButtonName@@ 取消   @@startButtonName@@ 应用并继续	
MSGLIST.TXT	403	ui			@@okButtonName@@ Accept    @@cancelButtonName@@ Cancel	@@okButtonName@@ 適用    @@cancelButtonName@@ キャンセル	@@okButtonName@@ 应用    @@cancelButtonName@@ 取消	
MSGLIST.TXT	404	ui			@@okButtonName@@ Select	@@okButtonName@@ 選択	@@okButtonName@@ 选择	
MSGLIST.TXT	405	ui			@@okButtonName@@ Continue    @@cancelButtonName@@ Back	@@okButtonName@@ 続ける    @@cancelButtonName@@ 戻る	@@okButtonName@@ 继续    @@cancelButtonName@@ 返回	
MSGLIST.TXT	406	ui			@@okButtonName@@ Select    @@cancelButtonName@@ Back    @@startButtonName@@ Resume	@@okButtonName@@ 選択    @@cancelButtonName@@ 戻る    @@startButtonName@@ 再開	@@okButtonName@@ 选择    @@cancelButtonName@@ 返回    @@startButtonName@@ 继续	
MSGLIST.TXT	407	ui			@@okButtonName@@ OK	@@okButtonName@@ OK	@@okButtonName@@ 确定	
MSGLIST.TXT	408	ui			@@okButtonName@@ Select    @@cancelButtonName@@ Back	@@okButtonName@@ 選択    @@cancelButtonName@@ 戻る	@@okButtonName@@ 选择    @@cancelButtonName@@ 返回	
MSGLIST.TXT	409	ui			Loading common package	Loading common package	正在载入通用资源包	
MSGLIST.TXT	410	ui			Loading mission package	Loading mission package	正在载入任务资源包	
MSGLIST.TXT	411	ui			Setting up actors	Setting up actors	正在设置角色	
MSGLIST.TXT	412	ui			Loading script	Loading script	正在载入脚本	
MSGLIST.TXT	413	ui			Lightest Guns	副装備	副武器	
MSGLIST.TXT	414	ui			Heaviest Guns	主装備	主武器	
MSGLIST.TXT	415	ui			Grenades	手榴弾	手榴弹	
MSGLIST.TXT	416	ui			Special	特殊	特殊武器	
MSGLIST.TXT	417	ui			Weapon Mode: 	武装選択: 	选择武器：	
MSGLIST.TXT	418	ui			ESC	ESC	ESC	
MSGLIST.TXT	419	ui			Select	選択	选择	
MSGLIST.TXT	420	ui			Analog	アナログ	模拟摇杆	
MSGLIST.TXT	421	ui			Mouse	マウス	鼠标	
MSGLIST.TXT	422	ui			Loading set geometry	Loading set geometry	正在载入场景几何数据	
MSGLIST.TXT	423	ui			File not found	ファイルがみつかりません	找不到文件	
MSGLIST.TXT	424	ui			Unable to open file '%s'	ファイル'%s'が開けません。	无法打开文件“%s”。	
MSGLIST.TXT	425	ui			I/O Error accessing file, or file is corrupt	I/O Error accessing file, or file is corrupt	访问文件时发生I/O错误，或文件已损坏	
MSGLIST.TXT	426	ui			File is corrupt	ファイルが壊れています。	文件已损坏。	
MSGLIST.TXT	427	ui			Out of memory	メモリが足りません	内存不足	
MSGLIST.TXT	428	ui			Too many PODs already mounted	マウント済のPODファイルが多すぎます	已挂载的POD文件过多	
MSGLIST.TXT	429	ui			Memory Unit %d%c	Memory Unit %d%c	记忆单元 %d%c	
MSGLIST.TXT	430	ui			 (full)	 (full)	（已满）	
MSGLIST.TXT	431	ui			Hard disk	Hard disk	硬盘	
MSGLIST.TXT	432	ui			50,000+ blocks	50,000+ blocks	50,000+区块	
MSGLIST.TXT	433	ui			%d,%03d blocks	%d,%03d blocks	%d,%03d个区块	
MSGLIST.TXT	434	ui			%d blocks	%d blocks	%d个区块	
MSGLIST.TXT	435	ui			Loading	ロード中	正在载入	
MSGLIST.TXT	436	ui			Saving	セーブ中	正在保存	
MSGLIST.TXT	437	ui			The Xbox memory unit %s was removed during use.	The Xbox memory unit %s was removed during use.	Xbox记忆单元%s在使用过程中被移除。	
MSGLIST.TXT	438	ui			Hard disk error.	ハードディスクエラー	硬盘错误	
MSGLIST.TXT	439	ui			Memory unit changed.	Memory unit changed.	记忆单元已更换。	
MSGLIST.TXT	440	ui			Not enough free blocks on hard disk.	Not enough free blocks on hard disk.	硬盘可用区块不足。	
MSGLIST.TXT	441	ui			Not enough free blocks on memory unit.	Not enough free blocks on memory unit.	记忆单元可用区块不足。	
MSGLIST.TXT	442	ui			Too many save games on hard disk.	Too many save games on hard disk.	硬盘上的存档数量过多。	
MSGLIST.TXT	443	ui			Too many saved games on memory unit.	Too many saved games on memory unit.	记忆单元上的存档数量过多。	
MSGLIST.TXT	444	ui			Invalid memory unit.	Invalid memory unit.	无效的记忆单元。	
MSGLIST.TXT	445	ui			Memory unit not formatted.	Memory unit not formatted.	记忆单元尚未格式化。	
MSGLIST.TXT	446	ui			Memory unit not ready.	Memory unit not ready.	记忆单元尚未就绪。	
MSGLIST.TXT	447	ui			Unable to load.	ロード失敗	载入失败	
MSGLIST.TXT	448	ui			Unknown error	不明なエラー	未知错误	
MSGLIST.TXT	449	ui			None	None	无	
MSGLIST.TXT	450	ui			MEMORY CARD slot 1	MEMORY CARD slot 1	记忆卡插槽1	
MSGLIST.TXT	451	ui			MEMORY CARD slot 2	MEMORY CARD slot 2	记忆卡插槽2	
MSGLIST.TXT	452	ui			%d KB	%d KB	%d KB	
MSGLIST.TXT	453	ui			Loading data from %s.  Please don't remove the memory card (for PS2), reset or switch off the console.	Loading data from %s.  Please don't remove the memory card (for PS2), reset or switch off the console.	正在从%s载入数据。请勿移除记忆卡（PS2）、重置主机或关闭主机电源。	
MSGLIST.TXT	454	ui			Saving data to %s.  Please don't remove the memory card (for PS2), reset or switch off the console.	Saving data to %s.  Please don't remove the memory card (for PS2), reset or switch off the console.	正在向%s保存数据。请勿移除记忆卡（PS2）、重置主机或关闭主机电源。	
MSGLIST.TXT	455	ui			Formatting memoy card (for PS2) in %s.  Please don't remove the memory card (for PS2), reset or switch off the console.	Formatting memoy card (for PS2) in %s.  Please don't remove the memory card (for PS2), reset or switch off the console.	正在%s中格式化记忆卡（PS2）。请勿移除记忆卡（PS2）、重置主机或关闭主机电源。	
MSGLIST.TXT	456	ui			The memory card (for PS2)\nwas removed.	The memory card (for PS2)\nwas removed.	记忆卡（PS2）\n已被移除。	
MSGLIST.TXT	457	ui			There is insufficient space.\nAt least %d KB is needed\nto save this game data.	There is insufficient space.\nAt least %d KB is needed\nto save this game data.	可用空间不足。\n保存此游戏数据\n至少需要%d KB空间。	
MSGLIST.TXT	458	ui			The inserted device is not \na valid memory card (for PS2).	The inserted device is not \na valid memory card (for PS2).	插入的设备不是\n有效的记忆卡（PS2）。	
MSGLIST.TXT	459	ui			The memory card (for PS2)\nis unformatted.	The memory card (for PS2)\nis unformatted.	记忆卡（PS2）\n尚未格式化。	
MSGLIST.TXT	460	ui			The memory card (for PS2)\nis not ready.	The memory card (for PS2)\nis not ready.	记忆卡（PS2）\n尚未就绪。	
MSGLIST.TXT	461	ui			Unable to load!	ロードに失敗しました。	载入失败。	
MSGLIST.TXT	462	ui			Memory Card Slot A	Memory Card Slot A	记忆卡插槽A	
MSGLIST.TXT	463	ui			Memory Card Slot B	Memory Card Slot B	记忆卡插槽B	
MSGLIST.TXT	464	ui			Loading.\nDO NOT TOUCH the Memory Card.\nDo not turn off the power to the console.	Loading.\nDO NOT TOUCH the Memory Card.\nDo not turn off the power to the console.	正在载入。\n请勿触碰记忆卡。\n请勿关闭主机电源。	
MSGLIST.TXT	465	ui			Saving.\nDO NOT TOUCH the Memory Card.\nDo not turn off the power to the console.	Saving.\nDO NOT TOUCH the Memory Card.\nDo not turn off the power to the console.	正在保存。\n请勿触碰记忆卡。\n请勿关闭主机电源。	
MSGLIST.TXT	466	ui			Formatting.\nDO NOT TOUCH the Memory Card.\nDo not turn off the power to the console.	Formatting.\nDO NOT TOUCH the Memory Card.\nDo not turn off the power to the console.	正在格式化。\n请勿触碰记忆卡。\n请勿关闭主机电源。	
MSGLIST.TXT	467	ui			Deleting.\nDO NOT TOUCH the Memory Card.\nDo not turn off the power to the console.	Deleting.\nDO NOT TOUCH the Memory Card.\nDo not turn off the power to the console.	正在删除。\n请勿触碰记忆卡。\n请勿关闭主机电源。	
MSGLIST.TXT	468	ui			No Memory Card found in Slot	No Memory Card found in Slot	插槽中未找到记忆卡	
MSGLIST.TXT	469	ui			\n\nYou MUST have a Memory Card\nin Slot A to save your progress.	\n\nYou MUST have a Memory Card\nin Slot A to save your progress.	\n\n必须在插槽A中插入记忆卡，\n才能保存游戏进度。	
MSGLIST.TXT	470	ui			blocks	blocks	个区块	
MSGLIST.TXT	471	ui			block	block	个区块	
MSGLIST.TXT	472	ui			There is not enough free space or the number\nof files will exceed the limit	There is not enough free space or the number\nof files will exceed the limit	可用空间不足，或文件数量\n将超过上限	
MSGLIST.TXT	473	ui			on the Memory\nCard in Slot	on the Memory\nCard in Slot	插槽中的记忆\n卡	
MSGLIST.TXT	474	ui			.\n\nIn order to save this game, 1 free file and	.\n\nIn order to save this game, 1 free file and	。\n\n保存此游戏需要1个空闲文件和	
MSGLIST.TXT	475	ui			free	free	空闲	
MSGLIST.TXT	476	ui			are required.  Once you start the\ngame, you won't be able to save.	are required.  Once you start the\ngame, you won't be able to save.	空间。游戏开始后，\n您将无法保存。	
MSGLIST.TXT	477	ui			There is insufficient space on the Memory\nCard in Slot	There is insufficient space on the Memory\nCard in Slot	插槽中的记忆\n卡空间不足	
MSGLIST.TXT	478	ui			to save new files.	to save new files.	，无法保存新文件。	
MSGLIST.TXT	479	ui			Requires: 1 file and	Requires: 1 file and	需要：1个文件和	
MSGLIST.TXT	480	ui			to save.	to save.	空间才能保存。	
MSGLIST.TXT	481	ui			\nExisting files may be loaded and overwritten.	\nExisting files may be loaded and overwritten.	\n可以载入并覆盖现有文件。	
MSGLIST.TXT	482	ui			\n\nTo manage the contents of\nyour Memory Card, use\nthe Memory Card Screen.	\n\nTo manage the contents of\nyour Memory Card, use\nthe Memory Card Screen.	\n\n如需管理\n记忆卡内容，请使用\n记忆卡管理画面。	
MSGLIST.TXT	483	ui			Something other than a Memory Card is\ninserted in Slot	Something other than a Memory Card is\ninserted in Slot	插槽中插入的设备\n不是记忆卡	
MSGLIST.TXT	484	ui			Replace with a Memory Card.	Replace with a Memory Card.	请更换为记忆卡。	
MSGLIST.TXT	485	ui			The device in Slot	The device in Slot	插槽中的设备	
MSGLIST.TXT	486	ui			is not supported.	is not supported.	不受支持。	
MSGLIST.TXT	487	ui			The Memory Card in Slot	The Memory Card in Slot	插槽中的记忆卡	
MSGLIST.TXT	488	ui			is formatted for another market.\nTo save a	is formatted for another market.\nTo save a	是为其他地区格式化的。\n如需保存	
MSGLIST.TXT	489	ui			file,\nyou will need to format the Memory Card.	file,\nyou will need to format the Memory Card.	文件，\n必须格式化记忆卡。	
MSGLIST.TXT	490	ui			is corrupted\nand needs to be formatted.	is corrupted\nand needs to be formatted.	已损坏，\n需要格式化。	
MSGLIST.TXT	491	ui			The Memory Card (or device) in Slot	The Memory Card (or device) in Slot	插槽中的记忆卡或设备	
MSGLIST.TXT	492	ui			\nis damaged and cannot be used.	\nis damaged and cannot be used.	\n已损坏，无法使用。	
MSGLIST.TXT	493	ui			is damaged\nand cannot be used.	is damaged\nand cannot be used.	已损坏，\n无法使用。	
MSGLIST.TXT	494	ui			is not compatible with the	is not compatible with the	与以下内容不兼容：	
MSGLIST.TXT	495	ui			save file.	save file.	存档文件。	
MSGLIST.TXT	496	ui			The	The	记忆卡上的	
MSGLIST.TXT	497	ui			file on the Memory Card\nin Slot	file on the Memory Card\nin Slot	文件位于\n插槽	
MSGLIST.TXT	498	ui			is corrupt.\n\nThis file needs to be deleted.	is corrupt.\n\nThis file needs to be deleted.	中，但已损坏。\n\n必须删除此文件。	
MSGLIST.TXT	499	ui			No MEMORY CARD found in either Slot A (or B).	No MEMORY CARD found in either Slot A (or B).	插槽A和插槽B中均未找到记忆卡。	
MSGLIST.TXT	500	ui			You will not be able to save your game or progress.	You will not be able to save your game or progress.	您将无法保存游戏或进度。	
MSGLIST.TXT	501	ui			requires 1 free file and 3 free blocks	requires 1 free file and 3 free blocks	每个存档需要1个空闲文件和3个空闲区块	
MSGLIST.TXT	502	ui			for each saved game.	for each saved game.	。	
MSGLIST.TXT	503	ui			The MEMORY CARD in Slot	The MEMORY CARD in Slot	插槽中的记忆卡	
MSGLIST.TXT	504	ui			is incompatible	is incompatible	不兼容	
MSGLIST.TXT	505	ui			with the	with the	对象：	
MSGLIST.TXT	506	ui			You will not be able to save your profile or progress.	You will not be able to save your profile or progress.	您将无法保存个人资料或游戏进度。	
MSGLIST.TXT	507	ui			is formatted	is formatted	已格式化	
MSGLIST.TXT	508	ui			for another market and needs to be formatted.	for another market and needs to be formatted.	用于其他地区，需要重新格式化。	
MSGLIST.TXT	509	ui			Replace with a MEMORY CARD.	Replace with a MEMORY CARD.	请更换为记忆卡。	
MSGLIST.TXT	510	ui			is corrupt	is corrupt	已损坏	
MSGLIST.TXT	511	ui			and needs to be formatted.	and needs to be formatted.	，需要格式化。	
MSGLIST.TXT	512	ui			is damaged	is damaged	已损坏	
MSGLIST.TXT	513	ui			and can not be used.	and can not be used.	，无法使用。	
MSGLIST.TXT	514	ui			Warning there is not enough free space on the	Warning there is not enough free space on the	警告：以下设备的可用空间不足：	
MSGLIST.TXT	515	ui			MEMORY CARD in either Slot A (or B).	MEMORY CARD in either Slot A (or B).	插槽A或插槽B中的记忆卡。	
MSGLIST.TXT	516	ui			requires 1 free file and	requires 1 free file and	每个存档需要1个空闲文件和	
MSGLIST.TXT	517	ui			free blocks for each saved game.	free blocks for each saved game.	个空闲区块。	
MSGLIST.TXT	518	ui			Existing games may be loaded and overwritten.	Existing games may be loaded and overwritten.	可以载入并覆盖现有存档。	
MSGLIST.TXT	519	ui			To manage the contents of your MEMORY CARD,	To manage the contents of your MEMORY CARD,	如需管理记忆卡内容，	
MSGLIST.TXT	520	ui			use the MEMORY CARD screen.	use the MEMORY CARD screen.	请使用记忆卡管理画面。	
MSGLIST.TXT	521	ui			Warning there is not enough free space on	Warning there is not enough free space on	警告：以下设备的可用空间不足：	
MSGLIST.TXT	522	ui			the MEMORY CARD in Slot	the MEMORY CARD in Slot	插槽中的记忆卡	
MSGLIST.TXT	523	ui			Not enough free disk space.	Not enough free disk space.	磁盘可用空间不足。	
MSGLIST.TXT	524	ui			Error reading hard disk.	Error reading hard disk.	读取硬盘时发生错误。	
MSGLIST.TXT	525	ui			No files found	ファイルがみつかりません	找不到文件	
MSGLIST.TXT	526	ui			Directory: 	フォルダ: 	文件夹：	
MSGLIST.TXT	527	ui			Filename: 	ファイル名: 	文件名：	
MSGLIST.TXT	528	ui			Cancel	キャンセル	取消	
MSGLIST.TXT	529	ui			Canceled	キャンセルしました	已取消	
MSGLIST.TXT	530	ui			Invalid login response	Invalid login response	登录响应无效	
MSGLIST.TXT	531	ui			Invalid key response	Invalid key response	密钥响应无效	
MSGLIST.TXT	532	ui			Press @@weaponModeForwardButtonName@@ to pick up the %s	@@weaponModeForwardButtonName@@を押せば\n%sを入手可能	按@@weaponModeForwardButtonName@@\n即可取得%s	
MSGLIST.TXT	533	ui			Oberinspekteur			
MSGLIST.TXT	534	ui			Leutnant			
MSGLIST.TXT	535	ui			Standortfuhrer			
MSGLIST.TXT	536	ui			Korvettenkapitan			
MSGLIST.TXT	537	ui			Major.			
MSGLIST.TXT	538	ui			Korvettenoberstleutnant			
MSGLIST.TXT	539	ui			Oberst			
MSGLIST.TXT	540	ui			General Major			
MSGLIST.TXT	541	ui			Generalstabsinformationen			
MSGLIST.TXT	542	ui			Infanterie-Kommandeur			
MSGLIST.TXT	543	ui			Totenkopfverbandefuhrer			
MSGLIST.TXT	544	ui			Oberpriester			
MSGLIST.TXT	545	ui			Gegengrupenfuhrer			
MSGLIST.TXT	546	ui			Oberinspekteur			
MSGLIST.TXT	547	ui			Hauptstumfuhrer			
MSGLIST.TXT	548	ui			Assistenzinfanterie			
MSGLIST.TXT	549	ui			Leutnant			
MSGLIST.TXT	550	ui			Luftwaffe-Oberleutnant			
MSGLIST.TXT	551	ui			Oberleutnant			
MSGLIST.TXT	552	ui			Hauptmann			
MSGLIST.TXT	553	ui			Obersturmbannfuhrer			
MSGLIST.TXT	554	ui			Oberstleutnant			
MSGLIST.TXT	555	ui			Generaloberst			
MSGLIST.TXT	556	ui			General Major			
MSGLIST.TXT	557	ui			Generalleutnant			
MSGLIST.TXT	558	ui			Generalstabsuberpanzer			
MSGLIST.TXT	559	ui			Wehrmachtbefelshaber			
MSGLIST.TXT	560	ui			Oberscharfuhrer			
MSGLIST.TXT	561	ui			Gegengrupenfuhrer			
MSGLIST.TXT	562	ui			Emden U-Boat Station	3-1 エムデンUボ－ト基地	3-1 埃姆登U型潜艇基地	
MSGLIST.TXT	563	ui			The Barracks	2-5 兵舎	2-5 兵营	
MSGLIST.TXT	564	ui			Thule Chapel	2-4 トゥーレの礼拝堂	2-4 图勒礼拜堂	
MSGLIST.TXT	565	ui			Dante's Inferno	2-17 インフェルノ	2-17 炼狱	
MSGLIST.TXT	566	ui			Communication Breakdown	2-3 通信施設	2-3 通信设施	
MSGLIST.TXT	567	ui			Infiltration and Execution	2-1 格納庫	2-1 机库	
MSGLIST.TXT	568	ui			The Dock	2-2 ドック	2-2 船坞	
MSGLIST.TXT	569	ui			Walls of Jericho	2-18 エリコの壁	2-18 耶利哥之墙	
MSGLIST.TXT	570	ui			Death's Quarters	2-7 地下兵舎	2-7 地下兵营	
MSGLIST.TXT	571	ui			The Laboratory	2-9 研究施設	2-9 研究设施	
MSGLIST.TXT	572	ui			The Mill Mile	2-10 ミル・マイル	2-10 磨坊大道	
MSGLIST.TXT	573	ui			Lurking Underground	2-6 地下施設	2-6 地下设施	
MSGLIST.TXT	574	ui			Hell Hall	2-8 ヘル・ホ－ル	2-8 地狱大厅	
MSGLIST.TXT	575	ui			The Butcheress	死神ドクタ－	死神博士	
MSGLIST.TXT	576	ui			Deep	2-11 北採掘場	2-11 北部采掘场	
MSGLIST.TXT	577	ui			Deeper	2-12 南採掘場	2-12 南部采掘场	
MSGLIST.TXT	578	ui			The Temple	2-13 テンプル	2-13 神庙	
MSGLIST.TXT	579	ui			Temple Guardians	2-15 テンプル・ガ－ディアン	2-15 神庙守卫	
MSGLIST.TXT	580	ui			Final Ascent	(SECRET)ファイナルアセティック	（秘密）最终攀升	
MSGLIST.TXT	581	ui			Temple Internal	2-14 テンプル中心	2-14 神庙中心	
MSGLIST.TXT	582	ui			Daemite Chamber	2-16 デアマイツチャンバ－	2-16 魔蛭密室	
MSGLIST.TXT	583	ui			Red Summit	3-2 ガウスタッド城	3-2 高施塔特城堡	
MSGLIST.TXT	584	ui			Old Gaustadt	3-3 ガウスタッド城内部	3-3 高施塔特城堡内部	
MSGLIST.TXT	585	ui			Unholy Mecha	3-4 大聖堂	3-4 大教堂	
MSGLIST.TXT	586	ui			Courtyard	3-7 中庭	3-7 庭院	
MSGLIST.TXT	587	ui			Nightfall	3-6 城砦	3-6 城塞	
MSGLIST.TXT	588	ui			Teachers and Traitors	3-5 再会	3-5 再会	
MSGLIST.TXT	589	ui			The Windmill	3-8 風車小屋	3-8 风车	
MSGLIST.TXT	590	ui			Of Wulfs and Demons	3-11 ベリアル復活	3-11 贝利亚复活	
MSGLIST.TXT	591	ui			The Bridge	3-9 ブリッジ	3-9 大桥	
MSGLIST.TXT	592	ui			Doppelganger	3-10 ドッペルゲンガー	3-10 镜像双子	
MSGLIST.TXT	593	ui			The Beauregard House	1-5 ボールガードハウス	1-5 博勒加德宅邸	
MSGLIST.TXT	594	ui			The Ship Graveyard	グレイブヤード	墓地	
MSGLIST.TXT	595	ui			Sanctuary	1-1 教会	1-1 教堂	
MSGLIST.TXT	596	ui			Town Hall	1-4 タウンホ－ル	1-4 市政厅	
MSGLIST.TXT	597	ui			Ghetto	1-3 少数民族居住区	1-3 贫民区	
MSGLIST.TXT	598	ui			City of the Dead	1-2 死者の街	1-2 死者之城	
MSGLIST.TXT	599	ui			The Hill	(SECRET)丘	（秘密）山丘	
MSGLIST.TXT	600	ui			Old Town	1-7 オ－ルドタウン	1-7 旧城区	
MSGLIST.TXT	601	ui			Colonial Power	1-6 発電所	1-6 发电厂	
MSGLIST.TXT	602	ui			Queen of the Underworld	1-8 奈落の母	1-8 冥界之母	
MSGLIST.TXT	603	ui			Initiation	トレーニング	训练	
MSGLIST.TXT	604	ui			Default control settings restored.	初期設定値に戻されました	已恢复默认设置	
MSGLIST.TXT	605	ui			Walk	歩く	步行	
MSGLIST.TXT	606	ui			Run	走る	奔跑	
MSGLIST.TXT	607	ui			It was a great game, wasn't it.	ターミナルベロシティを知ってますか？	你知道什么是终端速度吗？	
MSGLIST.TXT	608	ui			Great idea, want to fund it?	いい考えだね。投資する気はあるか？	好主意，你想投资吗？	
MSGLIST.TXT	609	ui			Great idea, want to fund it?	いい考えだね。投資する気はあるか？	好主意，你想投资吗？	
MSGLIST.TXT	610	ui			Not in your lifetime.	お前の人生にはありえないことだ。	这种事不可能出现在你的人生里。	
MSGLIST.TXT	611	ui			Not in your lifetime.	お前の人生にはありえないことだ。	这种事不可能出现在你的人生里。	
MSGLIST.TXT	612	ui			Doubtful.	嘘をつくなよ。	别撒谎。	
MSGLIST.TXT	613	ui			Doubtful.	嘘をつくなよ。	别撒谎。	
MSGLIST.TXT	614	ui			High in fat.	食べすぎは太るぞ。	吃太多会发胖。	
MSGLIST.TXT	615	ui			You could catch a disease smart guy!	きっといい男と出会えるだろう。ただし病人の...。	你肯定会遇到一个好男人，不过他可能是个病号……	
MSGLIST.TXT	616	ui			Get therapy then.	お前はセラピーを受けた方がいいな。	我看你该去接受心理治疗。	
MSGLIST.TXT	617	ui			Yeah, sure. And I am a refrigerator.	ならば、私は冷蔵庫だ。	那我就是一台冰箱。	
MSGLIST.TXT	618	ui			Sure you are. Wake up from the dream kid.	夢から目を覚ましてください。	请从梦里醒过来。	
MSGLIST.TXT	619	ui			Sure you are. Wake up from the dream kid.	夢から目を覚ましてください。	请从梦里醒过来。	
MSGLIST.TXT	620	ui			Why thank you. Please buy our other products.	それはどうも。他の製品も買ってくださいね。	多谢惠顾，也请购买我们的其他产品。	
MSGLIST.TXT	621	ui			Why thank you. Please buy our other products.	それはどうも。他の製品も買ってくださいね。	多谢惠顾，也请购买我们的其他产品。	
MSGLIST.TXT	622	ui			Perhaps for you .	たぶんそうなるね。	大概会吧。	
MSGLIST.TXT	623	ui			Sorry, Rayne is keeping her clothes on	残念！レインの服は脱げません。	很遗憾！莱恩的衣服脱不掉。	
MSGLIST.TXT	624	ui			Sorry, Rayne is keeping her clothes on	残念！レインの服は脱げません。	很遗憾！莱恩的衣服脱不掉。	
MSGLIST.TXT	625	ui			Tell me, where is the show? Take me along.	それはどこで見れるのですか？秘密で私だけ連れてってください。	那要去哪里才能看到？偷偷只带我一个人去吧。	
MSGLIST.TXT	626	ui			Too much information.	そんな話は聞きたくないね。	我不想听这种话。	
MSGLIST.TXT	627	ui			It is a free world, but how strange.	チートコードが間違っています	作弊码错误	
MSGLIST.TXT	628	ui			Sorry to hear that. You got fired?	それはお気の毒に。会社をクビになりましたか？	真可怜，你被公司开除了吗？	
MSGLIST.TXT	629	ui			Sorry to hear that. You got fired?	それはお気の毒に。会社をクビになりましたか？	真可怜，你被公司开除了吗？	
MSGLIST.TXT	630	ui			Gross	チートコードが間違っています。	作弊码错误。	
MSGLIST.TXT	631	ui			Good for you. I eat electricity.	私は電気を食べている。	我靠电力为生。	
MSGLIST.TXT	632	ui			Love the show	この野郎、チートコードが間違ってるぞ！	混账，你输错作弊码了！	
MSGLIST.TXT	633	ui			Love the show	この野郎、チートコードが間違ってるぞ！	混账，你输错作弊码了！	
MSGLIST.TXT	634	ui			Drink a beer and pull out a trampoline. It's going to get good.	え、マンセー？チートコード間違ってるよ。	什么，万岁？作弊码输错了。	
MSGLIST.TXT	635	ui			Have you ever danced with the devil in the pale moon light	月明かりで悪魔と踊った経験は？	你有过在月光下与恶魔共舞的经历吗？	
MSGLIST.TXT	636	ui			Baked beans are off!	チートコードが間違っています。	作弊码错误。	
MSGLIST.TXT	637	ui			Such sweet forbidden fruit	チートコードが間違っています。	作弊码错误。	
MSGLIST.TXT	638	ui			Can't wait till November!?	11月まで待てない！？なんでまた。	等不到十一月了？！为什么？	
MSGLIST.TXT	639	ui			Admitting it is the first step to recovery.	チートコードが間違っています。	作弊码错误。	
MSGLIST.TXT	640	ui			Get a room.	チートコードが間違っています。	作弊码错误。	
MSGLIST.TXT	641	ui			You are go for launch.	昼食に行ってきたら？	要不要先去吃个午饭？	
MSGLIST.TXT	642	ui			Do your part to save the world, before it's too late.	手遅れになる前に環境保護をはじめてください。	趁还来得及，开始保护环境吧。	
MSGLIST.TXT	643	ui			Don't quit your day job.	毎日の仕事を怠ってはいけません。	别荒废每天的工作。	
MSGLIST.TXT	644	ui			John 3:16	チートコードが間違っている。	作弊码错误。	
MSGLIST.TXT	645	ui			Not with that lame code you don't!	そんなコードでチートが使えるようになるとでも思ってんのか？	你真以为输入这种代码就能开启作弊？	
MSGLIST.TXT	646	ui			Wow, that's alot of typing effort just to drop an F-bomb!	チートコードが間違っています。	作弊码错误。	
MSGLIST.TXT	647	ui			How the hell do I know?	チートコードが間違っています。	作弊码错误。	
MSGLIST.TXT	648	ui			What else would you do with them?	チートコードが間違っています。	作弊码错误。	
MSGLIST.TXT	649	ui			You need help.	お前は治療が必要だな。	我看你需要接受治疗。	
MSGLIST.TXT	650	ui			I think that's against the law...	それは合法ですか？	那合法吗？	
MSGLIST.TXT	651	ui			Is that possible?	そんなことができるのでしょうか？	真的能做到那种事吗？	
MSGLIST.TXT	652	ui			I didn't need to know that.	私はそんなこと知る必要ない。	我没必要知道那种事。	
MSGLIST.TXT	653	ui			Maybe in BloodRayne 2.	それはブラッドレイン2で期待してください。	请期待《吸血莱恩2》。	
MSGLIST.TXT	654	ui			God mode not-activated	ゴッドモードが使用可能になりませんでした。	无法启用无敌模式。	
MSGLIST.TXT	655	ui			The one about the banana and the Easter Bunny?	チートコードが間違っています	作弊码错误	
MSGLIST.TXT	656	ui			That's why I play games	だから、私はゲームを楽しんでいる。	所以我才在玩游戏。	
MSGLIST.TXT	657	ui			Crazy is as crazy does	クレイジーな奴は、やることもクレイジーだね。	疯子做的事果然也很疯狂。	
MSGLIST.TXT	658	ui			Correct	そーですねー。	是啊——。	
MSGLIST.TXT	659	ui			Yeah, silent but deadly are the best	チートコードが間違っています。	作弊码错误。	
MSGLIST.TXT	660	ui			You little pervert!	お前はヘンタイのようだね。	你看起来像个变态。	
MSGLIST.TXT	661	ui			That's a little ironic don't you think?	それは皮肉ですか？	你是在讽刺我吗？	
MSGLIST.TXT	662	ui			You must be into beastiality, huh?	チートコードが間違っています。	作弊码错误。	
MSGLIST.TXT	663	ui			Got a roach problem? Cheat codes won't help.	生活に何か問題でも？チートコードは助けになりませんよ。	生活遇到什么问题了吗？作弊码可帮不了你。	
MSGLIST.TXT	664	ui			He is out right now, can I take a message?	神は外出中です。伝言があれば伝えます。	上帝出门了，有话我可以替你转告。	
MSGLIST.TXT	665	ui			Why yes. Yes you can.	その通り。お前は死ぬ。	没错，你要死了。	
MSGLIST.TXT	666	ui			Do you really watch that show?	それを見たことあんの？	你见过那东西吗？	
MSGLIST.TXT	667	ui			No, but you can kiss my ass.	お断り。でも私の尻を蹴るかい？	免谈。不过你想踢我的屁股吗？	
MSGLIST.TXT	668	ui			No, it isn't.	それは違います。	不对。	
MSGLIST.TXT	669	ui			Is this part of your 'To Do' list?	それはお前のスケジュール帳にあることかい？	那件事写在你的日程本里吗？	
MSGLIST.TXT	670	ui			Oops wrong cheat. No weapons here.	それは間違ったチートだよ。ここには武器はない。	作弊码错了，这里没有武器。	
MSGLIST.TXT	671	ui			Good thing I can't see!	いいねぇ。でも、残念ながら見えません！	不错。不过很遗憾，你看不到！	
MSGLIST.TXT	672	ui			HA!!! Should I laugh some more?	ハハハ、そうなんだ。お笑いだね！	哈哈哈，是吗？真好笑！	
MSGLIST.TXT	673	ui			Who are you? Heidi Fleiss?	お前は一体誰だ？	你到底是谁？	
MSGLIST.TXT	674	ui			You're a disturbed little monkey.	お前は、ノイローゼなチビ猿だ。	你就是一只神经质的小猴子。	
MSGLIST.TXT	675	ui			Try harder	お前、テキトーだな。	你也太随便了。	
MSGLIST.TXT	676	ui			No, really try harder	お前、テキトーだな。少しはマトモなコードを入力しろ。	你也太随便了，至少输入一个像样点的代码。	
MSGLIST.TXT	677	ui			Like Trinity!	トリニティがいいね。	我喜欢崔妮蒂。	
MSGLIST.TXT	678	ui			Ain't my bitches, punk!	この野郎、チートコードが間違ってるぞ！	混账，你输错作弊码了！	
MSGLIST.TXT	679	ui			It won't come out!	チートコードが間違っています。	作弊码错误。	
MSGLIST.TXT	680	ui			Wayne loves Abby	ウェインはアビーのことが好き。	韦恩喜欢艾比。	
MSGLIST.TXT	681	ui			Too much Monty Python!	チートコードが間違っています	作弊码错误	
MSGLIST.TXT	682	ui			Poser.	チートコードが間違っています。	作弊码错误。	
MSGLIST.TXT	683	ui			Go play it!	遊んでみてくれ！	试着玩玩吧！	
MSGLIST.TXT	684	ui			Yah, that's god mode. Really. Trust me.	そうだ、お前は不死身になった。信じてみて。	没错，你已经不死了，坚信吧。	
MSGLIST.TXT	685	ui			What, you don't like lopping limbs off?	チートコードが間違っています。	作弊码错误。	
MSGLIST.TXT	686	ui			Try the streets.	チートコードが間違っています。	作弊码错误。	
MSGLIST.TXT	687	ui			Give Uncle Scrotor a hug!	チートコードが間違っています。	作弊码错误。	
MSGLIST.TXT	688	ui			Makes the monkey happy!	チートコードが間違っています。	作弊码错误。	
MSGLIST.TXT	689	ui			Affirmative, Sir!	チートコードが間違っています。	作弊码错误。	
MSGLIST.TXT	690	ui			I love the taste of Methane in the morning.	チートコードが間違っています。	作弊码错误。	
MSGLIST.TXT	691	ui			Spamhunters, we are a dying breed.	チートコードが間違っています。	作弊码错误。	
MSGLIST.TXT	692	ui			Ewww, put that thing away!	チートコードが間違っています。	作弊码错误。	
MSGLIST.TXT	693	ui			It'd be a whole lot cooler if you did.	チートコードが間違っています。	作弊码错误。	
MSGLIST.TXT	694	ui			No, thanks.  Talk to Bill.	嬉しくないね。	一点也不高兴。	
MSGLIST.TXT	695	ui			Even if you lost her, no one would miss her.	チートコードが間違っています。	作弊码错误。	
MSGLIST.TXT	696	ui			Cragle Dag in the Ish Nish Bag!	チートコードが間違っています。	作弊码错误。	
MSGLIST.TXT	697	ui			DARE didn't work.	チートコードが間違っています。	作弊码错误。	
MSGLIST.TXT	698	ui			Perhaps you need oral attention	チートコードが間違っています。	作弊码错误。	
MSGLIST.TXT	699	ui			Eat me, have YOU ever made a game?	そりゃ大変。お前、ゲーム作ったことあんの？	那可真糟，你做过游戏吗？	
MSGLIST.TXT	700	ui			It's a great way to meet women	女性と知り合うには最高だ。ただし外国での話。	这是认识女性的好办法，只不过得在国外。	
MSGLIST.TXT	701	ui			Nice try, not a cheat	それもいいね。でも、間違ったチートコードだ。	这也不错，不过作弊码还是错的。	
MSGLIST.TXT	702	ui			Bonjour!	ボンジュール！	你好！	
MSGLIST.TXT	703	ui			Kyle will thank you.	チートコードが間違っています。	作弊码错误。	
MSGLIST.TXT	704	ui			You must be Canadian, eh?	この野郎いい加減にしろよ。	混账，差不多该适可而止了。	
MSGLIST.TXT	705	ui			If she dealt it, you smelt it. 	チートコードが間違っています。	作弊码错误。	
MSGLIST.TXT	706	ui			Its 'preach' dumbass.	チートコードが間違っています。	作弊码错误。	
MSGLIST.TXT	707	ui			Why can't we all get along?	チートコードが間違っています。	作弊码错误。	
MSGLIST.TXT	708	ui			And I'll show you mine!	チートコードが間違っています。	作弊码错误。	
MSGLIST.TXT	709	ui			We have job openings.	そして、仕事が始まる。	接下来，工作开始了。	
MSGLIST.TXT	710	ui			It really takes the edge off.	チートコードが間違っています。	作弊码错误。	
MSGLIST.TXT	711	ui			Get him to tell you the cheat codes.	チートコードが間違っています。	作弊码错误。	
MSGLIST.TXT	712	ui			is German for 'the Fart the'	チートコードが間違っています。	作弊码错误。	
MSGLIST.TXT	713	ui			Cover your nuts!	チートコードが間違っています。	作弊码错误。	
MSGLIST.TXT	714	ui			much better than you can.	チートコードが間違っています。	作弊码错误。	
MSGLIST.TXT	715	ui			It just lies there, looking yellow.	チートコードが間違っています	作弊码错误	
MSGLIST.TXT	716	ui			Quack, quack, GRRRRR, quack.	ガーガー、ガーガー。	嘎嘎，嘎嘎。	
MSGLIST.TXT	717	ui			Try again when you are 21.	大人になるまで、これはお預けだ。	等你成年以后再说。	
MSGLIST.TXT	718	ui			Smell my console.	お前のパソコン、何だか臭うぞ。	你的电脑怎么有股怪味？	
MSGLIST.TXT	719	ui			COME ON!  You aren't even trying.	苦し紛れにコードを入力しても無駄なこと。	走投无路时随便乱输代码也没用。	
MSGLIST.TXT	720	ui			Go find a leech.	そんなに血を吸われたいなら蛭でも飼えば。	这么想被吸血，就养只水蛭吧。	
MSGLIST.TXT	721	ui			Lie down and keep your hands on your head	お前、両腕を頭の後ろに組んで跪け。	双手抱在脑后，跪下。	
MSGLIST.TXT	722	ui			You're a dork.	お前は馬鹿だな。	你真是个蠢货。	
MSGLIST.TXT	723	ui			Yeah, we think so, too!	私もそう思うぞ！	我也这么觉得！	
MSGLIST.TXT	724	ui			You have no taste.	お前に味あわせるものは無いな。	没什么东西能让你尝了。	
MSGLIST.TXT	725	ui			We loved that game!	そのゲームはいいゲームだった。	那游戏以前挺不错。	
MSGLIST.TXT	726	ui			Shut up, punk!	黙れ、パンク野郎！	闭嘴，朋克混账！	
MSGLIST.TXT	727	ui			Hey, thanks!	サンクス！	谢了！	
MSGLIST.TXT	728	ui			Don't insult your employer!	馬鹿にすんなよ！	别小看我！	
MSGLIST.TXT	729	ui			I guess that's why you work for them.	なんのために働くのか？	你到底为什么工作？	
MSGLIST.TXT	730	ui			What's wrong with you?	お前、アタマ大丈夫か？	你的脑子没问题吧？	
MSGLIST.TXT	731	ui			Yeah!	お前、今いいこと言った！	你刚才这话说得不错！	
MSGLIST.TXT	732	ui			BAKA	馬鹿は、お前だ。	蠢的是你。	
MSGLIST.TXT	733	ui			AHO	お前がアホだ。	傻的是你。	
MSGLIST.TXT	734	ui			MANUKE	この野郎、ちゃんと仕事しろ。	混账，给我认真工作。	
MSGLIST.TXT	735	ui			GOD	神様、この野郎をお救いたまえ。	上帝啊，救救这个混账吧。	
MSGLIST.TXT	736	ui			MUTEKI	残念！これでは無敵にはならないね。	很遗憾！这样可不会让你无敌。	
MSGLIST.TXT	737	ui			URAWAZA	いろいろなチートがあるから探してみて。	作弊码还有很多，自己找找吧。	
MSGLIST.TXT	+	ui-exe			Language\tEnglish		语言\t英语	exe UI lookup supplement
MSGLIST.TXT	+	ui-exe			Language\tJapanese		语言\t简体中文	exe UI lookup supplement
MSGLIST.TXT	+	ui-exe			Language\tRussian		语言\t俄语	exe UI lookup supplement
MSGLIST.TXT	+	ui-exe			Water reflections\tSimple (Slower)		水面反射\t简单（较慢）	exe UI lookup supplement
MSGLIST.TXT	+	ui-exe			Water reflections\tComplex (Slowest)		水面反射\t复杂（最慢）	exe UI lookup supplement
MSGLIST.TXT	+	ui-exe			Water reflections\tCustom		水面反射\t自定义	exe UI lookup supplement
MSGLIST.TXT	+	ui-exe			Water reflections\tOff (Fastest)		水面反射\t关闭（最快）	exe UI lookup supplement
MSGLIST.TXT	+	ui-exe			Dynamic shadows\t%s		动态阴影\t%s	exe UI lookup supplement
MSGLIST.TXT	+	ui-exe			Bump mapping\t%s		凹凸贴图\t%s	exe UI lookup supplement
MSGLIST.TXT	+	ui-exe			Off (Faster)		关闭（较快）	exe UI lookup supplement
MSGLIST.TXT	+	ui-exe			On (Slower)		开启（较慢）	exe UI lookup supplement
MSGLIST.TXT	+	ui-exe			Texture detail\t%s		纹理细节\t%s	exe UI lookup supplement
MSGLIST.TXT	+	ui-exe			Normal (Faster)		普通（较快）	exe UI lookup supplement
MSGLIST.TXT	+	ui-exe			High (Slower)		高（较慢）	exe UI lookup supplement
MSGLIST.TXT	+	ui-exe			Antialiasing\t%s		抗锯齿\t%s	exe UI lookup supplement
MSGLIST.TXT	+	ui-exe			Monitor\t%d		显示器\t%d	exe UI lookup supplement
MSGLIST.TXT	+	ui-exe			Always Run		始终奔跑	exe UI lookup supplement
MSGLIST.TXT	+	ui-exe			Language		语言	exe UI lookup supplement
MSGLIST.TXT	+	ui-exe			English		英语	exe UI lookup supplement
MSGLIST.TXT	+	ui-exe			Japanese		简体中文	exe UI lookup supplement
MSGLIST.TXT	+	ui-exe			Russian		俄语	exe UI lookup supplement
MSGLIST.TXT	+	ui-exe			Italiano		意大利语	exe UI lookup supplement
MSGLIST.TXT	+	ui-exe			Walk		行走	exe UI lookup supplement
MSGLIST.TXT	+	ui-exe			Run		奔跑	exe UI lookup supplement
MSGLIST.TXT	+	ui-exe			(invalid key)		（无效按键）	exe UI lookup supplement
MSGLIST.TXT	+	ui-exe			BloodRayne(R) Setup Options		吸血莱恩(R) 设置选项	exe UI lookup supplement
MSGLIST.TXT	+	ui-exe			Default control settings restored.		已恢复默认操作设置	exe UI lookup supplement
MSGLIST.TXT	+	ui-exe			MWheel back		滚轮后滚	exe UI lookup supplement
MSGLIST.TXT	+	ui-exe			MWheel fwd		滚轮前滚	exe UI lookup supplement
MSGLIST.TXT	+	ui-exe			MouseB1		鼠标键 1	exe UI lookup supplement
MSGLIST.TXT	+	ui-exe			MouseB2		鼠标键 2	exe UI lookup supplement
MSGLIST.TXT	+	ui-exe			MouseB3		鼠标键 3	exe UI lookup supplement
MSGLIST.TXT	+	ui-exe			MouseB4		鼠标键 4	exe UI lookup supplement
MSGLIST.TXT	+	ui-exe			MouseB5		鼠标键 5	exe UI lookup supplement
